2025-12-12 12:49:41,270 - Knowledge - INFO - Created shared MongoDB connection pool
2025-12-12 12:49:41,270 - Knowledge - INFO - Starting Knowledge Graph processing with 20 threads
2025-12-12 12:49:41,270 - Knowledge - INFO - Initial configuration: chunk_size=65536, max_cache_size=500
2025-12-12 12:49:41,271 - Knowledge - INFO - Knowledge Graph concurrency configuration: workers=20, max_batch_size=25, max_concurrent_llm_calls=50
2025-12-12 12:49:42,557 - Knowledge - INFO - 🔍 _load_persisted_knowledge called - checking for Redis optimization
2025-12-12 12:49:42,557 - Knowledge - WARNING - ❌ load_from_redis method not found - Redis support not attached
2025-12-12 12:49:42,561 - Knowledge - INFO - load persisted knowledge: begin
2025-12-12 12:49:42,565 - Knowledge - INFO - Loaded 0 files from persisted knowledge
2025-12-12 12:49:42,566 - Knowledge - INFO - load persisted knowledge: end
2025-12-12 12:49:42,566 - Knowledge - WARNING - No persisted knowledge found. Files will be queued during start()
2025-12-12 12:49:42,579 - Knowledge - INFO - Redis support added with prefix knowledge:b6634e0:
2025-12-12 12:49:43,604 - Knowledge - INFO - Starting knowledge initialization for ID: Zf6KSm-b6634e0
2025-12-12 12:49:43,607 - Knowledge - INFO - 🔍 Checking Redis for build_id: b6634e0
2025-12-12 12:49:43,609 - Knowledge - INFO - 🔍 Full session ID: Zf6KSm-b6634e0
2025-12-12 12:49:43,611 - Knowledge - INFO - 🔍 Redis prefix will be: knowledge:b6634e0:
2025-12-12 12:49:43,611 - Knowledge - INFO - 🔍 Using attached load_from_redis() method
2025-12-12 12:49:43,612 - Knowledge - INFO - 🔍 Attempting to load knowledge from Redis...
2025-12-12 12:49:43,612 - Knowledge - INFO - 🔍 Using derived instance_id for Redis lookup: b6634e0
2025-12-12 12:49:43,619 - Knowledge - WARNING - ❌ No Redis cache found
2025-12-12 12:49:43,626 - Knowledge - INFO - 📁 Loading knowledge from disk...
2025-12-12 12:49:43,685 - Knowledge - INFO - load persisted docinfo: begin
2025-12-12 12:49:43,687 - Knowledge - INFO - load persisted docinfo: end
2025-12-12 12:49:43,687 - Knowledge - INFO - 🔍 _load_persisted_knowledge called - checking for Redis optimization
2025-12-12 12:49:43,688 - Knowledge - INFO - ✅ load_from_redis method found - attempting Redis load
2025-12-12 12:49:43,688 - Knowledge - INFO - 🔍 Attempting to load knowledge from Redis...
2025-12-12 12:49:43,688 - Knowledge - INFO - 🔍 Using derived instance_id for Redis lookup: b6634e0
2025-12-12 12:49:43,697 - Knowledge - WARNING - ❌ No Redis cache found
2025-12-12 12:49:43,697 - Knowledge - INFO - ❌ Redis load returned False - falling back to file loading
2025-12-12 12:49:43,697 - Knowledge - INFO - load persisted knowledge: begin
2025-12-12 12:49:43,699 - Knowledge - INFO - Loaded 0 files from persisted knowledge
2025-12-12 12:49:43,699 - Knowledge - INFO - load persisted knowledge: end
2025-12-12 12:49:43,700 - Knowledge - INFO - 📁 Disk load complete in 0.07s
2025-12-12 12:49:43,700 - Knowledge - INFO - Populating ingest queue with source files...
2025-12-12 12:49:44,102 - Knowledge - INFO - Added 611 files from /app/data/T0002/186205/b6634e0/SQLPage-186205 to ingest queue
2025-12-12 12:49:44,103 - Knowledge - INFO - [WEBSOCKET] Sent: Type=progress_update, Size: 160, Duration: 0ms
2025-12-12 12:49:44,104 - Knowledge - INFO - Worker kw1 created using shared MongoDB connection pool
2025-12-12 12:49:44,104 - Knowledge - INFO - knowledge worker kw1 start
2025-12-12 12:49:44,105 - Knowledge - INFO - Worker kw2 created using shared MongoDB connection pool
2025-12-12 12:49:44,105 - Knowledge - INFO - [kw1] Queue=611, InProgress=0, PendingWorkers=0/1, Completed=0/611 (0.0%)
2025-12-12 12:49:44,106 - Knowledge - INFO - Batch sizing: calculated=20, max_allowed=25, queue=611, active_workers=0/1
2025-12-12 12:49:44,107 - Knowledge - INFO - Worker kw1 processing /app/data/T0002/186205/b6634e0/SQLPage-186205/scripts/setup-cross-compilation.sh
2025-12-12 12:49:44,107 - Knowledge - INFO - Fast-tracked /app/data/T0002/186205/b6634e0/SQLPage-186205/scripts/setup-cross-compilation.sh (ext=.sh, size=1416)
2025-12-12 12:49:44,108 - Knowledge - INFO - knowledge worker kw2 start
2025-12-12 12:49:44,108 - Knowledge - INFO - Worker kw3 created using shared MongoDB connection pool
2025-12-12 12:49:44,108 - Knowledge - INFO - Worker kw1 processing /app/data/T0002/186205/b6634e0/SQLPage-186205/scripts/README.md
2025-12-12 12:49:44,109 - Knowledge - INFO - [kw2] Queue=591, InProgress=0, PendingWorkers=1/2, Completed=0/611 (0.0%)
2025-12-12 12:49:44,110 - Knowledge - INFO - knowledge worker kw3 start
2025-12-12 12:49:44,110 - Knowledge - INFO - Worker kw4 created using shared MongoDB connection pool
2025-12-12 12:49:44,111 - Knowledge - INFO - Batch sizing: calculated=20, max_allowed=25, queue=591, active_workers=1/3
2025-12-12 12:49:44,111 - Knowledge - INFO - Fast-tracked /app/data/T0002/186205/b6634e0/SQLPage-186205/scripts/README.md (ext=.md, size=969)
2025-12-12 12:49:44,112 - Knowledge - INFO - [kw3] Queue=591, InProgress=0, PendingWorkers=1/3, Completed=0/611 (0.0%)
2025-12-12 12:49:44,113 - Knowledge - INFO - knowledge worker kw4 start
2025-12-12 12:49:44,114 - Knowledge - INFO - Worker kw2 processing /app/data/T0002/186205/b6634e0/SQLPage-186205/src/webserver/single_or_vec.rs
2025-12-12 12:49:44,114 - Knowledge - INFO - Worker kw5 created using shared MongoDB connection pool
2025-12-12 12:49:44,116 - Knowledge - INFO - Worker kw2 processing /app/data/T0002/186205/b6634e0/SQLPage-186205/src/webserver/oidc.rs
2025-12-12 12:49:44,116 - Knowledge - INFO - Batch sizing: calculated=20, max_allowed=25, queue=591, active_workers=2/4
2025-12-12 12:49:44,117 - Knowledge - INFO - [kw4] Queue=571, InProgress=0, PendingWorkers=2/4, Completed=0/611 (0.0%)
2025-12-12 12:49:44,119 - Knowledge - INFO - knowledge worker kw5 start
2025-12-12 12:49:44,120 - Knowledge - INFO - Worker kw6 created using shared MongoDB connection pool
2025-12-12 12:49:44,120 - Knowledge - INFO - Worker kw2 processing /app/data/T0002/186205/b6634e0/SQLPage-186205/src/webserver/http_request_info.rs
2025-12-12 12:49:44,124 - Knowledge - INFO - Worker kw3 processing /app/data/T0002/186205/b6634e0/SQLPage-186205/src/webserver/database/execute_queries.rs
2025-12-12 12:49:44,125 - Knowledge - INFO - Batch sizing: calculated=20, max_allowed=25, queue=571, active_workers=3/5
2025-12-12 12:49:44,127 - Knowledge - INFO - Worker kw1 processing /app/data/T0002/186205/b6634e0/SQLPage-186205/scripts/build-dependencies.sh
2025-12-12 12:49:44,128 - Knowledge - INFO - knowledge worker kw6 start
2025-12-12 12:49:44,129 - Knowledge - INFO - Worker kw7 created using shared MongoDB connection pool
2025-12-12 12:49:44,129 - Knowledge - INFO - Worker kw2 processing /app/data/T0002/186205/b6634e0/SQLPage-186205/src/webserver/https.rs
2025-12-12 12:49:44,130 - Knowledge - INFO - Worker kw3 processing /app/data/T0002/186205/b6634e0/SQLPage-186205/src/webserver/database/sql.rs
2025-12-12 12:49:44,131 - Knowledge - INFO - Worker kw4 processing /app/data/T0002/186205/b6634e0/SQLPage-186205/sqlpage/sqlpage.js
2025-12-12 12:49:44,132 - Knowledge - INFO - Fast-tracked /app/data/T0002/186205/b6634e0/SQLPage-186205/scripts/build-dependencies.sh (ext=.sh, size=255)
2025-12-12 12:49:44,133 - Knowledge - INFO - knowledge worker kw7 start
2025-12-12 12:49:44,133 - Knowledge - INFO - Fast-tracked /app/data/T0002/186205/b6634e0/SQLPage-186205/src/webserver/https.rs (ext=.rs, size=1199)
2025-12-12 12:49:44,134 - Knowledge - INFO - Worker kw3 processing /app/data/T0002/186205/b6634e0/SQLPage-186205/src/webserver/database/blob_to_data_url.rs
2025-12-12 12:49:44,135 - Knowledge - INFO - Worker kw8 created using shared MongoDB connection pool
2025-12-12 12:49:44,135 - Knowledge - INFO - Worker kw1 processing /app/data/T0002/186205/b6634e0/SQLPage-186205/scripts/build-project.sh
2025-12-12 12:49:44,138 - Knowledge - INFO - Worker kw4 processing /app/data/T0002/186205/b6634e0/SQLPage-186205/sqlpage/sqlpage.css
2025-12-12 12:49:44,139 - Knowledge - INFO - Worker kw2 processing /app/data/T0002/186205/b6634e0/SQLPage-186205/src/webserver/response_writer.rs
2025-12-12 12:49:44,140 - Knowledge - INFO - knowledge worker kw8 start
2025-12-12 12:49:44,141 - Knowledge - INFO - Fast-tracked /app/data/T0002/186205/b6634e0/SQLPage-186205/scripts/build-project.sh (ext=.sh, size=306)
2025-12-12 12:49:44,143 - Knowledge - INFO - Fast-tracked /app/data/T0002/186205/b6634e0/SQLPage-186205/sqlpage/sqlpage.css (ext=.css, size=3992)
2025-12-12 12:49:44,144 - Knowledge - INFO - Worker kw2 processing /app/data/T0002/186205/b6634e0/SQLPage-186205/src/webserver/server_timing.rs
2025-12-12 12:49:44,144 - Knowledge - INFO - Worker kw9 created using shared MongoDB connection pool
2025-12-12 12:49:44,144 - Knowledge - INFO - Worker kw3 processing /app/data/T0002/186205/b6634e0/SQLPage-186205/src/webserver/static_content.rs
2025-12-12 12:49:44,145 - Knowledge - INFO - Worker kw1 processing /app/data/T0002/186205/b6634e0/SQLPage-186205/src/main.rs
2025-12-12 12:49:44,146 - Knowledge - INFO - Fast-tracked /app/data/T0002/186205/b6634e0/SQLPage-186205/src/main.rs (ext=.rs, size=1508)
2025-12-12 12:49:44,146 - Knowledge - INFO - Fast-tracked /app/data/T0002/186205/b6634e0/SQLPage-186205/src/webserver/server_timing.rs (ext=.rs, size=1697)
2025-12-12 12:49:44,147 - Knowledge - INFO - [kw7] Queue=531, InProgress=0, PendingWorkers=4/8, Completed=0/611 (0.0%)
2025-12-12 12:49:44,148 - Knowledge - INFO - [kw6] Queue=531, InProgress=0, PendingWorkers=4/8, Completed=0/611 (0.0%)
2025-12-12 12:49:44,148 - Knowledge - INFO - knowledge worker kw9 start
2025-12-12 12:49:44,148 - Knowledge - INFO - [kw8] Queue=531, InProgress=0, PendingWorkers=4/8, Completed=0/611 (0.0%)
2025-12-12 12:49:44,149 - Knowledge - INFO - [kw5] Queue=531, InProgress=0, PendingWorkers=4/8, Completed=0/611 (0.0%)
2025-12-12 12:49:44,149 - Knowledge - INFO - Worker kw10 created using shared MongoDB connection pool
2025-12-12 12:49:44,149 - Knowledge - INFO - Fast-tracked /app/data/T0002/186205/b6634e0/SQLPage-186205/src/webserver/static_content.rs (ext=.rs, size=1957)
2025-12-12 12:49:44,150 - Knowledge - INFO - Worker kw4 processing /app/data/T0002/186205/b6634e0/SQLPage-186205/sqlpage/apexcharts.js
2025-12-12 12:49:44,150 - Knowledge - INFO - Worker kw1 processing /app/data/T0002/186205/b6634e0/SQLPage-186205/src/cli/arguments.rs
2025-12-12 12:49:44,152 - Knowledge - INFO - Fast-tracked /app/data/T0002/186205/b6634e0/SQLPage-186205/src/cli/arguments.rs (ext=.rs, size=1242)
2025-12-12 12:49:44,152 - Knowledge - INFO - Batch sizing: calculated=20, max_allowed=25, queue=531, active_workers=4/9
2025-12-12 12:49:44,152 - Knowledge - INFO - Batch sizing: calculated=20, max_allowed=25, queue=531, active_workers=4/9
2025-12-12 12:49:44,153 - Knowledge - INFO - [kw9] Queue=531, InProgress=0, PendingWorkers=4/9, Completed=0/611 (0.0%)
2025-12-12 12:49:44,153 - Knowledge - INFO - Batch sizing: calculated=20, max_allowed=25, queue=531, active_workers=4/9
2025-12-12 12:49:44,154 - Knowledge - INFO - Batch sizing: calculated=20, max_allowed=25, queue=531, active_workers=4/9
2025-12-12 12:49:44,155 - Knowledge - INFO - knowledge worker kw10 start
2025-12-12 12:49:44,155 - Knowledge - INFO - Worker kw11 created using shared MongoDB connection pool
2025-12-12 12:49:44,156 - Knowledge - INFO - Worker kw3 processing /app/data/T0002/186205/b6634e0/SQLPage-186205/src/webserver/error.rs
2025-12-12 12:49:44,157 - Knowledge - INFO - Worker kw2 processing /app/data/T0002/186205/b6634e0/SQLPage-186205/src/webserver/http_client.rs
2025-12-12 12:49:44,157 - Knowledge - INFO - Worker kw4 processing /app/data/T0002/186205/b6634e0/SQLPage-186205/sqlpage/sqlpage.json
2025-12-12 12:49:44,158 - Knowledge - INFO - Worker kw7 processing /app/data/T0002/186205/b6634e0/SQLPage-186205/tests/basic/mod.rs
2025-12-12 12:49:44,159 - Knowledge - INFO - Worker kw2 processing /app/data/T0002/186205/b6634e0/SQLPage-186205/src/webserver/database/migrations.rs
2025-12-12 12:49:44,160 - Knowledge - INFO - Worker kw6 processing /app/data/T0002/186205/b6634e0/SQLPage-186205/tests/sql_test_files/component_rendering/run_sql_from_database.sql
2025-12-12 12:49:44,160 - Knowledge - INFO - Batch sizing: calculated=20, max_allowed=25, queue=531, active_workers=6/10
2025-12-12 12:49:44,161 - Knowledge - INFO - Worker kw8 processing /app/data/T0002/186205/b6634e0/SQLPage-186205/tests/sql_test_files/data/cookie.sql
2025-12-12 12:49:44,162 - Knowledge - INFO - Worker kw5 processing /app/data/T0002/186205/b6634e0/SQLPage-186205/tests/sql_test_files/data/set_variable_large_integer.sql
2025-12-12 12:49:44,163 - Knowledge - INFO - [kw10] Queue=451, InProgress=0, PendingWorkers=8/10, Completed=0/611 (0.0%)
2025-12-12 12:49:44,164 - Knowledge - INFO - Batch sizing: calculated=15, max_allowed=25, queue=451, active_workers=8/10
2025-12-12 12:49:44,165 - Knowledge - INFO - Worker kw3 processing /app/data/T0002/186205/b6634e0/SQLPage-186205/src/webserver/mod.rs
2025-12-12 12:49:44,165 - Knowledge - INFO - Worker kw1 processing /app/data/T0002/186205/b6634e0/SQLPage-186205/src/cli/commands.rs
2025-12-12 12:49:44,166 - Knowledge - INFO - Fast-tracked /app/data/T0002/186205/b6634e0/SQLPage-186205/sqlpage/sqlpage.json (ext=.json, size=63)
2025-12-12 12:49:44,167 - Knowledge - INFO - Worker kw2 processing /app/data/T0002/186205/b6634e0/SQLPage-186205/src/webserver/database/error_highlighting.rs
2025-12-12 12:49:44,167 - Knowledge - INFO - Fast-tracked /app/data/T0002/186205/b6634e0/SQLPage-186205/tests/basic/mod.rs (ext=.rs, size=1655)
2025-12-12 12:49:44,168 - Knowledge - INFO - Fast-tracked /app/data/T0002/186205/b6634e0/SQLPage-186205/tests/sql_test_files/component_rendering/run_sql_from_database.sql (ext=.sql, size=431)
2025-12-12 12:49:44,168 - Knowledge - INFO - Worker kw6 processing /app/data/T0002/186205/b6634e0/SQLPage-186205/tests/sql_test_files/component_rendering/dynamic_run_sql_include.sql
2025-12-12 12:49:44,169 - Knowledge - INFO - Fast-tracked /app/data/T0002/186205/b6634e0/SQLPage-186205/tests/sql_test_files/data/cookie.sql (ext=.sql, size=65)
2025-12-12 12:49:44,170 - Knowledge - INFO - knowledge worker kw11 start
2025-12-12 12:49:44,170 - Knowledge - INFO - Fast-tracked /app/data/T0002/186205/b6634e0/SQLPage-186205/tests/sql_test_files/data/set_variable_large_integer.sql (ext=.sql, size=111)
2025-12-12 12:49:44,179 - Knowledge - INFO - Worker kw10 processing /app/data/T0002/186205/b6634e0/SQLPage-186205/tests/sql_test_files/data/env_var_empty.sql
2025-12-12 12:49:44,180 - Knowledge - INFO - Worker kw12 created using shared MongoDB connection pool
2025-12-12 12:49:44,181 - Knowledge - INFO - Fast-tracked /app/data/T0002/186205/b6634e0/SQLPage-186205/src/webserver/mod.rs (ext=.rs, size=1511)
2025-12-12 12:49:44,181 - Knowledge - INFO - Worker kw1 processing /app/data/T0002/186205/b6634e0/SQLPage-186205/src/cli/mod.rs
2025-12-12 12:49:44,182 - Knowledge - INFO - Worker kw4 processing /app/data/T0002/186205/b6634e0/SQLPage-186205/sqlpage/migrations/README.md
2025-12-12 12:49:44,183 - Knowledge - INFO - Worker kw2 processing /app/data/T0002/186205/b6634e0/SQLPage-186205/src/webserver/database/sql_to_json.rs
2025-12-12 12:49:44,184 - Knowledge - INFO - Worker kw7 processing /app/data/T0002/186205/b6634e0/SQLPage-186205/tests/components/display_text.sql
2025-12-12 12:49:44,184 - Knowledge - INFO - Worker kw9 processing /app/data/T0002/186205/b6634e0/SQLPage-186205/tests/sql_test_files/data/hmac_sha256.sql
2025-12-12 12:49:44,185 - Knowledge - INFO - Fast-tracked /app/data/T0002/186205/b6634e0/SQLPage-186205/tests/sql_test_files/component_rendering/dynamic_run_sql_include.sql (ext=.sql, size=128)
2025-12-12 12:49:44,186 - Knowledge - INFO - Worker kw8 processing /app/data/T0002/186205/b6634e0/SQLPage-186205/tests/sql_test_files/data/coalesce_eval.sql
2025-12-12 12:49:44,187 - Knowledge - INFO - [kw11] Queue=416, InProgress=0, PendingWorkers=10/11, Completed=0/611 (0.0%)
2025-12-12 12:49:44,187 - Knowledge - INFO - Worker kw5 processing /app/data/T0002/186205/b6634e0/SQLPage-186205/tests/sql_test_files/data/immutable_variables.sql
2025-12-12 12:49:44,188 - Knowledge - INFO - knowledge worker kw12 start
2025-12-12 12:49:44,189 - Knowledge - INFO - Fast-tracked /app/data/T0002/186205/b6634e0/SQLPage-186205/tests/sql_test_files/data/env_var_empty.sql (ext=.sql, size=86)
2025-12-12 12:49:44,189 - Knowledge - INFO - Worker kw3 processing /app/data/T0002/186205/b6634e0/SQLPage-186205/src/webserver/http.rs
2025-12-12 12:49:44,189 - Knowledge - INFO - Worker kw13 created using shared MongoDB connection pool
2025-12-12 12:49:44,190 - Knowledge - INFO - Fast-tracked /app/data/T0002/186205/b6634e0/SQLPage-186205/src/cli/mod.rs (ext=.rs, size=37)
2025-12-12 12:49:44,191 - Knowledge - INFO - Fast-tracked /app/data/T0002/186205/b6634e0/SQLPage-186205/sqlpage/migrations/README.md (ext=.md, size=2677)
2025-12-12 12:49:44,192 - Knowledge - INFO - Fast-tracked /app/data/T0002/186205/b6634e0/SQLPage-186205/tests/components/display_text.sql (ext=.sql, size=42)
2025-12-12 12:49:44,192 - Knowledge - INFO - Worker kw2 processing /app/data/T0002/186205/b6634e0/SQLPage-186205/src/webserver/database/syntax_tree.rs
2025-12-12 12:49:44,194 - Knowledge - INFO - Fast-tracked /app/data/T0002/186205/b6634e0/SQLPage-186205/tests/sql_test_files/data/hmac_sha256.sql (ext=.sql, size=178)
2025-12-12 12:49:44,201 - Knowledge - INFO - Worker kw6 processing /app/data/T0002/186205/b6634e0/SQLPage-186205/tests/sql_test_files/component_rendering/without_a_shell.sql
2025-12-12 12:49:44,202 - Knowledge - INFO - Fast-tracked /app/data/T0002/186205/b6634e0/SQLPage-186205/tests/sql_test_files/component_rendering/without_a_shell.sql (ext=.sql, size=169)
2025-12-12 12:49:44,202 - Knowledge - INFO - Batch sizing: calculated=15, max_allowed=25, queue=416, active_workers=10/12
2025-12-12 12:49:44,203 - Knowledge - INFO - Fast-tracked /app/data/T0002/186205/b6634e0/SQLPage-186205/tests/sql_test_files/data/immutable_variables.sql (ext=.sql, size=561)
2025-12-12 12:49:44,204 - Knowledge - INFO - [kw12] Queue=416, InProgress=0, PendingWorkers=10/12, Completed=0/611 (0.0%)
2025-12-12 12:49:44,206 - Knowledge - INFO - Worker kw10 processing /app/data/T0002/186205/b6634e0/SQLPage-186205/tests/sql_test_files/data/fetch_with_meta_null.sql
2025-12-12 12:49:44,207 - Knowledge - INFO - Fast-tracked /app/data/T0002/186205/b6634e0/SQLPage-186205/tests/sql_test_files/data/fetch_with_meta_null.sql (ext=.sql, size=66)
2025-12-12 12:49:44,207 - Knowledge - INFO - Worker kw1 processing /app/data/T0002/186205/b6634e0/SQLPage-186205/src/filesystem.rs
2025-12-12 12:49:44,208 - Knowledge - INFO - knowledge worker kw13 start
2025-12-12 12:49:44,208 - Knowledge - INFO - Worker kw4 processing /app/data/T0002/186205/b6634e0/SQLPage-186205/sqlpage/tomselect.js
2025-12-12 12:49:44,208 - Knowledge - INFO - Worker kw14 created using shared MongoDB connection pool
2025-12-12 12:49:44,212 - Knowledge - INFO - Worker kw4 processing /app/data/T0002/186205/b6634e0/SQLPage-186205/sqlpage/templates/README.md
2025-12-12 12:49:44,212 - Knowledge - INFO - Worker kw9 processing /app/data/T0002/186205/b6634e0/SQLPage-186205/tests/sql_test_files/data/set_variable.sql
2025-12-12 12:49:44,213 - Knowledge - INFO - Worker kw2 processing /app/data/T0002/186205/b6634e0/SQLPage-186205/src/webserver/database/csv_import.rs
2025-12-12 12:49:44,213 - Knowledge - INFO - Fast-tracked /app/data/T0002/186205/b6634e0/SQLPage-186205/tests/sql_test_files/data/coalesce_eval.sql (ext=.sql, size=116)
2025-12-12 12:49:44,213 - Knowledge - INFO - Worker kw8 processing /app/data/T0002/186205/b6634e0/SQLPage-186205/tests/sql_test_files/data/set_variable_func_null.sql
2025-12-12 12:49:44,222 - Knowledge - INFO - Fast-tracked /app/data/T0002/186205/b6634e0/SQLPage-186205/tests/sql_test_files/data/set_variable_func_null.sql (ext=.sql, size=89)
2025-12-12 12:49:44,226 - Knowledge - INFO - Worker kw5 processing /app/data/T0002/186205/b6634e0/SQLPage-186205/tests/sql_test_files/data/fetch_native_json_array_impl.sql
2025-12-12 12:49:44,226 - Knowledge - INFO - Batch sizing: calculated=15, max_allowed=25, queue=416, active_workers=10/13
2025-12-12 12:49:44,228 - Knowledge - INFO - Worker kw10 processing /app/data/T0002/186205/b6634e0/SQLPage-186205/tests/sql_test_files/data/basic_auth_password.sql
2025-12-12 12:49:44,228 - Knowledge - INFO - Worker kw3 processing /app/data/T0002/186205/b6634e0/SQLPage-186205/src/webserver/routing.rs
2025-12-12 12:49:44,232 - Knowledge - INFO - [kw13] Queue=416, InProgress=0, PendingWorkers=10/13, Completed=0/611 (0.0%)
2025-12-12 12:49:44,233 - Knowledge - INFO - Worker kw1 processing /app/data/T0002/186205/b6634e0/SQLPage-186205/src/utils.rs
2025-12-12 12:49:44,233 - Knowledge - INFO - knowledge worker kw14 start
2025-12-12 12:49:44,234 - Knowledge - INFO - Worker kw15 created using shared MongoDB connection pool
2025-12-12 12:49:44,235 - Knowledge - INFO - Worker kw7 processing /app/data/T0002/186205/b6634e0/SQLPage-186205/tests/components/any_component.sql
2025-12-12 12:49:44,236 - Knowledge - INFO - Fast-tracked /app/data/T0002/186205/b6634e0/SQLPage-186205/sqlpage/templates/README.md (ext=.md, size=857)
2025-12-12 12:49:44,236 - Knowledge - INFO - Fast-tracked /app/data/T0002/186205/b6634e0/SQLPage-186205/tests/sql_test_files/data/set_variable.sql (ext=.sql, size=119)
2025-12-12 12:49:44,237 - Knowledge - INFO - Worker kw2 processing /app/data/T0002/186205/b6634e0/SQLPage-186205/src/webserver/database/sqlpage_functions/http_fetch_request.rs
2025-12-12 12:49:44,237 - Knowledge - INFO - Worker kw11 processing /app/data/T0002/186205/b6634e0/SQLPage-186205/tests/errors/mod.rs
2025-12-12 12:49:44,239 - Knowledge - INFO - Worker kw6 processing /app/data/T0002/186205/b6634e0/SQLPage-186205/tests/sql_test_files/component_rendering/text_markdown.sql
2025-12-12 12:49:44,239 - Knowledge - INFO - Worker kw8 processing /app/data/T0002/186205/b6634e0/SQLPage-186205/tests/sql_test_files/data/hash_password.sql
2025-12-12 12:49:44,242 - Knowledge - INFO - Worker kw12 processing /app/data/T0002/186205/b6634e0/SQLPage-186205/examples/single sign on/protected/index.sql
2025-12-12 12:49:44,243 - Knowledge - INFO - Fast-tracked /app/data/T0002/186205/b6634e0/SQLPage-186205/tests/sql_test_files/data/basic_auth_password.sql (ext=.sql, size=68)
2025-12-12 12:49:44,244 - Knowledge - INFO - Fast-tracked /app/data/T0002/186205/b6634e0/SQLPage-186205/tests/sql_test_files/data/fetch_native_json_array_impl.sql (ext=.sql, size=478)
2025-12-12 12:49:44,244 - Knowledge - INFO - Worker kw3 processing /app/data/T0002/186205/b6634e0/SQLPage-186205/src/webserver/error_with_status.rs
2025-12-12 12:49:44,245 - Knowledge - INFO - Batch sizing: calculated=15, max_allowed=25, queue=416, active_workers=12/14
2025-12-12 12:49:44,246 - Knowledge - INFO - Fast-tracked /app/data/T0002/186205/b6634e0/SQLPage-186205/src/utils.rs (ext=.rs, size=948)
2025-12-12 12:49:44,247 - Knowledge - INFO - knowledge worker kw15 start
2025-12-12 12:49:44,252 - Knowledge - INFO - [kw14] Queue=386, InProgress=0, PendingWorkers=12/14, Completed=0/611 (0.0%)
2025-12-12 12:49:44,252 - Knowledge - INFO - Worker kw16 created using shared MongoDB connection pool
2025-12-12 12:49:44,252 - Knowledge - INFO - Fast-tracked /app/data/T0002/186205/b6634e0/SQLPage-186205/tests/components/any_component.sql (ext=.sql, size=155)
2025-12-12 12:49:44,253 - Knowledge - INFO - Worker kw4 processing /app/data/T0002/186205/b6634e0/SQLPage-186205/README.md
2025-12-12 12:49:44,253 - Knowledge - INFO - Worker kw9 processing /app/data/T0002/186205/b6634e0/SQLPage-186205/tests/sql_test_files/select_temp_t.sql
2025-12-12 12:49:44,254 - Knowledge - INFO - Fast-tracked /app/data/T0002/186205/b6634e0/SQLPage-186205/tests/errors/mod.rs (ext=.rs, size=3132)
2025-12-12 12:49:44,256 - Knowledge - INFO - Fast-tracked /app/data/T0002/186205/b6634e0/SQLPage-186205/tests/sql_test_files/data/hash_password.sql (ext=.sql, size=101)
2025-12-12 12:49:44,256 - Knowledge - INFO - Worker kw2 processing /app/data/T0002/186205/b6634e0/SQLPage-186205/src/webserver/database/sqlpage_functions/functions.rs
2025-12-12 12:49:44,257 - Knowledge - INFO - Fast-tracked /app/data/T0002/186205/b6634e0/SQLPage-186205/tests/sql_test_files/component_rendering/text_markdown.sql (ext=.sql, size=65)
2025-12-12 12:49:44,257 - Knowledge - INFO - Worker kw10 processing /app/data/T0002/186205/b6634e0/SQLPage-186205/tests/sql_test_files/data/exec.sql
2025-12-12 12:49:44,258 - Knowledge - INFO - Fast-tracked /app/data/T0002/186205/b6634e0/SQLPage-186205/examples/single sign on/protected/index.sql (ext=.sql, size=567)
2025-12-12 12:49:44,258 - Knowledge - INFO - Worker kw5 processing /app/data/T0002/186205/b6634e0/SQLPage-186205/tests/sql_test_files/data/link_null.sql
2025-12-12 12:49:44,259 - Knowledge - INFO - Worker kw13 processing /app/data/T0002/186205/b6634e0/SQLPage-186205/examples/modeling a many to many relationship with a form/write.sql
2025-12-12 12:49:44,260 - Knowledge - INFO - Worker kw1 processing /app/data/T0002/186205/b6634e0/SQLPage-186205/src/templates.rs
2025-12-12 12:49:44,260 - Knowledge - INFO - Fast-tracked /app/data/T0002/186205/b6634e0/SQLPage-186205/src/webserver/error_with_status.rs (ext=.rs, size=1198)
2025-12-12 12:49:44,261 - Knowledge - INFO - Batch sizing: calculated=15, max_allowed=25, queue=386, active_workers=13/15
2025-12-12 12:49:44,261 - Knowledge - INFO - [kw15] Queue=371, InProgress=0, PendingWorkers=13/15, Completed=0/611 (0.0%)
2025-12-12 12:49:44,262 - Knowledge - INFO - knowledge worker kw16 start
2025-12-12 12:49:44,263 - Knowledge - INFO - Worker kw17 created using shared MongoDB connection pool
2025-12-12 12:49:44,263 - Knowledge - INFO - Worker kw7 processing /app/data/T0002/186205/b6634e0/SQLPage-186205/tests/components/display_form_field.sql
2025-12-12 12:49:44,264 - Knowledge - INFO - Fast-tracked /app/data/T0002/186205/b6634e0/SQLPage-186205/README.md (ext=.md, size=17656)
2025-12-12 12:49:44,264 - Knowledge - INFO - Worker kw4 processing /app/data/T0002/186205/b6634e0/SQLPage-186205/tests/it_works.txt
2025-12-12 12:49:44,265 - Knowledge - INFO - Worker kw11 processing /app/data/T0002/186205/b6634e0/SQLPage-186205/tests/mod.rs
2025-12-12 12:49:44,265 - Knowledge - INFO - Worker kw8 processing /app/data/T0002/186205/b6634e0/SQLPage-186205/tests/sql_test_files/data/fetch_base64.sql
2025-12-12 12:49:44,266 - Knowledge - INFO - Worker kw6 processing /app/data/T0002/186205/b6634e0/SQLPage-186205/tests/sql_test_files/component_rendering/error_the_dynamic_component_requires_a_property_named.sql
2025-12-12 12:49:44,266 - Knowledge - INFO - Worker kw2 processing /app/data/T0002/186205/b6634e0/SQLPage-186205/src/webserver/database/sqlpage_functions/function_definition_macro.rs
2025-12-12 12:49:44,270 - Knowledge - INFO - Worker kw12 processing /app/data/T0002/186205/b6634e0/SQLPage-186205/examples/single sign on/index.sql
2025-12-12 12:49:44,270 - Knowledge - INFO - Fast-tracked /app/data/T0002/186205/b6634e0/SQLPage-186205/tests/sql_test_files/data/exec.sql (ext=.sql, size=110)
2025-12-12 12:49:44,272 - Knowledge - INFO - Fast-tracked /app/data/T0002/186205/b6634e0/SQLPage-186205/tests/sql_test_files/data/link_null.sql (ext=.sql, size=91)
2025-12-12 12:49:44,273 - Knowledge - INFO - Fast-tracked /app/data/T0002/186205/b6634e0/SQLPage-186205/examples/modeling a many to many relationship with a form/write.sql (ext=.sql, size=835)
2025-12-12 12:49:44,273 - Knowledge - INFO - Worker kw1 processing /app/data/T0002/186205/b6634e0/SQLPage-186205/src/lib.rs
2025-12-12 12:49:44,274 - Knowledge - INFO - Worker kw3 processing /app/data/T0002/186205/b6634e0/SQLPage-186205/src/render.rs
2025-12-12 12:49:44,274 - Knowledge - INFO - Worker kw14 processing /app/data/T0002/186205/b6634e0/SQLPage-186205/examples/master-detail-forms/sqlpage/migrations/0000_schema.sql
2025-12-12 12:49:44,282 - Knowledge - INFO - Batch sizing: calculated=15, max_allowed=25, queue=371, active_workers=14/16
2025-12-12 12:49:44,284 - Knowledge - INFO - knowledge worker kw17 start
2025-12-12 12:49:44,285 - Knowledge - INFO - [kw16] Queue=356, InProgress=0, PendingWorkers=14/16, Completed=0/611 (0.0%)
2025-12-12 12:49:44,287 - Knowledge - INFO - Worker kw18 created using shared MongoDB connection pool
2025-12-12 12:49:44,288 - Knowledge - INFO - Fast-tracked /app/data/T0002/186205/b6634e0/SQLPage-186205/tests/components/display_form_field.sql (ext=.sql, size=212)
2025-12-12 12:49:44,288 - Knowledge - INFO - Fast-tracked /app/data/T0002/186205/b6634e0/SQLPage-186205/tests/it_works.txt (ext=.txt, size=10)
2025-12-12 12:49:44,289 - Knowledge - INFO - Fast-tracked /app/data/T0002/186205/b6634e0/SQLPage-186205/tests/sql_test_files/select_temp_t.sql (ext=.sql, size=148)
2025-12-12 12:49:44,290 - Knowledge - INFO - Fast-tracked /app/data/T0002/186205/b6634e0/SQLPage-186205/tests/mod.rs (ext=.rs, size=161)
2025-12-12 12:49:44,291 - Knowledge - INFO - Fast-tracked /app/data/T0002/186205/b6634e0/SQLPage-186205/tests/sql_test_files/data/fetch_base64.sql (ext=.sql, size=198)
2025-12-12 12:49:44,291 - Knowledge - INFO - Fast-tracked /app/data/T0002/186205/b6634e0/SQLPage-186205/tests/sql_test_files/component_rendering/error_the_dynamic_component_requires_a_property_named.sql (ext=.sql, size=61)
2025-12-12 12:49:44,292 - Knowledge - INFO - Worker kw2 processing /app/data/T0002/186205/b6634e0/SQLPage-186205/src/webserver/database/sqlpage_functions/url_parameters.rs
2025-12-12 12:49:44,292 - Knowledge - INFO - Worker kw10 processing /app/data/T0002/186205/b6634e0/SQLPage-186205/tests/sql_test_files/data/hmac_default.sql
2025-12-12 12:49:44,292 - Knowledge - INFO - Fast-tracked /app/data/T0002/186205/b6634e0/SQLPage-186205/tests/sql_test_files/data/hmac_default.sql (ext=.sql, size=120)
2025-12-12 12:49:44,293 - Knowledge - INFO - Fast-tracked /app/data/T0002/186205/b6634e0/SQLPage-186205/examples/single sign on/index.sql (ext=.sql, size=1010)
2025-12-12 12:49:44,293 - Knowledge - INFO - Worker kw13 processing /app/data/T0002/186205/b6634e0/SQLPage-186205/examples/modeling a many to many relationship with a form/sqlpage/migrations/03_sqlpage_shell.sql
2025-12-12 12:49:44,294 - Knowledge - INFO - Worker kw1 processing /app/data/T0002/186205/b6634e0/SQLPage-186205/src/dynamic_component.rs
2025-12-12 12:49:44,295 - Knowledge - INFO - Worker kw15 processing /app/data/T0002/186205/b6634e0/SQLPage-186205/examples/using react and other custom scripts and styles/README.md
2025-12-12 12:49:44,295 - Knowledge - INFO - Batch sizing: calculated=15, max_allowed=25, queue=356, active_workers=15/17
2025-12-12 12:49:44,296 - Knowledge - INFO - Worker kw1 processing /app/data/T0002/186205/b6634e0/SQLPage-186205/src/default_404.sql
2025-12-12 12:49:44,296 - Knowledge - INFO - Fast-tracked /app/data/T0002/186205/b6634e0/SQLPage-186205/examples/master-detail-forms/sqlpage/migrations/0000_schema.sql (ext=.sql, size=309)
2025-12-12 12:49:44,297 - Knowledge - INFO - knowledge worker kw18 start
2025-12-12 12:49:44,297 - Knowledge - INFO - [kw17] Queue=341, InProgress=0, PendingWorkers=15/17, Completed=0/611 (0.0%)
2025-12-12 12:49:44,298 - Knowledge - INFO - Worker kw19 created using shared MongoDB connection pool
2025-12-12 12:49:44,298 - Knowledge - INFO - Worker kw7 processing /app/data/T0002/186205/b6634e0/SQLPage-186205/tests/server_timing/mod.rs
2025-12-12 12:49:44,299 - Knowledge - INFO - Worker kw4 processing /app/data/T0002/186205/b6634e0/SQLPage-186205/tests/uploads/upload_file_data_url_test.sql
2025-12-12 12:49:44,309 - Knowledge - INFO - Worker kw9 processing /app/data/T0002/186205/b6634e0/SQLPage-186205/tests/sql_test_files/README.md
2025-12-12 12:49:44,312 - Knowledge - INFO - Worker kw11 processing /app/data/T0002/186205/b6634e0/SQLPage-186205/tests/end-to-end/playwright.config.ts
2025-12-12 12:49:44,312 - Knowledge - INFO - Worker kw8 processing /app/data/T0002/186205/b6634e0/SQLPage-186205/tests/sql_test_files/data/fetch_hex.sql
2025-12-12 12:49:44,313 - Knowledge - INFO - Worker kw6 processing /app/data/T0002/186205/b6634e0/SQLPage-186205/tests/sql_test_files/component_rendering/default_component.sql
2025-12-12 12:49:44,316 - Knowledge - INFO - Worker kw10 processing /app/data/T0002/186205/b6634e0/SQLPage-186205/tests/sql_test_files/data/set_variable_to_null.sql
2025-12-12 12:49:44,316 - Knowledge - INFO - Worker kw2 processing /app/data/T0002/186205/b6634e0/SQLPage-186205/src/webserver/database/sqlpage_functions/mod.rs
2025-12-12 12:49:44,317 - Knowledge - INFO - Worker kw5 processing /app/data/T0002/186205/b6634e0/SQLPage-186205/tests/sql_test_files/data/hash_password_null.sql
2025-12-12 12:49:44,317 - Knowledge - INFO - Worker kw12 processing /app/data/T0002/186205/b6634e0/SQLPage-186205/examples/single sign on/sqlpage/sqlpage.yaml
2025-12-12 12:49:44,322 - Knowledge - INFO - Fast-tracked /app/data/T0002/186205/b6634e0/SQLPage-186205/examples/modeling a many to many relationship with a form/sqlpage/migrations/03_sqlpage_shell.sql (ext=.sql, size=744)
2025-12-12 12:49:44,323 - Knowledge - INFO - Worker kw16 processing /app/data/T0002/186205/b6634e0/SQLPage-186205/examples/rich-text-editor/edit.sql
2025-12-12 12:49:44,324 - Knowledge - INFO - Fast-tracked /app/data/T0002/186205/b6634e0/SQLPage-186205/examples/using react and other custom scripts and styles/README.md (ext=.md, size=894)
2025-12-12 12:49:44,324 - Knowledge - INFO - Worker kw3 processing /app/data/T0002/186205/b6634e0/SQLPage-186205/biome.json
2025-12-12 12:49:44,325 - Knowledge - INFO - Fast-tracked /app/data/T0002/186205/b6634e0/SQLPage-186205/src/default_404.sql (ext=.sql, size=1085)
2025-12-12 12:49:44,325 - Knowledge - INFO - Worker kw14 processing /app/data/T0002/186205/b6634e0/SQLPage-186205/examples/master-detail-forms/README.md
2025-12-12 12:49:44,326 - Knowledge - INFO - [kw18] Queue=326, InProgress=0, PendingWorkers=16/18, Completed=0/611 (0.0%)
2025-12-12 12:49:44,326 - Knowledge - INFO - Batch sizing: calculated=15, max_allowed=25, queue=341, active_workers=16/18
2025-12-12 12:49:44,327 - Knowledge - INFO - knowledge worker kw19 start
2025-12-12 12:49:44,328 - Knowledge - INFO - Worker kw20 created using shared MongoDB connection pool
2025-12-12 12:49:44,328 - Knowledge - INFO - Fast-tracked /app/data/T0002/186205/b6634e0/SQLPage-186205/tests/server_timing/mod.rs (ext=.rs, size=4448)
2025-12-12 12:49:44,329 - Knowledge - INFO - Fast-tracked /app/data/T0002/186205/b6634e0/SQLPage-186205/tests/uploads/upload_file_data_url_test.sql (ext=.sql, size=190)
2025-12-12 12:49:44,329 - Knowledge - INFO - Fast-tracked /app/data/T0002/186205/b6634e0/SQLPage-186205/tests/sql_test_files/README.md (ext=.md, size=855)
2025-12-12 12:49:44,330 - Knowledge - INFO - Fast-tracked /app/data/T0002/186205/b6634e0/SQLPage-186205/tests/end-to-end/playwright.config.ts (ext=.ts, size=2170)
2025-12-12 12:49:44,330 - Knowledge - INFO - Fast-tracked /app/data/T0002/186205/b6634e0/SQLPage-186205/tests/sql_test_files/data/fetch_hex.sql (ext=.sql, size=207)
2025-12-12 12:49:44,331 - Knowledge - INFO - Fast-tracked /app/data/T0002/186205/b6634e0/SQLPage-186205/tests/sql_test_files/component_rendering/default_component.sql (ext=.sql, size=29)
2025-12-12 12:49:44,332 - Knowledge - INFO - Fast-tracked /app/data/T0002/186205/b6634e0/SQLPage-186205/tests/sql_test_files/data/set_variable_to_null.sql (ext=.sql, size=73)
2025-12-12 12:49:44,333 - Knowledge - INFO - Fast-tracked /app/data/T0002/186205/b6634e0/SQLPage-186205/src/webserver/database/sqlpage_functions/mod.rs (ext=.rs, size=1061)
2025-12-12 12:49:44,333 - Knowledge - INFO - Fast-tracked /app/data/T0002/186205/b6634e0/SQLPage-186205/tests/sql_test_files/data/hash_password_null.sql (ext=.sql, size=64)
2025-12-12 12:49:44,334 - Knowledge - INFO - Fast-tracked /app/data/T0002/186205/b6634e0/SQLPage-186205/examples/single sign on/sqlpage/sqlpage.yaml (ext=.yaml, size=804)
2025-12-12 12:49:44,334 - Knowledge - INFO - Worker kw13 processing /app/data/T0002/186205/b6634e0/SQLPage-186205/examples/modeling a many to many relationship with a form/sqlpage/migrations/00_schema.sql
2025-12-12 12:49:44,335 - Knowledge - INFO - Worker kw15 processing /app/data/T0002/186205/b6634e0/SQLPage-186205/examples/using react and other custom scripts and styles/equations.sql
2025-12-12 12:49:44,335 - Knowledge - INFO - Fast-tracked /app/data/T0002/186205/b6634e0/SQLPage-186205/examples/rich-text-editor/edit.sql (ext=.sql, size=904)
2025-12-12 12:49:44,336 - Knowledge - INFO - Fast-tracked /app/data/T0002/186205/b6634e0/SQLPage-186205/biome.json (ext=.json, size=400)
2025-12-12 12:49:44,336 - Knowledge - INFO - Worker kw1 processing /app/data/T0002/186205/b6634e0/SQLPage-186205/src/index.sql
2025-12-12 12:49:44,341 - Knowledge - INFO - Batch sizing: calculated=15, max_allowed=25, queue=326, active_workers=16/19
2025-12-12 12:49:44,342 - Knowledge - INFO - Worker kw17 processing /app/data/T0002/186205/b6634e0/SQLPage-186205/examples/user-authentication/signin.sql
2025-12-12 12:49:44,342 - Knowledge - INFO - Fast-tracked /app/data/T0002/186205/b6634e0/SQLPage-186205/examples/master-detail-forms/README.md (ext=.md, size=1458)
2025-12-12 12:49:44,343 - Knowledge - INFO - knowledge worker kw20 start
2025-12-12 12:49:44,344 - Knowledge - INFO - Worker kw7 processing /app/data/T0002/186205/b6634e0/SQLPage-186205/tests/server_timing/redirect_test.sql
2025-12-12 12:49:44,345 - Knowledge - INFO - Worker kw4 processing /app/data/T0002/186205/b6634e0/SQLPage-186205/tests/uploads/uploaded_file_name_test.sql
2025-12-12 12:49:44,351 - Knowledge - INFO - Worker kw9 processing /app/data/T0002/186205/b6634e0/SQLPage-186205/tests/sql_test_files/mod.rs
2025-12-12 12:49:44,352 - Knowledge - INFO - [kw19] Queue=311, InProgress=0, PendingWorkers=17/20, Completed=0/611 (0.0%)
2025-12-12 12:49:44,353 - Knowledge - INFO - Worker kw11 processing /app/data/T0002/186205/b6634e0/SQLPage-186205/tests/end-to-end/package.json
2025-12-12 12:49:44,354 - Knowledge - INFO - Worker kw8 processing /app/data/T0002/186205/b6634e0/SQLPage-186205/tests/sql_test_files/data/link.sql
2025-12-12 12:49:44,355 - Knowledge - INFO - Worker kw6 processing /app/data/T0002/186205/b6634e0/SQLPage-186205/tests/sql_test_files/component_rendering/dynamic_nested.sql
2025-12-12 12:49:44,355 - Knowledge - INFO - Worker kw10 processing /app/data/T0002/186205/b6634e0/SQLPage-186205/tests/sql_test_files/data/path.sql
2025-12-12 12:49:44,356 - Knowledge - INFO - Worker kw2 processing /app/data/T0002/186205/b6634e0/SQLPage-186205/src/webserver/database/sqlpage_functions/function_traits.rs
2025-12-12 12:49:44,357 - Knowledge - INFO - Worker kw2 processing /app/data/T0002/186205/b6634e0/SQLPage-186205/src/webserver/database/connect.rs
2025-12-12 12:49:44,358 - Knowledge - INFO - Worker kw12 processing /app/data/T0002/186205/b6634e0/SQLPage-186205/examples/single sign on/sqlpage/migrations/000_sessions.sql
2025-12-12 12:49:44,359 - Knowledge - INFO - Fast-tracked /app/data/T0002/186205/b6634e0/SQLPage-186205/examples/using react and other custom scripts and styles/equations.sql (ext=.sql, size=1636)
2025-12-12 12:49:44,359 - Knowledge - INFO - Fast-tracked /app/data/T0002/186205/b6634e0/SQLPage-186205/examples/modeling a many to many relationship with a form/sqlpage/migrations/00_schema.sql (ext=.sql, size=1200)
2025-12-12 12:49:44,360 - Knowledge - INFO - Worker kw16 processing /app/data/T0002/186205/b6634e0/SQLPage-186205/examples/rich-text-editor/create_blog_post.sql
2025-12-12 12:49:44,361 - Knowledge - INFO - Worker kw3 processing /app/data/T0002/186205/b6634e0/SQLPage-186205/package.json
2025-12-12 12:49:44,362 - Knowledge - INFO - Worker kw1 processing /app/data/T0002/186205/b6634e0/SQLPage-186205/src/file_cache.rs
2025-12-12 12:49:44,363 - Knowledge - INFO - Worker kw18 processing /app/data/T0002/186205/b6634e0/SQLPage-186205/examples/custom form component/form_action.sql
2025-12-12 12:49:44,364 - Knowledge - INFO - Worker kw14 processing /app/data/T0002/186205/b6634e0/SQLPage-186205/examples/PostGIS - using sqlpage with geographic data/add_point.sql
2025-12-12 12:49:44,364 - Knowledge - INFO - Fast-tracked /app/data/T0002/186205/b6634e0/SQLPage-186205/examples/user-authentication/signin.sql (ext=.sql, size=366)
2025-12-12 12:49:44,367 - Knowledge - INFO - [kw20] Queue=296, InProgress=0, PendingWorkers=18/20, Completed=0/611 (0.0%)
2025-12-12 12:49:44,367 - Knowledge - INFO - Fast-tracked /app/data/T0002/186205/b6634e0/SQLPage-186205/tests/uploads/uploaded_file_name_test.sql (ext=.sql, size=161)
2025-12-12 12:49:44,367 - Knowledge - INFO - Fast-tracked /app/data/T0002/186205/b6634e0/SQLPage-186205/tests/server_timing/redirect_test.sql (ext=.sql, size=61)
2025-12-12 12:49:44,368 - Knowledge - INFO - Fast-tracked /app/data/T0002/186205/b6634e0/SQLPage-186205/tests/sql_test_files/mod.rs (ext=.rs, size=8114)
2025-12-12 12:49:44,369 - Knowledge - INFO - Batch sizing: calculated=15, max_allowed=25, queue=311, active_workers=18/20
2025-12-12 12:49:44,370 - Knowledge - INFO - Fast-tracked /app/data/T0002/186205/b6634e0/SQLPage-186205/tests/end-to-end/package.json (ext=.json, size=339)
2025-12-12 12:49:44,371 - Knowledge - INFO - Fast-tracked /app/data/T0002/186205/b6634e0/SQLPage-186205/tests/sql_test_files/data/link.sql (ext=.sql, size=96)
2025-12-12 12:49:44,371 - Knowledge - INFO - Fast-tracked /app/data/T0002/186205/b6634e0/SQLPage-186205/tests/sql_test_files/component_rendering/dynamic_nested.sql (ext=.sql, size=298)
2025-12-12 12:49:44,372 - Knowledge - INFO - Fast-tracked /app/data/T0002/186205/b6634e0/SQLPage-186205/tests/sql_test_files/data/path.sql (ext=.sql, size=87)
2025-12-12 12:49:44,372 - Knowledge - INFO - Worker kw5 processing /app/data/T0002/186205/b6634e0/SQLPage-186205/tests/sql_test_files/data/url_encode.sql
2025-12-12 12:49:44,373 - Knowledge - INFO - Fast-tracked /app/data/T0002/186205/b6634e0/SQLPage-186205/examples/single sign on/sqlpage/migrations/000_sessions.sql (ext=.sql, size=227)
2025-12-12 12:49:44,373 - Knowledge - INFO - Worker kw15 processing /app/data/T0002/186205/b6634e0/SQLPage-186205/examples/splitwise/index.sql
2025-12-12 12:49:44,373 - Knowledge - INFO - Worker kw2 processing /app/data/T0002/186205/b6634e0/SQLPage-186205/src/webserver/database/mod.rs
2025-12-12 12:49:44,374 - Knowledge - INFO - Worker kw13 processing /app/data/T0002/186205/b6634e0/SQLPage-186205/examples/modeling a many to many relationship with a form/sqlpage/migrations/01_sample_data.sql
2025-12-12 12:49:44,375 - Knowledge - INFO - Fast-tracked /app/data/T0002/186205/b6634e0/SQLPage-186205/examples/rich-text-editor/create_blog_post.sql (ext=.sql, size=131)
2025-12-12 12:49:44,376 - Knowledge - INFO - Fast-tracked /app/data/T0002/186205/b6634e0/SQLPage-186205/package.json (ext=.json, size=354)
2025-12-12 12:49:44,379 - Knowledge - INFO - Worker kw1 processing /app/data/T0002/186205/b6634e0/SQLPage-186205/src/template_helpers.rs
2025-12-12 12:49:44,380 - Knowledge - INFO - Fast-tracked /app/data/T0002/186205/b6634e0/SQLPage-186205/examples/PostGIS - using sqlpage with geographic data/add_point.sql (ext=.sql, size=246)
2025-12-12 12:49:44,380 - Knowledge - INFO - Fast-tracked /app/data/T0002/186205/b6634e0/SQLPage-186205/examples/custom form component/form_action.sql (ext=.sql, size=1196)
2025-12-12 12:49:44,380 - Knowledge - INFO - Worker kw17 processing /app/data/T0002/186205/b6634e0/SQLPage-186205/examples/user-authentication/index.sql
2025-12-12 12:49:44,381 - Knowledge - INFO - Batch sizing: calculated=15, max_allowed=25, queue=296, active_workers=18/20
2025-12-12 12:49:44,382 - Knowledge - INFO - Worker kw4 processing /app/data/T0002/186205/b6634e0/SQLPage-186205/tests/uploads/upload_file_test.sql
2025-12-12 12:49:44,382 - Knowledge - INFO - Worker kw7 processing /app/data/T0002/186205/b6634e0/SQLPage-186205/tests/sql_test_files/component_rendering/log.sql
2025-12-12 12:49:44,383 - Knowledge - INFO - Worker kw9 processing /app/data/T0002/186205/b6634e0/SQLPage-186205/tests/common/mod.rs
2025-12-12 12:49:44,384 - Knowledge - INFO - Worker kw11 processing /app/data/T0002/186205/b6634e0/SQLPage-186205/tests/end-to-end/official-site.spec.ts
2025-12-12 12:49:44,385 - Knowledge - INFO - Worker kw6 processing /app/data/T0002/186205/b6634e0/SQLPage-186205/tests/sql_test_files/component_rendering/error_too_many_nested_inclusions.sql
2025-12-12 12:49:44,385 - Knowledge - INFO - Fast-tracked /app/data/T0002/186205/b6634e0/SQLPage-186205/tests/common/mod.rs (ext=.rs, size=5249)
2025-12-12 12:49:44,386 - Knowledge - INFO - Worker kw10 processing /app/data/T0002/186205/b6634e0/SQLPage-186205/tests/sql_test_files/data/hmac_base64.sql
2025-12-12 12:49:44,387 - Knowledge - INFO - Worker kw12 processing /app/data/T0002/186205/b6634e0/SQLPage-186205/examples/single sign on/README.md
2025-12-12 12:49:44,389 - Knowledge - INFO - Fast-tracked /app/data/T0002/186205/b6634e0/SQLPage-186205/tests/sql_test_files/data/url_encode.sql (ext=.sql, size=64)
2025-12-12 12:49:44,392 - Knowledge - INFO - Fast-tracked /app/data/T0002/186205/b6634e0/SQLPage-186205/tests/end-to-end/official-site.spec.ts (ext=.ts, size=10649)
2025-12-12 12:49:44,392 - Knowledge - INFO - Fast-tracked /app/data/T0002/186205/b6634e0/SQLPage-186205/examples/splitwise/index.sql (ext=.sql, size=661)
2025-12-12 12:49:44,394 - Knowledge - INFO - Worker kw13 processing /app/data/T0002/186205/b6634e0/SQLPage-186205/examples/modeling a many to many relationship with a form/README.md
2025-12-12 12:49:44,394 - Knowledge - INFO - Worker kw16 processing /app/data/T0002/186205/b6634e0/SQLPage-186205/examples/rich-text-editor/index.sql
2025-12-12 12:49:44,395 - Knowledge - INFO - Worker kw3 processing /app/data/T0002/186205/b6634e0/SQLPage-186205/Cargo.toml
2025-12-12 12:49:44,395 - Knowledge - INFO - Worker kw14 processing /app/data/T0002/186205/b6634e0/SQLPage-186205/examples/PostGIS - using sqlpage with geographic data/point.sql
2025-12-12 12:49:44,396 - Knowledge - INFO - Worker kw18 processing /app/data/T0002/186205/b6634e0/SQLPage-186205/examples/todo application/shell.sql
2025-12-12 12:49:44,396 - Knowledge - INFO - Worker kw1 processing /app/data/T0002/186205/b6634e0/SQLPage-186205/src/app_config.rs
2025-12-12 12:49:44,397 - Knowledge - INFO - Fast-tracked /app/data/T0002/186205/b6634e0/SQLPage-186205/examples/user-authentication/index.sql (ext=.sql, size=611)
2025-12-12 12:49:44,398 - Knowledge - INFO - Worker kw20 processing /app/data/T0002/186205/b6634e0/SQLPage-186205/examples/microsoft sql server advanced forms/README.md
2025-12-12 12:49:44,399 - Knowledge - INFO - Fast-tracked /app/data/T0002/186205/b6634e0/SQLPage-186205/tests/uploads/upload_file_test.sql (ext=.sql, size=162)
2025-12-12 12:49:44,399 - Knowledge - INFO - Fast-tracked /app/data/T0002/186205/b6634e0/SQLPage-186205/tests/sql_test_files/component_rendering/log.sql (ext=.sql, size=150)
2025-12-12 12:49:44,400 - Knowledge - INFO - Worker kw19 processing /app/data/T0002/186205/b6634e0/SQLPage-186205/examples/image gallery with user uploads/index.sql
2025-12-12 12:49:44,400 - Knowledge - INFO - Worker kw8 processing /app/data/T0002/186205/b6634e0/SQLPage-186205/tests/sql_test_files/data/variables_function.sql
2025-12-12 12:49:44,401 - Knowledge - INFO - Worker kw9 processing /app/data/T0002/186205/b6634e0/SQLPage-186205/tests/core/select_temp_t.sql
2025-12-12 12:49:44,402 - Knowledge - INFO - Fast-tracked /app/data/T0002/186205/b6634e0/SQLPage-186205/tests/sql_test_files/component_rendering/error_too_many_nested_inclusions.sql (ext=.sql, size=156)
2025-12-12 12:49:44,423 - Knowledge - INFO - Fast-tracked /app/data/T0002/186205/b6634e0/SQLPage-186205/tests/sql_test_files/data/hmac_base64.sql (ext=.sql, size=165)
2025-12-12 12:49:44,423 - Knowledge - INFO - Worker kw5 processing /app/data/T0002/186205/b6634e0/SQLPage-186205/tests/sql_test_files/data/set_variable_to_null_overwrites_existing.sql
2025-12-12 12:49:44,424 - Knowledge - INFO - Fast-tracked /app/data/T0002/186205/b6634e0/SQLPage-186205/examples/single sign on/README.md (ext=.md, size=4953)
2025-12-12 12:49:44,426 - Knowledge - INFO - Worker kw11 processing /app/data/T0002/186205/b6634e0/SQLPage-186205/tests/oidc/mod.rs
2025-12-12 12:49:44,427 - Knowledge - INFO - Worker kw15 processing /app/data/T0002/186205/b6634e0/SQLPage-186205/examples/splitwise/sqlpage/migrations/0001_views.sql
2025-12-12 12:49:44,428 - Knowledge - INFO - Fast-tracked /app/data/T0002/186205/b6634e0/SQLPage-186205/Cargo.toml (ext=.toml, size=2816)
2025-12-12 12:49:44,428 - Knowledge - INFO - Worker kw3 processing /app/data/T0002/186205/b6634e0/SQLPage-186205/LICENSE.txt
2025-12-12 12:49:44,429 - Knowledge - INFO - Fast-tracked /app/data/T0002/186205/b6634e0/SQLPage-186205/examples/modeling a many to many relationship with a form/README.md (ext=.md, size=417)
2025-12-12 12:49:44,429 - Knowledge - INFO - Fast-tracked /app/data/T0002/186205/b6634e0/SQLPage-186205/examples/rich-text-editor/index.sql (ext=.sql, size=620)
2025-12-12 12:49:44,430 - Knowledge - INFO - Fast-tracked /app/data/T0002/186205/b6634e0/SQLPage-186205/examples/todo application/shell.sql (ext=.sql, size=117)
2025-12-12 12:49:44,430 - Knowledge - INFO - Worker kw17 processing /app/data/T0002/186205/b6634e0/SQLPage-186205/examples/user-authentication/generate_password_hash.sql
2025-12-12 12:49:44,431 - Knowledge - INFO - Worker kw1 processing /app/data/T0002/186205/b6634e0/SQLPage-186205/src/webserver/request_variables.rs
2025-12-12 12:49:44,431 - Knowledge - INFO - Worker kw4 processing /app/data/T0002/186205/b6634e0/SQLPage-186205/tests/uploads/upload_file_runsql_test.sql
2025-12-12 12:49:44,432 - Knowledge - INFO - Fast-tracked /app/data/T0002/186205/b6634e0/SQLPage-186205/examples/microsoft sql server advanced forms/README.md (ext=.md, size=2040)
2025-12-12 12:49:44,432 - Knowledge - INFO - Worker kw7 processing /app/data/T0002/186205/b6634e0/SQLPage-186205/tests/sql_test_files/component_rendering/run_sql_variable_access.sql
2025-12-12 12:49:44,433 - Knowledge - INFO - Fast-tracked /app/data/T0002/186205/b6634e0/SQLPage-186205/tests/sql_test_files/component_rendering/run_sql_variable_access.sql (ext=.sql, size=237)
2025-12-12 12:49:44,434 - Knowledge - INFO - Fast-tracked /app/data/T0002/186205/b6634e0/SQLPage-186205/tests/sql_test_files/data/variables_function.sql (ext=.sql, size=71)
2025-12-12 12:49:44,435 - Knowledge - INFO - Fast-tracked /app/data/T0002/186205/b6634e0/SQLPage-186205/tests/core/select_temp_t.sql (ext=.sql, size=147)
2025-12-12 12:49:44,436 - Knowledge - INFO - Worker kw6 processing /app/data/T0002/186205/b6634e0/SQLPage-186205/tests/sql_test_files/component_rendering/temp_table_accessible_in_run_sql_nomssql.sql
2025-12-12 12:49:44,445 - Knowledge - INFO - Worker kw10 processing /app/data/T0002/186205/b6634e0/SQLPage-186205/tests/sql_test_files/data/set_variable_to_sqlpage_post_function.sql
2025-12-12 12:49:44,461 - Knowledge - INFO - Fast-tracked /app/data/T0002/186205/b6634e0/SQLPage-186205/tests/sql_test_files/data/set_variable_to_null_overwrites_existing.sql (ext=.sql, size=53)
2025-12-12 12:49:44,462 - Knowledge - INFO - Worker kw12 processing /app/data/T0002/186205/b6634e0/SQLPage-186205/examples/single sign on/assets/homepage.md
2025-12-12 12:49:44,463 - Knowledge - INFO - Fast-tracked /app/data/T0002/186205/b6634e0/SQLPage-186205/tests/oidc/mod.rs (ext=.rs, size=15150)
2025-12-12 12:49:44,464 - Knowledge - INFO - Fast-tracked /app/data/T0002/186205/b6634e0/SQLPage-186205/examples/splitwise/sqlpage/migrations/0001_views.sql (ext=.sql, size=1184)
2025-12-12 12:49:44,465 - Knowledge - INFO - Fast-tracked /app/data/T0002/186205/b6634e0/SQLPage-186205/LICENSE.txt (ext=.txt, size=1070)
2025-12-12 12:49:44,465 - Knowledge - INFO - Fast-tracked /app/data/T0002/186205/b6634e0/SQLPage-186205/examples/PostGIS - using sqlpage with geographic data/point.sql (ext=.sql, size=1521)
2025-12-12 12:49:44,466 - Knowledge - INFO - Worker kw13 processing /app/data/T0002/186205/b6634e0/SQLPage-186205/examples/roundest_pokemon_rating/src/results.sql
2025-12-12 12:49:44,467 - Knowledge - INFO - Worker kw16 processing /app/data/T0002/186205/b6634e0/SQLPage-186205/examples/rich-text-editor/sqlpage/migrations/01_blog_posts.sql
2025-12-12 12:49:44,467 - Knowledge - INFO - Worker kw18 processing /app/data/T0002/186205/b6634e0/SQLPage-186205/examples/todo application/index.sql
2025-12-12 12:49:44,468 - Knowledge - INFO - Fast-tracked /app/data/T0002/186205/b6634e0/SQLPage-186205/src/webserver/request_variables.rs (ext=.rs, size=903)
2025-12-12 12:49:44,469 - Knowledge - INFO - Fast-tracked /app/data/T0002/186205/b6634e0/SQLPage-186205/examples/user-authentication/generate_password_hash.sql (ext=.sql, size=198)
2025-12-12 12:49:44,469 - Knowledge - INFO - Worker kw20 processing /app/data/T0002/186205/b6634e0/SQLPage-186205/examples/microsoft sql server advanced forms/docker-compose.yml
2025-12-12 12:49:44,470 - Knowledge - INFO - Fast-tracked /app/data/T0002/186205/b6634e0/SQLPage-186205/tests/uploads/upload_file_runsql_test.sql (ext=.sql, size=99)
2025-12-12 12:49:44,474 - Knowledge - INFO - Worker kw7 processing /app/data/T0002/186205/b6634e0/SQLPage-186205/tests/sql_test_files/component_rendering/dynamic_repeated_properties.sql
2025-12-12 12:49:44,474 - Knowledge - INFO - Fast-tracked /app/data/T0002/186205/b6634e0/SQLPage-186205/examples/image gallery with user uploads/index.sql (ext=.sql, size=645)
2025-12-12 12:49:44,479 - Knowledge - INFO - Worker kw8 processing /app/data/T0002/186205/b6634e0/SQLPage-186205/tests/sql_test_files/data/case_variables.sql
2025-12-12 12:49:44,480 - Knowledge - INFO - Worker kw9 processing /app/data/T0002/186205/b6634e0/SQLPage-186205/tests/core/spaces in file name.sql
2025-12-12 12:49:44,481 - Knowledge - INFO - Fast-tracked /app/data/T0002/186205/b6634e0/SQLPage-186205/tests/sql_test_files/component_rendering/temp_table_accessible_in_run_sql_nomssql.sql (ext=.sql, size=264)
2025-12-12 12:49:44,481 - Knowledge - INFO - Fast-tracked /app/data/T0002/186205/b6634e0/SQLPage-186205/tests/sql_test_files/data/set_variable_to_sqlpage_post_function.sql (ext=.sql, size=91)
2025-12-12 12:49:44,482 - Knowledge - INFO - Worker kw5 processing /app/data/T0002/186205/b6634e0/SQLPage-186205/tests/sql_test_files/data/sqlite_unicode_upper.sql
2025-12-12 12:49:44,485 - Knowledge - INFO - Worker kw11 processing /app/data/T0002/186205/b6634e0/SQLPage-186205/tests/webhook_hmac_validation.sql
2025-12-12 12:49:44,485 - Knowledge - INFO - Fast-tracked /app/data/T0002/186205/b6634e0/SQLPage-186205/examples/single sign on/assets/homepage.md (ext=.md, size=1306)
2025-12-12 12:49:44,487 - Knowledge - INFO - Worker kw15 processing /app/data/T0002/186205/b6634e0/SQLPage-186205/examples/splitwise/sqlpage/migrations/0000_schema.sql
2025-12-12 12:49:44,489 - Knowledge - INFO - Worker kw3 processing /app/data/T0002/186205/b6634e0/SQLPage-186205/AGENTS.md
2025-12-12 12:49:44,490 - Knowledge - INFO - Worker kw14 processing /app/data/T0002/186205/b6634e0/SQLPage-186205/examples/PostGIS - using sqlpage with geographic data/index.sql
2025-12-12 12:49:44,491 - Knowledge - INFO - Fast-tracked /app/data/T0002/186205/b6634e0/SQLPage-186205/examples/roundest_pokemon_rating/src/results.sql (ext=.sql, size=390)
2025-12-12 12:49:44,492 - Knowledge - INFO - Fast-tracked /app/data/T0002/186205/b6634e0/SQLPage-186205/examples/rich-text-editor/sqlpage/migrations/01_blog_posts.sql (ext=.sql, size=121)
2025-12-12 12:49:44,492 - Knowledge - INFO - Fast-tracked /app/data/T0002/186205/b6634e0/SQLPage-186205/examples/todo application/index.sql (ext=.sql, size=471)
2025-12-12 12:49:44,493 - Knowledge - INFO - Worker kw1 processing /app/data/T0002/186205/b6634e0/SQLPage-186205/src/webserver/content_security_policy.rs
2025-12-12 12:49:44,493 - Knowledge - INFO - Worker kw17 processing /app/data/T0002/186205/b6634e0/SQLPage-186205/examples/user-authentication/sqlpage/migrations/0001_create_admin_user.sql
2025-12-12 12:49:44,526 - Knowledge - INFO - Fast-tracked /app/data/T0002/186205/b6634e0/SQLPage-186205/examples/microsoft sql server advanced forms/docker-compose.yml (ext=.yml, size=923)
2025-12-12 12:49:44,526 - Knowledge - INFO - Worker kw4 processing /app/data/T0002/186205/b6634e0/SQLPage-186205/tests/uploads/upload_csv_test.sql
2025-12-12 12:49:44,529 - Knowledge - INFO - Fast-tracked /app/data/T0002/186205/b6634e0/SQLPage-186205/tests/sql_test_files/component_rendering/dynamic_repeated_properties.sql (ext=.sql, size=327)
2025-12-12 12:49:44,530 - Knowledge - INFO - Worker kw19 processing /app/data/T0002/186205/b6634e0/SQLPage-186205/examples/image gallery with user uploads/upload_form.sql
2025-12-12 12:49:44,530 - Knowledge - INFO - Fast-tracked /app/data/T0002/186205/b6634e0/SQLPage-186205/src/webserver/http_client.rs (small file (2720 bytes))
2025-12-12 12:49:44,531 - Knowledge - INFO - Fast-tracked /app/data/T0002/186205/b6634e0/SQLPage-186205/tests/core/spaces in file name.sql (ext=.sql, size=53)
2025-12-12 12:49:44,531 - Knowledge - INFO - Fast-tracked /app/data/T0002/186205/b6634e0/SQLPage-186205/tests/sql_test_files/data/case_variables.sql (ext=.sql, size=263)
2025-12-12 12:49:44,532 - Knowledge - INFO - Worker kw6 processing /app/data/T0002/186205/b6634e0/SQLPage-186205/tests/sql_test_files/component_rendering/dynamic_toplevel.sql
2025-12-12 12:49:44,532 - Knowledge - INFO - Worker kw10 processing /app/data/T0002/186205/b6634e0/SQLPage-186205/tests/sql_test_files/data/read_file_as_data_url.sql
2025-12-12 12:49:44,533 - Knowledge - INFO - Fast-tracked /app/data/T0002/186205/b6634e0/SQLPage-186205/tests/sql_test_files/data/sqlite_unicode_upper.sql (ext=.sql, size=131)
2025-12-12 12:49:44,534 - Knowledge - INFO - Worker kw12 processing /app/data/T0002/186205/b6634e0/SQLPage-186205/examples/single sign on/cas/logout.sql
2025-12-12 12:49:44,534 - Knowledge - INFO - Fast-tracked /app/data/T0002/186205/b6634e0/SQLPage-186205/tests/webhook_hmac_validation.sql (ext=.sql, size=955)
2025-12-12 12:49:44,535 - Knowledge - INFO - Fast-tracked /app/data/T0002/186205/b6634e0/SQLPage-186205/examples/splitwise/sqlpage/migrations/0000_schema.sql (ext=.sql, size=420)
2025-12-12 12:49:44,536 - Knowledge - INFO - Fast-tracked /app/data/T0002/186205/b6634e0/SQLPage-186205/AGENTS.md (ext=.md, size=2186)
2025-12-12 12:49:44,536 - Knowledge - INFO - Fast-tracked /app/data/T0002/186205/b6634e0/SQLPage-186205/examples/PostGIS - using sqlpage with geographic data/index.sql (ext=.sql, size=945)
2025-12-12 12:49:44,537 - Knowledge - INFO - Worker kw13 processing /app/data/T0002/186205/b6634e0/SQLPage-186205/examples/roundest_pokemon_rating/src/populate.sql
2025-12-12 12:49:44,537 - Knowledge - INFO - Worker kw16 processing /app/data/T0002/186205/b6634e0/SQLPage-186205/examples/rich-text-editor/README.md
2025-12-12 12:49:44,538 - Knowledge - INFO - Worker kw18 processing /app/data/T0002/186205/b6634e0/SQLPage-186205/examples/todo application/delete.sql
2025-12-12 12:49:44,539 - Knowledge - INFO - Worker kw20 processing /app/data/T0002/186205/b6634e0/SQLPage-186205/examples/tiny_twitter/index.sql
2025-12-12 12:49:44,539 - Knowledge - INFO - Fast-tracked /app/data/T0002/186205/b6634e0/SQLPage-186205/examples/user-authentication/sqlpage/migrations/0001_create_admin_user.sql (ext=.sql, size=296)
2025-12-12 12:49:44,539 - Knowledge - INFO - Worker kw7 processing /app/data/T0002/186205/b6634e0/SQLPage-186205/tests/sql_test_files/component_rendering/simple.sql
2025-12-12 12:49:44,540 - Knowledge - INFO - Fast-tracked /app/data/T0002/186205/b6634e0/SQLPage-186205/tests/uploads/upload_csv_test.sql (ext=.sql, size=317)
2025-12-12 12:49:44,540 - Knowledge - INFO - Fast-tracked /app/data/T0002/186205/b6634e0/SQLPage-186205/examples/image gallery with user uploads/upload_form.sql (ext=.sql, size=539)
2025-12-12 12:49:44,541 - Knowledge - INFO - Worker kw9 processing /app/data/T0002/186205/b6634e0/SQLPage-186205/tests/core/mod.rs
2025-12-12 12:49:44,541 - Knowledge - INFO - Worker kw8 processing /app/data/T0002/186205/b6634e0/SQLPage-186205/tests/sql_test_files/data/fetch_with_meta_simple.sql
2025-12-12 12:49:44,542 - Knowledge - INFO - Fast-tracked /app/data/T0002/186205/b6634e0/SQLPage-186205/tests/sql_test_files/component_rendering/dynamic_toplevel.sql (ext=.sql, size=306)
2025-12-12 12:49:44,542 - Knowledge - INFO - Fast-tracked /app/data/T0002/186205/b6634e0/SQLPage-186205/src/cli/commands.rs (small file (2633 bytes))
2025-12-12 12:49:44,543 - Knowledge - INFO - Worker kw5 processing /app/data/T0002/186205/b6634e0/SQLPage-186205/tests/sql_test_files/data/fetch_simple.sql
2025-12-12 12:49:44,544 - Knowledge - INFO - Fast-tracked /app/data/T0002/186205/b6634e0/SQLPage-186205/tests/sql_test_files/data/read_file_as_data_url.sql (ext=.sql, size=169)
2025-12-12 12:49:44,544 - Knowledge - INFO - Worker kw11 processing /app/data/T0002/186205/b6634e0/SQLPage-186205/build.rs
2025-12-12 12:49:44,545 - Knowledge - INFO - Worker kw15 processing /app/data/T0002/186205/b6634e0/SQLPage-186205/examples/splitwise/README.md
2025-12-12 12:49:44,545 - Knowledge - INFO - Fast-tracked /app/data/T0002/186205/b6634e0/SQLPage-186205/examples/single sign on/cas/logout.sql (ext=.sql, size=462)
2025-12-12 12:49:44,546 - Knowledge - INFO - Worker kw3 processing /app/data/T0002/186205/b6634e0/SQLPage-186205/db-test-setup/mssql/entrypoint.sh
2025-12-12 12:49:44,546 - Knowledge - INFO - Worker kw14 processing /app/data/T0002/186205/b6634e0/SQLPage-186205/examples/PostGIS - using sqlpage with geographic data/sqlpage/sqlpage.json
2025-12-12 12:49:44,547 - Knowledge - INFO - Fast-tracked /app/data/T0002/186205/b6634e0/SQLPage-186205/examples/roundest_pokemon_rating/src/populate.sql (ext=.sql, size=420)
2025-12-12 12:49:44,548 - Knowledge - INFO - Fast-tracked /app/data/T0002/186205/b6634e0/SQLPage-186205/examples/rich-text-editor/README.md (ext=.md, size=255)
2025-12-12 12:49:44,549 - Knowledge - INFO - Fast-tracked /app/data/T0002/186205/b6634e0/SQLPage-186205/examples/todo application/delete.sql (ext=.sql, size=1844)
2025-12-12 12:49:44,551 - Knowledge - INFO - Fast-tracked /app/data/T0002/186205/b6634e0/SQLPage-186205/examples/tiny_twitter/index.sql (ext=.sql, size=540)
2025-12-12 12:49:44,551 - Knowledge - INFO - Worker kw17 processing /app/data/T0002/186205/b6634e0/SQLPage-186205/examples/user-authentication/sqlpage/migrations/0000_init.sql
2025-12-12 12:49:44,553 - Knowledge - INFO - Fast-tracked /app/data/T0002/186205/b6634e0/SQLPage-186205/tests/sql_test_files/component_rendering/simple.sql (ext=.sql, size=108)
2025-12-12 12:49:44,554 - Knowledge - INFO - Worker kw4 processing /app/data/T0002/186205/b6634e0/SQLPage-186205/tests/uploads/mod.rs
2025-12-12 12:49:44,556 - Knowledge - INFO - Worker kw19 processing /app/data/T0002/186205/b6634e0/SQLPage-186205/examples/image gallery with user uploads/create_session.sql
2025-12-12 12:49:44,557 - Knowledge - INFO - Fast-tracked /app/data/T0002/186205/b6634e0/SQLPage-186205/tests/core/mod.rs (ext=.rs, size=7058)
2025-12-12 12:49:44,559 - Knowledge - INFO - Fast-tracked /app/data/T0002/186205/b6634e0/SQLPage-186205/tests/sql_test_files/data/fetch_with_meta_simple.sql (ext=.sql, size=388)
2025-12-12 12:49:44,560 - Knowledge - INFO - Worker kw6 processing /app/data/T0002/186205/b6634e0/SQLPage-186205/tests/sql_test_files/component_rendering/error_cookie_component_cannot_be_used_after_data_has_already_been_sent.sql
2025-12-12 12:49:44,561 - Knowledge - INFO - Worker kw10 processing /app/data/T0002/186205/b6634e0/SQLPage-186205/tests/sql_test_files/data/set_variable_to_other_variable.sql
2025-12-12 12:49:44,561 - Knowledge - INFO - Fast-tracked /app/data/T0002/186205/b6634e0/SQLPage-186205/tests/sql_test_files/data/fetch_simple.sql (ext=.sql, size=161)
2025-12-12 12:49:44,562 - Knowledge - INFO - Worker kw11 processing /app/data/T0002/186205/b6634e0/SQLPage-186205/docker-compose.yml
2025-12-12 12:49:44,563 - Knowledge - INFO - Fast-tracked /app/data/T0002/186205/b6634e0/SQLPage-186205/examples/splitwise/README.md (ext=.md, size=215)
2025-12-12 12:49:44,563 - Knowledge - INFO - Worker kw12 processing /app/data/T0002/186205/b6634e0/SQLPage-186205/examples/single sign on/cas/index.sql
2025-12-12 12:49:44,566 - Knowledge - INFO - Fast-tracked /app/data/T0002/186205/b6634e0/SQLPage-186205/db-test-setup/mssql/entrypoint.sh (ext=.sh, size=311)
2025-12-12 12:49:44,568 - Knowledge - INFO - Fast-tracked /app/data/T0002/186205/b6634e0/SQLPage-186205/examples/PostGIS - using sqlpage with geographic data/sqlpage/sqlpage.json (ext=.json, size=97)
2025-12-12 12:49:44,568 - Knowledge - INFO - Worker kw13 processing /app/data/T0002/186205/b6634e0/SQLPage-186205/examples/roundest_pokemon_rating/src/vote.sql
2025-12-12 12:49:44,570 - Knowledge - INFO - Worker kw16 processing /app/data/T0002/186205/b6634e0/SQLPage-186205/examples/rich-text-editor/rich_text_editor.js
2025-12-12 12:49:44,571 - Knowledge - INFO - Worker kw18 processing /app/data/T0002/186205/b6634e0/SQLPage-186205/examples/todo application/timeline.sql
2025-12-12 12:49:44,572 - Knowledge - INFO - Worker kw20 processing /app/data/T0002/186205/b6634e0/SQLPage-186205/examples/tiny_twitter/sqlpage/migrations/0001_tweets.sql
2025-12-12 12:49:44,573 - Knowledge - INFO - Fast-tracked /app/data/T0002/186205/b6634e0/SQLPage-186205/examples/user-authentication/sqlpage/migrations/0000_init.sql (ext=.sql, size=268)
2025-12-12 12:49:44,574 - Knowledge - INFO - Worker kw7 processing /app/data/T0002/186205/b6634e0/SQLPage-186205/tests/sql_test_files/component_rendering/deeply_nested_dynamic_components.sql
2025-12-12 12:49:44,577 - Knowledge - INFO - Fast-tracked /app/data/T0002/186205/b6634e0/SQLPage-186205/examples/image gallery with user uploads/create_session.sql (ext=.sql, size=748)
2025-12-12 12:49:44,578 - Knowledge - INFO - Fast-tracked /app/data/T0002/186205/b6634e0/SQLPage-186205/tests/sql_test_files/component_rendering/deeply_nested_dynamic_components.sql (ext=.sql, size=4903)
2025-12-12 12:49:44,582 - Knowledge - INFO - Worker kw9 processing /app/data/T0002/186205/b6634e0/SQLPage-186205/tests/transactions/failed_transaction.sql
2025-12-12 12:49:44,585 - Knowledge - INFO - Worker kw8 processing /app/data/T0002/186205/b6634e0/SQLPage-186205/tests/sql_test_files/data/variables_function_get_and_post.sql
2025-12-12 12:49:44,588 - Knowledge - INFO - Fast-tracked /app/data/T0002/186205/b6634e0/SQLPage-186205/tests/sql_test_files/component_rendering/error_cookie_component_cannot_be_used_after_data_has_already_been_sent.sql (ext=.sql, size=148)
2025-12-12 12:49:44,624 - Knowledge - INFO - Fast-tracked /app/data/T0002/186205/b6634e0/SQLPage-186205/tests/sql_test_files/data/set_variable_to_other_variable.sql (ext=.sql, size=75)
2025-12-12 12:49:44,629 - Knowledge - INFO - Worker kw5 processing /app/data/T0002/186205/b6634e0/SQLPage-186205/tests/sql_test_files/data/set_variable_numeric.sql
2025-12-12 12:49:44,633 - Knowledge - INFO - Fast-tracked /app/data/T0002/186205/b6634e0/SQLPage-186205/docker-compose.yml (ext=.yml, size=1909)
2025-12-12 12:49:44,639 - Knowledge - INFO - Worker kw15 processing /app/data/T0002/186205/b6634e0/SQLPage-186205/examples/splitwise/group.sql
2025-12-12 12:49:44,642 - Knowledge - INFO - Worker kw3 processing /app/data/T0002/186205/b6634e0/SQLPage-186205/db-test-setup/mssql/setup.sql
2025-12-12 12:49:44,648 - Knowledge - INFO - Worker kw14 processing /app/data/T0002/186205/b6634e0/SQLPage-186205/examples/PostGIS - using sqlpage with geographic data/sqlpage/migrations/0000_create_db.sql
2025-12-12 12:49:44,649 - Knowledge - INFO - Fast-tracked /app/data/T0002/186205/b6634e0/SQLPage-186205/examples/single sign on/cas/index.sql (ext=.sql, size=364)
2025-12-12 12:49:44,651 - Knowledge - INFO - Worker kw16 processing /app/data/T0002/186205/b6634e0/SQLPage-186205/examples/read-and-set-http-cookies/logout.sql
2025-12-12 12:49:44,651 - Knowledge - INFO - Fast-tracked /app/data/T0002/186205/b6634e0/SQLPage-186205/examples/roundest_pokemon_rating/src/vote.sql (ext=.sql, size=199)
2025-12-12 12:49:44,655 - Knowledge - INFO - Fast-tracked /app/data/T0002/186205/b6634e0/SQLPage-186205/examples/todo application/timeline.sql (ext=.sql, size=365)
2025-12-12 12:49:44,659 - Knowledge - INFO - Worker kw17 processing /app/data/T0002/186205/b6634e0/SQLPage-186205/examples/user-authentication/README.md
2025-12-12 12:49:44,659 - Knowledge - INFO - Fast-tracked /app/data/T0002/186205/b6634e0/SQLPage-186205/examples/tiny_twitter/sqlpage/migrations/0001_tweets.sql (ext=.sql, size=56)
2025-12-12 12:49:44,662 - Knowledge - INFO - Worker kw19 processing /app/data/T0002/186205/b6634e0/SQLPage-186205/examples/image gallery with user uploads/sqlpage/sqlpage.json
2025-12-12 12:49:44,667 - Knowledge - INFO - Fast-tracked /app/data/T0002/186205/b6634e0/SQLPage-186205/tests/uploads/mod.rs (ext=.rs, size=5687)
2025-12-12 12:49:44,668 - Knowledge - INFO - Worker kw7 processing /app/data/T0002/186205/b6634e0/SQLPage-186205/tests/sql_test_files/component_rendering/run_sql.sql
2025-12-12 12:49:44,670 - Knowledge - INFO - Fast-tracked /app/data/T0002/186205/b6634e0/SQLPage-186205/tests/sql_test_files/data/variables_function_get_and_post.sql (ext=.sql, size=66)
2025-12-12 12:49:44,671 - Knowledge - INFO - Fast-tracked /app/data/T0002/186205/b6634e0/SQLPage-186205/tests/transactions/failed_transaction.sql (ext=.sql, size=146)
2025-12-12 12:49:44,671 - Knowledge - INFO - Worker kw6 processing /app/data/T0002/186205/b6634e0/SQLPage-186205/tests/sql_test_files/component_rendering/error_failed_to_import_the_csv.sql
2025-12-12 12:49:44,672 - Knowledge - INFO - Worker kw10 processing /app/data/T0002/186205/b6634e0/SQLPage-186205/tests/sql_test_files/data/request_method.sql
2025-12-12 12:49:44,675 - Knowledge - INFO - Worker kw11 processing /app/data/T0002/186205/b6634e0/SQLPage-186205/SECURITY.md
2025-12-12 12:49:44,675 - Knowledge - INFO - Fast-tracked /app/data/T0002/186205/b6634e0/SQLPage-186205/tests/sql_test_files/data/set_variable_numeric.sql (ext=.sql, size=57)
2025-12-12 12:49:44,676 - Knowledge - INFO - Fast-tracked /app/data/T0002/186205/b6634e0/SQLPage-186205/examples/splitwise/group.sql (ext=.sql, size=1958)
2025-12-12 12:49:44,681 - Knowledge - INFO - Fast-tracked /app/data/T0002/186205/b6634e0/SQLPage-186205/db-test-setup/mssql/setup.sql (ext=.sql, size=286)
2025-12-12 12:49:44,685 - Knowledge - INFO - Worker kw12 processing /app/data/T0002/186205/b6634e0/SQLPage-186205/examples/single sign on/cas/redirect_handler.sql
2025-12-12 12:49:44,687 - Knowledge - INFO - Fast-tracked /app/data/T0002/186205/b6634e0/SQLPage-186205/src/index.sql (small file (2293 bytes))
2025-12-12 12:49:44,687 - Knowledge - INFO - Fast-tracked /app/data/T0002/186205/b6634e0/SQLPage-186205/examples/PostGIS - using sqlpage with geographic data/sqlpage/migrations/0000_create_db.sql (ext=.sql, size=680)
2025-12-12 12:49:44,688 - Knowledge - INFO - Fast-tracked /app/data/T0002/186205/b6634e0/SQLPage-186205/examples/read-and-set-http-cookies/logout.sql (ext=.sql, size=157)
2025-12-12 12:49:44,689 - Knowledge - INFO - Worker kw13 processing /app/data/T0002/186205/b6634e0/SQLPage-186205/examples/roundest_pokemon_rating/src/index.sql
2025-12-12 12:49:44,690 - Knowledge - INFO - Worker kw18 processing /app/data/T0002/186205/b6634e0/SQLPage-186205/examples/todo application/sqlpage/sqlpage.json
2025-12-12 12:49:44,690 - Knowledge - INFO - Fast-tracked /app/data/T0002/186205/b6634e0/SQLPage-186205/examples/user-authentication/README.md (ext=.md, size=3769)
2025-12-12 12:49:44,691 - Knowledge - INFO - Worker kw17 processing /app/data/T0002/186205/b6634e0/SQLPage-186205/examples/user-authentication/docker-compose.yml
2025-12-12 12:49:44,727 - Knowledge - INFO - Worker kw4 processing /app/data/T0002/186205/b6634e0/SQLPage-186205/tests/requests/webhook_hmac.rs
2025-12-12 12:49:44,728 - Knowledge - INFO - Fast-tracked /app/data/T0002/186205/b6634e0/SQLPage-186205/examples/image gallery with user uploads/sqlpage/sqlpage.json (ext=.json, size=40)
2025-12-12 12:49:44,731 - Knowledge - INFO - Worker kw8 processing /app/data/T0002/186205/b6634e0/SQLPage-186205/tests/sql_test_files/data/set_variable_to_sqlpage_function.sql
2025-12-12 12:49:44,732 - Knowledge - INFO - Fast-tracked /app/data/T0002/186205/b6634e0/SQLPage-186205/tests/sql_test_files/component_rendering/run_sql.sql (ext=.sql, size=121)
2025-12-12 12:49:44,732 - Knowledge - INFO - Worker kw9 processing /app/data/T0002/186205/b6634e0/SQLPage-186205/tests/transactions/failed_transaction_mysql.sql
2025-12-12 12:49:44,739 - Knowledge - INFO - Fast-tracked /app/data/T0002/186205/b6634e0/SQLPage-186205/tests/sql_test_files/component_rendering/error_failed_to_import_the_csv.sql (ext=.sql, size=132)
2025-12-12 12:49:44,740 - Knowledge - INFO - Fast-tracked /app/data/T0002/186205/b6634e0/SQLPage-186205/tests/sql_test_files/data/request_method.sql (ext=.sql, size=106)
2025-12-12 12:49:44,740 - Knowledge - INFO - Worker kw5 processing /app/data/T0002/186205/b6634e0/SQLPage-186205/tests/sql_test_files/data/create_table.sql
2025-12-12 12:49:44,741 - Knowledge - INFO - Fast-tracked /app/data/T0002/186205/b6634e0/SQLPage-186205/SECURITY.md (ext=.md, size=287)
2025-12-12 12:49:44,741 - Knowledge - INFO - Worker kw15 processing /app/data/T0002/186205/b6634e0/SQLPage-186205/examples/nginx/sqlpage_config/sqlpage.json
2025-12-12 12:49:44,744 - Knowledge - INFO - Worker kw3 processing /app/data/T0002/186205/b6634e0/SQLPage-186205/db-test-setup/postgres/ssl/README.md
2025-12-12 12:49:44,745 - Knowledge - INFO - Worker kw12 processing /app/data/T0002/186205/b6634e0/SQLPage-186205/examples/single sign on/cas/README.md
2025-12-12 12:49:44,746 - Knowledge - INFO - Worker kw14 processing /app/data/T0002/186205/b6634e0/SQLPage-186205/examples/PostGIS - using sqlpage with geographic data/edition_form.sql
2025-12-12 12:49:44,747 - Knowledge - INFO - Worker kw16 processing /app/data/T0002/186205/b6634e0/SQLPage-186205/examples/read-and-set-http-cookies/index.sql
2025-12-12 12:49:44,748 - Knowledge - INFO - Fast-tracked /app/data/T0002/186205/b6634e0/SQLPage-186205/examples/roundest_pokemon_rating/src/index.sql (ext=.sql, size=204)
2025-12-12 12:49:44,748 - Knowledge - INFO - Fast-tracked /app/data/T0002/186205/b6634e0/SQLPage-186205/examples/todo application/sqlpage/sqlpage.json (ext=.json, size=63)
2025-12-12 12:49:44,750 - Knowledge - INFO - Worker kw20 processing /app/data/T0002/186205/b6634e0/SQLPage-186205/examples/tiny_twitter/README.md
2025-12-12 12:49:44,755 - Knowledge - INFO - Fast-tracked /app/data/T0002/186205/b6634e0/SQLPage-186205/examples/user-authentication/docker-compose.yml (ext=.yml, size=645)
2025-12-12 12:49:44,757 - Knowledge - INFO - Worker kw19 processing /app/data/T0002/186205/b6634e0/SQLPage-186205/examples/image gallery with user uploads/sqlpage/migrations/0002_users.sql
2025-12-12 12:49:44,758 - Knowledge - INFO - Fast-tracked /app/data/T0002/186205/b6634e0/SQLPage-186205/tests/requests/webhook_hmac.rs (ext=.rs, size=3158)
2025-12-12 12:49:44,760 - Knowledge - INFO - Fast-tracked /app/data/T0002/186205/b6634e0/SQLPage-186205/tests/sql_test_files/data/set_variable_to_sqlpage_function.sql (ext=.sql, size=86)
2025-12-12 12:49:44,760 - Knowledge - INFO - Worker kw7 processing /app/data/T0002/186205/b6634e0/SQLPage-186205/tests/sql_test_files/component_rendering/error_single_shell_per_page.sql
2025-12-12 12:49:44,761 - Knowledge - INFO - Worker kw6 processing /app/data/T0002/186205/b6634e0/SQLPage-186205/tests/sql_test_files/component_rendering/error_invalid_json_in_dynamic_component.sql
2025-12-12 12:49:44,763 - Knowledge - INFO - Fast-tracked /app/data/T0002/186205/b6634e0/SQLPage-186205/tests/transactions/failed_transaction_mysql.sql (ext=.sql, size=506)
2025-12-12 12:49:44,763 - Knowledge - INFO - Worker kw10 processing /app/data/T0002/186205/b6634e0/SQLPage-186205/tests/sql_test_files/data/varchar_nomysql.sql
2025-12-12 12:49:44,769 - Knowledge - INFO - Fast-tracked /app/data/T0002/186205/b6634e0/SQLPage-186205/tests/sql_test_files/data/create_table.sql (ext=.sql, size=194)
2025-12-12 12:49:44,772 - Knowledge - INFO - Worker kw11 processing /app/data/T0002/186205/b6634e0/SQLPage-186205/configuration.md
2025-12-12 12:49:44,776 - Knowledge - INFO - Fast-tracked /app/data/T0002/186205/b6634e0/SQLPage-186205/examples/nginx/sqlpage_config/sqlpage.json (ext=.json, size=194)
2025-12-12 12:49:44,778 - Knowledge - INFO - Fast-tracked /app/data/T0002/186205/b6634e0/SQLPage-186205/db-test-setup/postgres/ssl/README.md (ext=.md, size=241)
2025-12-12 12:49:44,779 - Knowledge - INFO - Fast-tracked /app/data/T0002/186205/b6634e0/SQLPage-186205/examples/single sign on/cas/README.md (ext=.md, size=5349)
2025-12-12 12:49:44,780 - Knowledge - INFO - Fast-tracked /app/data/T0002/186205/b6634e0/SQLPage-186205/examples/PostGIS - using sqlpage with geographic data/edition_form.sql (ext=.sql, size=531)
2025-12-12 12:49:44,781 - Knowledge - INFO - Fast-tracked /app/data/T0002/186205/b6634e0/SQLPage-186205/examples/read-and-set-http-cookies/index.sql (ext=.sql, size=624)
2025-12-12 12:49:44,785 - Knowledge - INFO - Worker kw13 processing /app/data/T0002/186205/b6634e0/SQLPage-186205/examples/roundest_pokemon_rating/sqlpage/migrations/0000_pokemon_table.sql
2025-12-12 12:49:44,791 - Knowledge - INFO - Worker kw18 processing /app/data/T0002/186205/b6634e0/SQLPage-186205/examples/todo application/sqlpage/migrations/0000_init.sql
2025-12-12 12:49:44,793 - Knowledge - INFO - Fast-tracked /app/data/T0002/186205/b6634e0/SQLPage-186205/examples/tiny_twitter/README.md (ext=.md, size=370)
2025-12-12 12:49:44,795 - Knowledge - INFO - Worker kw17 processing /app/data/T0002/186205/b6634e0/SQLPage-186205/examples/user-authentication/login.sql
2025-12-12 12:49:44,824 - Knowledge - INFO - Fast-tracked /app/data/T0002/186205/b6634e0/SQLPage-186205/examples/user-authentication/login.sql (ext=.sql, size=832)
2025-12-12 12:49:44,826 - Knowledge - INFO - Worker kw4 processing /app/data/T0002/186205/b6634e0/SQLPage-186205/tests/requests/request_download_test.sql
2025-12-12 12:49:44,826 - Knowledge - INFO - Worker kw8 processing /app/data/T0002/186205/b6634e0/SQLPage-186205/tests/sql_test_files/data/fetch_with_meta_error.sql
2025-12-12 12:49:44,827 - Knowledge - INFO - Fast-tracked /app/data/T0002/186205/b6634e0/SQLPage-186205/src/webserver/database/mod.rs (small file (2993 bytes))
2025-12-12 12:49:44,828 - Knowledge - INFO - Fast-tracked /app/data/T0002/186205/b6634e0/SQLPage-186205/tests/sql_test_files/component_rendering/error_single_shell_per_page.sql (ext=.sql, size=93)
2025-12-12 12:49:44,829 - Knowledge - INFO - Worker kw9 processing /app/data/T0002/186205/b6634e0/SQLPage-186205/tests/transactions/mod.rs
2025-12-12 12:49:44,834 - Knowledge - INFO - Fast-tracked /app/data/T0002/186205/b6634e0/SQLPage-186205/tests/sql_test_files/data/varchar_nomysql.sql (ext=.sql, size=169)
2025-12-12 12:49:44,838 - Knowledge - INFO - Fast-tracked /app/data/T0002/186205/b6634e0/SQLPage-186205/tests/sql_test_files/component_rendering/error_invalid_json_in_dynamic_component.sql (ext=.sql, size=147)
2025-12-12 12:49:44,840 - Knowledge - INFO - Worker kw5 processing /app/data/T0002/186205/b6634e0/SQLPage-186205/tests/sql_test_files/data/concat_str_in_pseudofunction.sql
2025-12-12 12:49:44,848 - Knowledge - INFO - Fast-tracked /app/data/T0002/186205/b6634e0/SQLPage-186205/configuration.md (ext=.md, size=25504)
2025-12-12 12:49:44,848 - Knowledge - INFO - Worker kw15 processing /app/data/T0002/186205/b6634e0/SQLPage-186205/examples/nginx/sqlpage_config/migrations/000_init.sql
2025-12-12 12:49:44,851 - Knowledge - INFO - Worker kw3 processing /app/data/T0002/186205/b6634e0/SQLPage-186205/docs/sqlpage for sqlite.md
2025-12-12 12:49:44,851 - Knowledge - INFO - Worker kw12 processing /app/data/T0002/186205/b6634e0/SQLPage-186205/examples/single sign on/cas/login.sql
2025-12-12 12:49:44,852 - Knowledge - INFO - Worker kw14 processing /app/data/T0002/186205/b6634e0/SQLPage-186205/examples/PostGIS - using sqlpage with geographic data/README.md
2025-12-12 12:49:44,854 - Knowledge - INFO - Worker kw16 processing /app/data/T0002/186205/b6634e0/SQLPage-186205/examples/read-and-set-http-cookies/sqlpage/sqlpage.json
2025-12-12 12:49:44,855 - Knowledge - INFO - Fast-tracked /app/data/T0002/186205/b6634e0/SQLPage-186205/examples/roundest_pokemon_rating/sqlpage/migrations/0000_pokemon_table.sql (ext=.sql, size=160)
2025-12-12 12:49:44,856 - Knowledge - INFO - Worker kw20 processing /app/data/T0002/186205/b6634e0/SQLPage-186205/examples/tiny_twitter/docker-compose.yml
2025-12-12 12:49:44,856 - Knowledge - INFO - Fast-tracked /app/data/T0002/186205/b6634e0/SQLPage-186205/examples/todo application/sqlpage/migrations/0000_init.sql (ext=.sql, size=126)
2025-12-12 12:49:44,857 - Knowledge - INFO - Fast-tracked /app/data/T0002/186205/b6634e0/SQLPage-186205/examples/image gallery with user uploads/sqlpage/migrations/0002_users.sql (ext=.sql, size=538)
2025-12-12 12:49:44,858 - Knowledge - INFO - Worker kw17 processing /app/data/T0002/186205/b6634e0/SQLPage-186205/examples/user-authentication/create_user_welcome_message.sql
2025-12-12 12:49:44,858 - Knowledge - INFO - Fast-tracked /app/data/T0002/186205/b6634e0/SQLPage-186205/examples/user-authentication/create_user_welcome_message.sql (ext=.sql, size=714)
2025-12-12 12:49:44,860 - Knowledge - INFO - Fast-tracked /app/data/T0002/186205/b6634e0/SQLPage-186205/tests/sql_test_files/data/fetch_with_meta_error.sql (ext=.sql, size=132)
2025-12-12 12:49:44,863 - Knowledge - INFO - Worker kw7 processing /app/data/T0002/186205/b6634e0/SQLPage-186205/tests/sql_test_files/component_rendering/dynamic_shell.sql
2025-12-12 12:49:44,866 - Knowledge - INFO - Fast-tracked /app/data/T0002/186205/b6634e0/SQLPage-186205/tests/transactions/mod.rs (ext=.rs, size=3861)
2025-12-12 12:49:44,867 - Knowledge - INFO - Worker kw10 processing /app/data/T0002/186205/b6634e0/SQLPage-186205/tests/sql_test_files/data/header.sql
2025-12-12 12:49:44,868 - Knowledge - INFO - Worker kw6 processing /app/data/T0002/186205/b6634e0/SQLPage-186205/tests/sql_test_files/component_rendering/shell_search.sql
2025-12-12 12:49:44,869 - Knowledge - INFO - Fast-tracked /app/data/T0002/186205/b6634e0/SQLPage-186205/tests/sql_test_files/data/concat_str_in_pseudofunction.sql (ext=.sql, size=223)
2025-12-12 12:49:44,870 - Knowledge - INFO - Worker kw11 processing /app/data/T0002/186205/b6634e0/SQLPage-186205/CONTRIBUTING.md
2025-12-12 12:49:44,873 - Knowledge - INFO - Fast-tracked /app/data/T0002/186205/b6634e0/SQLPage-186205/examples/single sign on/cas/login.sql (ext=.sql, size=211)
2025-12-12 12:49:44,873 - Knowledge - INFO - Fast-tracked /app/data/T0002/186205/b6634e0/SQLPage-186205/docs/sqlpage for sqlite.md (ext=.md, size=2468)
2025-12-12 12:49:44,874 - Knowledge - INFO - Fast-tracked /app/data/T0002/186205/b6634e0/SQLPage-186205/examples/nginx/sqlpage_config/migrations/000_init.sql (ext=.sql, size=1099)
2025-12-12 12:49:44,875 - Knowledge - INFO - Worker kw12 processing /app/data/T0002/186205/b6634e0/SQLPage-186205/examples/modeling a many to many relationship with a form/topics.sql
2025-12-12 12:49:44,877 - Knowledge - INFO - Worker kw13 processing /app/data/T0002/186205/b6634e0/SQLPage-186205/examples/roundest_pokemon_rating/README.md
2025-12-12 12:49:44,877 - Knowledge - INFO - Fast-tracked /app/data/T0002/186205/b6634e0/SQLPage-186205/examples/read-and-set-http-cookies/sqlpage/sqlpage.json (ext=.json, size=42)
2025-12-12 12:49:44,879 - Knowledge - INFO - Fast-tracked /app/data/T0002/186205/b6634e0/SQLPage-186205/examples/tiny_twitter/docker-compose.yml (ext=.yml, size=352)
2025-12-12 12:49:44,880 - Knowledge - INFO - Worker kw18 processing /app/data/T0002/186205/b6634e0/SQLPage-186205/examples/todo application/sqlpage/migrations/README.md
2025-12-12 12:49:44,881 - Knowledge - INFO - Worker kw19 processing /app/data/T0002/186205/b6634e0/SQLPage-186205/examples/image gallery with user uploads/sqlpage/migrations/0001_images_table.sql
2025-12-12 12:49:44,884 - Knowledge - INFO - Fast-tracked /app/data/T0002/186205/b6634e0/SQLPage-186205/tests/requests/request_download_test.sql (ext=.sql, size=140)
2025-12-12 12:49:44,884 - Knowledge - INFO - Worker kw17 processing /app/data/T0002/186205/b6634e0/SQLPage-186205/examples/custom form component/basic.sql
2025-12-12 12:49:44,885 - Knowledge - INFO - Worker kw8 processing /app/data/T0002/186205/b6634e0/SQLPage-186205/tests/sql_test_files/data/fetch_null.sql
2025-12-12 12:49:44,887 - Knowledge - INFO - Worker kw9 processing /app/data/T0002/186205/b6634e0/SQLPage-186205/tests/transactions/failed_transaction_mssql.sql
2025-12-12 12:49:44,889 - Knowledge - INFO - Fast-tracked /app/data/T0002/186205/b6634e0/SQLPage-186205/tests/sql_test_files/component_rendering/dynamic_shell.sql (ext=.sql, size=287)
2025-12-12 12:49:44,890 - Knowledge - INFO - Fast-tracked /app/data/T0002/186205/b6634e0/SQLPage-186205/tests/sql_test_files/data/header.sql (ext=.sql, size=72)
2025-12-12 12:49:44,890 - Knowledge - INFO - Fast-tracked /app/data/T0002/186205/b6634e0/SQLPage-186205/tests/sql_test_files/component_rendering/shell_search.sql (ext=.sql, size=88)
2025-12-12 12:49:44,891 - Knowledge - INFO - Worker kw5 processing /app/data/T0002/186205/b6634e0/SQLPage-186205/tests/sql_test_files/data/nested_sqlpage_functions.sql
2025-12-12 12:49:44,892 - Knowledge - INFO - Fast-tracked /app/data/T0002/186205/b6634e0/SQLPage-186205/CONTRIBUTING.md (ext=.md, size=6207)
2025-12-12 12:49:44,893 - Knowledge - INFO - Fast-tracked /app/data/T0002/186205/b6634e0/SQLPage-186205/examples/PostGIS - using sqlpage with geographic data/README.md (ext=.md, size=766)
2025-12-12 12:49:44,893 - Knowledge - INFO - Worker kw3 processing /app/data/T0002/186205/b6634e0/SQLPage-186205/docs/introducing-sqlpage-to-the-postgres-community.md
2025-12-12 12:49:44,894 - Knowledge - INFO - Worker kw15 processing /app/data/T0002/186205/b6634e0/SQLPage-186205/examples/nginx/README.md
2025-12-12 12:49:44,895 - Knowledge - INFO - Fast-tracked /app/data/T0002/186205/b6634e0/SQLPage-186205/examples/modeling a many to many relationship with a form/topics.sql (ext=.sql, size=430)
2025-12-12 12:49:44,895 - Knowledge - INFO - Fast-tracked /app/data/T0002/186205/b6634e0/SQLPage-186205/examples/roundest_pokemon_rating/README.md (ext=.md, size=653)
2025-12-12 12:49:44,922 - Knowledge - INFO - Worker kw16 processing /app/data/T0002/186205/b6634e0/SQLPage-186205/examples/read-and-set-http-cookies/README.md
2025-12-12 12:49:44,924 - Knowledge - INFO - Worker kw20 processing /app/data/T0002/186205/b6634e0/SQLPage-186205/examples/light-dark-toggle/toggle.sql
2025-12-12 12:49:44,926 - Knowledge - INFO - Fast-tracked /app/data/T0002/186205/b6634e0/SQLPage-186205/examples/image gallery with user uploads/sqlpage/migrations/0001_images_table.sql (ext=.sql, size=299)
2025-12-12 12:49:44,926 - Knowledge - INFO - Fast-tracked /app/data/T0002/186205/b6634e0/SQLPage-186205/examples/todo application/sqlpage/migrations/README.md (ext=.md, size=2074)
2025-12-12 12:49:44,927 - Knowledge - INFO - Worker kw19 processing /app/data/T0002/186205/b6634e0/SQLPage-186205/examples/image gallery with user uploads/README.md
2025-12-12 12:49:44,935 - Knowledge - INFO - Fast-tracked /app/data/T0002/186205/b6634e0/SQLPage-186205/examples/custom form component/basic.sql (ext=.sql, size=1482)
2025-12-12 12:49:44,937 - Knowledge - INFO - Fast-tracked /app/data/T0002/186205/b6634e0/SQLPage-186205/tests/sql_test_files/data/fetch_null.sql (ext=.sql, size=56)
2025-12-12 12:49:44,937 - Knowledge - INFO - Fast-tracked /app/data/T0002/186205/b6634e0/SQLPage-186205/tests/transactions/failed_transaction_mssql.sql (ext=.sql, size=163)
2025-12-12 12:49:44,938 - Knowledge - INFO - Worker kw7 processing /app/data/T0002/186205/b6634e0/SQLPage-186205/tests/sql_test_files/component_rendering/download_base64.sql
2025-12-12 12:49:44,939 - Knowledge - INFO - Fast-tracked /app/data/T0002/186205/b6634e0/SQLPage-186205/tests/sql_test_files/component_rendering/download_base64.sql (ext=.sql, size=175)
2025-12-12 12:49:44,939 - Knowledge - INFO - Worker kw10 processing /app/data/T0002/186205/b6634e0/SQLPage-186205/tests/sql_test_files/data/lower.sql
2025-12-12 12:49:44,941 - Knowledge - INFO - Worker kw11 processing /app/data/T0002/186205/b6634e0/SQLPage-186205/CHANGELOG.md
2025-12-12 12:49:44,941 - Knowledge - INFO - Fast-tracked /app/data/T0002/186205/b6634e0/SQLPage-186205/tests/sql_test_files/data/nested_sqlpage_functions.sql (ext=.sql, size=118)
2025-12-12 12:49:44,942 - Knowledge - INFO - Worker kw14 processing /app/data/T0002/186205/b6634e0/SQLPage-186205/examples/using react and other custom scripts and styles/api.sql
2025-12-12 12:49:44,945 - Knowledge - INFO - Fast-tracked /app/data/T0002/186205/b6634e0/SQLPage-186205/docs/introducing-sqlpage-to-the-postgres-community.md (ext=.md, size=3732)
2025-12-12 12:49:44,946 - Knowledge - INFO - Worker kw12 processing /app/data/T0002/186205/b6634e0/SQLPage-186205/examples/modeling a many to many relationship with a form/post.sql
2025-12-12 12:49:44,946 - Knowledge - INFO - Fast-tracked /app/data/T0002/186205/b6634e0/SQLPage-186205/examples/nginx/README.md (ext=.md, size=5193)
2025-12-12 12:49:44,947 - Knowledge - INFO - Worker kw13 processing /app/data/T0002/186205/b6634e0/SQLPage-186205/examples/master-detail-forms/insert_address.sql
2025-12-12 12:49:44,949 - Knowledge - INFO - Fast-tracked /app/data/T0002/186205/b6634e0/SQLPage-186205/examples/read-and-set-http-cookies/README.md (ext=.md, size=280)
2025-12-12 12:49:44,952 - Knowledge - INFO - Fast-tracked /app/data/T0002/186205/b6634e0/SQLPage-186205/examples/light-dark-toggle/toggle.sql (ext=.sql, size=206)
2025-12-12 12:49:44,953 - Knowledge - INFO - Worker kw4 processing /app/data/T0002/186205/b6634e0/SQLPage-186205/tests/requests/mod.rs
2025-12-12 12:49:44,954 - Knowledge - INFO - Worker kw18 processing /app/data/T0002/186205/b6634e0/SQLPage-186205/examples/todo application/sqlpage/templates/README.md
2025-12-12 12:49:44,955 - Knowledge - INFO - Fast-tracked /app/data/T0002/186205/b6634e0/SQLPage-186205/examples/image gallery with user uploads/README.md (ext=.md, size=865)
2025-12-12 12:49:44,956 - Knowledge - INFO - Worker kw17 processing /app/data/T0002/186205/b6634e0/SQLPage-186205/examples/custom form component/shell.sql
2025-12-12 12:49:44,957 - Knowledge - INFO - Worker kw8 processing /app/data/T0002/186205/b6634e0/SQLPage-186205/tests/sql_test_files/data/hmac_sha512.sql
2025-12-12 12:49:44,959 - Knowledge - INFO - Worker kw9 processing /app/data/T0002/186205/b6634e0/SQLPage-186205/tests/data_formats/json_columns.sql
2025-12-12 12:49:44,960 - Knowledge - INFO - Fast-tracked /app/data/T0002/186205/b6634e0/SQLPage-186205/tests/data_formats/json_columns.sql (ext=.sql, size=384)
2025-12-12 12:49:44,963 - Knowledge - INFO - Worker kw7 processing /app/data/T0002/186205/b6634e0/SQLPage-186205/tests/sql_test_files/component_rendering/error_unknown_field.sql
2025-12-12 12:49:44,971 - Knowledge - INFO - Fast-tracked /app/data/T0002/186205/b6634e0/SQLPage-186205/tests/sql_test_files/data/lower.sql (ext=.sql, size=198)
2025-12-12 12:49:44,972 - Knowledge - INFO - Fast-tracked /app/data/T0002/186205/b6634e0/SQLPage-186205/CHANGELOG.md (ext=.md, size=133487)
2025-12-12 12:49:44,973 - Knowledge - INFO - Worker kw5 processing /app/data/T0002/186205/b6634e0/SQLPage-186205/tests/sql_test_files/data/postgres_cast_syntax.sql
2025-12-12 12:49:44,976 - Knowledge - INFO - Fast-tracked /app/data/T0002/186205/b6634e0/SQLPage-186205/examples/using react and other custom scripts and styles/api.sql (ext=.sql, size=227)
2025-12-12 12:49:44,977 - Knowledge - INFO - Worker kw15 processing /app/data/T0002/186205/b6634e0/SQLPage-186205/examples/nginx/website/post.sql
2025-12-12 12:49:44,978 - Knowledge - INFO - Fast-tracked /app/data/T0002/186205/b6634e0/SQLPage-186205/examples/master-detail-forms/insert_address.sql (ext=.sql, size=179)
2025-12-12 12:49:44,979 - Knowledge - INFO - Fast-tracked /app/data/T0002/186205/b6634e0/SQLPage-186205/examples/modeling a many to many relationship with a form/post.sql (ext=.sql, size=550)
2025-12-12 12:49:44,984 - Knowledge - INFO - Worker kw16 processing /app/data/T0002/186205/b6634e0/SQLPage-186205/examples/read-and-set-http-cookies/subdirectory/read_cookies.sql
2025-12-12 12:49:44,985 - Knowledge - INFO - Worker kw20 processing /app/data/T0002/186205/b6634e0/SQLPage-186205/examples/light-dark-toggle/presentation.sql
2025-12-12 12:49:44,986 - Knowledge - INFO - Fast-tracked /app/data/T0002/186205/b6634e0/SQLPage-186205/tests/requests/mod.rs (ext=.rs, size=4251)
2025-12-12 12:49:44,991 - Knowledge - INFO - Worker kw19 processing /app/data/T0002/186205/b6634e0/SQLPage-186205/examples/image gallery with user uploads/upload.sql
2025-12-12 12:49:44,992 - Knowledge - INFO - Fast-tracked /app/data/T0002/186205/b6634e0/SQLPage-186205/examples/todo application/sqlpage/templates/README.md (ext=.md, size=857)
2025-12-12 12:49:44,993 - Knowledge - INFO - Fast-tracked /app/data/T0002/186205/b6634e0/SQLPage-186205/examples/custom form component/shell.sql (ext=.sql, size=122)
2025-12-12 12:49:44,996 - Knowledge - INFO - Fast-tracked /app/data/T0002/186205/b6634e0/SQLPage-186205/tests/sql_test_files/data/hmac_sha512.sql (ext=.sql, size=242)
2025-12-12 12:49:45,026 - Knowledge - INFO - Worker kw6 processing /app/data/T0002/186205/b6634e0/SQLPage-186205/tests/sql_test_files/component_rendering/download_raw.sql
2025-12-12 12:49:45,029 - Knowledge - INFO - Worker kw9 processing /app/data/T0002/186205/b6634e0/SQLPage-186205/tests/data_formats/json_data.sql
2025-12-12 12:49:45,030 - Knowledge - INFO - Fast-tracked /app/data/T0002/186205/b6634e0/SQLPage-186205/tests/sql_test_files/component_rendering/error_unknown_field.sql (ext=.sql, size=96)
2025-12-12 12:49:45,031 - Knowledge - INFO - Processing batch of 15 files
2025-12-12 12:49:45,033 - Knowledge - INFO - Worker kw11 processing /app/data/T0002/186205/b6634e0/SQLPage-186205/examples/single sign on/keycloak-configuration.json
2025-12-12 12:49:45,034 - Knowledge - INFO - Fast-tracked /app/data/T0002/186205/b6634e0/SQLPage-186205/tests/sql_test_files/data/postgres_cast_syntax.sql (ext=.sql, size=49)
2025-12-12 12:49:45,035 - Knowledge - INFO - Worker kw14 processing /app/data/T0002/186205/b6634e0/SQLPage-186205/examples/using react and other custom scripts and styles/style.css
2025-12-12 12:49:45,043 - Knowledge - INFO - Fast-tracked /app/data/T0002/186205/b6634e0/SQLPage-186205/examples/nginx/website/post.sql (ext=.sql, size=1195)
2025-12-12 12:49:45,045 - Knowledge - INFO - Worker kw13 processing /app/data/T0002/186205/b6634e0/SQLPage-186205/examples/master-detail-forms/edit_user.sql
2025-12-12 12:49:45,060 - Knowledge - INFO - Worker kw12 processing /app/data/T0002/186205/b6634e0/SQLPage-186205/examples/modeling a many to many relationship with a form/write_submit.sql
2025-12-12 12:49:45,062 - Knowledge - INFO - Fast-tracked /app/data/T0002/186205/b6634e0/SQLPage-186205/examples/light-dark-toggle/presentation.sql (ext=.sql, size=1867)
2025-12-12 12:49:45,063 - Knowledge - INFO - Fast-tracked /app/data/T0002/186205/b6634e0/SQLPage-186205/examples/read-and-set-http-cookies/subdirectory/read_cookies.sql (ext=.sql, size=426)
2025-12-12 12:49:45,063 - Knowledge - INFO - Worker kw4 processing /app/data/T0002/186205/b6634e0/SQLPage-186205/tests/requests/request_body_test.sql
2025-12-12 12:49:45,068 - Knowledge - INFO - Fast-tracked /app/data/T0002/186205/b6634e0/SQLPage-186205/examples/image gallery with user uploads/upload.sql (ext=.sql, size=1393)
2025-12-12 12:49:45,071 - Knowledge - INFO - Worker kw18 processing /app/data/T0002/186205/b6634e0/SQLPage-186205/examples/todo application/README.md
2025-12-12 12:49:45,073 - Knowledge - INFO - Worker kw17 processing /app/data/T0002/186205/b6634e0/SQLPage-186205/examples/custom form component/index.sql
2025-12-12 12:49:45,074 - Knowledge - INFO - Worker kw8 processing /app/data/T0002/186205/b6634e0/SQLPage-186205/tests/sql_test_files/data/set_variable_func.sql
2025-12-12 12:49:45,076 - Knowledge - INFO - Fast-tracked /app/data/T0002/186205/b6634e0/SQLPage-186205/tests/sql_test_files/component_rendering/download_raw.sql (ext=.sql, size=180)
2025-12-12 12:49:45,077 - Knowledge - INFO - Fast-tracked /app/data/T0002/186205/b6634e0/SQLPage-186205/tests/data_formats/json_data.sql (ext=.sql, size=81)
2025-12-12 12:49:45,078 - Knowledge - INFO - Worker kw7 processing /app/data/T0002/186205/b6634e0/SQLPage-186205/tests/sql_test_files/component_rendering/text_unsafe_markdown.sql
2025-12-12 12:49:45,079 - Knowledge - INFO - process ingested knowledge for /app/data/T0002/186205/b6634e0/SQLPage-186205/tests/sql_test_files/data/env_var_empty.sql
2025-12-12 12:49:45,080 - Knowledge - INFO - Fast-tracked /app/data/T0002/186205/b6634e0/SQLPage-186205/examples/single sign on/keycloak-configuration.json (ext=.json, size=187830)
2025-12-12 12:49:45,081 - Knowledge - INFO - Worker kw5 processing /app/data/T0002/186205/b6634e0/SQLPage-186205/tests/sql_test_files/data/set_variable_func_replace.sql
2025-12-12 12:49:45,094 - Knowledge - INFO - Fast-tracked /app/data/T0002/186205/b6634e0/SQLPage-186205/examples/using react and other custom scripts and styles/style.css (ext=.css, size=761)
2025-12-12 12:49:45,129 - Knowledge - INFO - Worker kw15 processing /app/data/T0002/186205/b6634e0/SQLPage-186205/examples/nginx/website/index.sql
2025-12-12 12:49:45,137 - Knowledge - INFO - Fast-tracked /app/data/T0002/186205/b6634e0/SQLPage-186205/examples/master-detail-forms/edit_user.sql (ext=.sql, size=1068)
2025-12-12 12:49:45,142 - Knowledge - INFO - Worker kw20 processing /app/data/T0002/186205/b6634e0/SQLPage-186205/examples/light-dark-toggle/shell.sql
2025-12-12 12:49:45,143 - Knowledge - INFO - Fast-tracked /app/data/T0002/186205/b6634e0/SQLPage-186205/examples/light-dark-toggle/shell.sql (ext=.sql, size=498)
2025-12-12 12:49:45,145 - Knowledge - INFO - Fast-tracked /app/data/T0002/186205/b6634e0/SQLPage-186205/examples/modeling a many to many relationship with a form/write_submit.sql (ext=.sql, size=395)
2025-12-12 12:49:45,146 - Knowledge - INFO - Worker kw19 processing /app/data/T0002/186205/b6634e0/SQLPage-186205/examples/image gallery with user uploads/login.sql
2025-12-12 12:49:45,154 - Knowledge - INFO - Fast-tracked /app/data/T0002/186205/b6634e0/SQLPage-186205/tests/requests/request_body_test.sql (ext=.sql, size=89)
2025-12-12 12:49:45,163 - Knowledge - INFO - Fast-tracked /app/data/T0002/186205/b6634e0/SQLPage-186205/examples/todo application/README.md (ext=.md, size=6598)
2025-12-12 12:49:45,163 - Knowledge - INFO - Fast-tracked /app/data/T0002/186205/b6634e0/SQLPage-186205/tests/sql_test_files/data/set_variable_func.sql (ext=.sql, size=95)
2025-12-12 12:49:45,164 - Knowledge - INFO - Fast-tracked /app/data/T0002/186205/b6634e0/SQLPage-186205/examples/custom form component/index.sql (ext=.sql, size=544)
2025-12-12 12:49:45,165 - Knowledge - INFO - Worker kw6 processing /app/data/T0002/186205/b6634e0/SQLPage-186205/tests/sql_test_files/data/uploaded_file_is_null.sql
2025-12-12 12:49:45,166 - Knowledge - INFO - Worker kw9 processing /app/data/T0002/186205/b6634e0/SQLPage-186205/tests/data_formats/csv_data.sql
2025-12-12 12:49:45,173 - Knowledge - INFO - process ingested knowledge for /app/data/T0002/186205/b6634e0/SQLPage-186205/tests/sql_test_files/data/fetch_with_meta_null.sql
2025-12-12 12:49:45,175 - Knowledge - INFO - Fast-tracked /app/data/T0002/186205/b6634e0/SQLPage-186205/tests/sql_test_files/component_rendering/text_unsafe_markdown.sql (ext=.sql, size=81)
2025-12-12 12:49:45,179 - Knowledge - INFO - Worker kw11 processing /app/data/T0002/186205/b6634e0/SQLPage-186205/examples/single sign on/docker-compose.yaml
2025-12-12 12:49:45,183 - Knowledge - INFO - Fast-tracked /app/data/T0002/186205/b6634e0/SQLPage-186205/tests/sql_test_files/data/set_variable_func_replace.sql (ext=.sql, size=91)
2025-12-12 12:49:45,185 - Knowledge - INFO - Worker kw14 processing /app/data/T0002/186205/b6634e0/SQLPage-186205/examples/using react and other custom scripts and styles/index.sql
2025-12-12 12:49:45,192 - Knowledge - INFO - Worker kw13 processing /app/data/T0002/186205/b6634e0/SQLPage-186205/examples/master-detail-forms/index.sql
2025-12-12 12:49:45,193 - Knowledge - INFO - Fast-tracked /app/data/T0002/186205/b6634e0/SQLPage-186205/examples/nginx/website/index.sql (ext=.sql, size=226)
2025-12-12 12:49:45,199 - Knowledge - INFO - Worker kw20 processing /app/data/T0002/186205/b6634e0/SQLPage-186205/examples/light-dark-toggle/index.sql
2025-12-12 12:49:45,200 - Knowledge - INFO - Worker kw16 processing /app/data/T0002/186205/b6634e0/SQLPage-186205/examples/user-authentication/create_user.sql
2025-12-12 12:49:45,202 - Knowledge - INFO - Worker kw12 processing /app/data/T0002/186205/b6634e0/SQLPage-186205/examples/modeling a many to many relationship with a form/index.sql
2025-12-12 12:49:45,227 - Knowledge - INFO - Worker kw4 processing /app/data/T0002/186205/b6634e0/SQLPage-186205/tests/requests/request_body_base64_test.sql
2025-12-12 12:49:45,227 - Knowledge - INFO - Fast-tracked /app/data/T0002/186205/b6634e0/SQLPage-186205/examples/image gallery with user uploads/login.sql (ext=.sql, size=451)
2025-12-12 12:49:45,228 - Knowledge - INFO - Worker kw18 processing /app/data/T0002/186205/b6634e0/SQLPage-186205/examples/todo application/todo_form.sql
2025-12-12 12:49:45,229 - Knowledge - INFO - Worker kw8 processing /app/data/T0002/186205/b6634e0/SQLPage-186205/tests/sql_test_files/data/query_string.sql
2025-12-12 12:49:45,236 - Knowledge - INFO - Worker kw17 processing /app/data/T0002/186205/b6634e0/SQLPage-186205/examples/custom form component/sqlpage/migrations/0001_users_and_groups.sql
2025-12-12 12:49:45,240 - Knowledge - INFO - process ingested knowledge for /app/data/T0002/186205/b6634e0/SQLPage-186205/tests/sql_test_files/data/basic_auth_password.sql
2025-12-12 12:49:45,245 - Knowledge - INFO - Fast-tracked /app/data/T0002/186205/b6634e0/SQLPage-186205/tests/data_formats/csv_data.sql (ext=.sql, size=171)
2025-12-12 12:49:45,245 - Knowledge - INFO - Fast-tracked /app/data/T0002/186205/b6634e0/SQLPage-186205/tests/sql_test_files/data/uploaded_file_is_null.sql (ext=.sql, size=96)
2025-12-12 12:49:45,249 - Knowledge - INFO - Worker kw7 processing /app/data/T0002/186205/b6634e0/SQLPage-186205/tests/sql_test_files/component_rendering/markdown_in_table.sql
2025-12-12 12:49:45,251 - Knowledge - INFO - Fast-tracked /app/data/T0002/186205/b6634e0/SQLPage-186205/examples/single sign on/docker-compose.yaml (ext=.yaml, size=1544)
2025-12-12 12:49:45,252 - Knowledge - INFO - Worker kw5 processing /app/data/T0002/186205/b6634e0/SQLPage-186205/tests/sql_test_files/data/set_case.sql
2025-12-12 12:49:45,258 - Knowledge - INFO - Worker kw15 processing /app/data/T0002/186205/b6634e0/SQLPage-186205/examples/nginx/website/add_comment.sql
2025-12-12 12:49:45,259 - Knowledge - INFO - Fast-tracked /app/data/T0002/186205/b6634e0/SQLPage-186205/examples/using react and other custom scripts and styles/index.sql (ext=.sql, size=294)
2025-12-12 12:49:45,260 - Knowledge - INFO - Fast-tracked /app/data/T0002/186205/b6634e0/SQLPage-186205/examples/light-dark-toggle/index.sql (ext=.sql, size=1148)
2025-12-12 12:49:45,260 - Knowledge - INFO - Fast-tracked /app/data/T0002/186205/b6634e0/SQLPage-186205/examples/master-detail-forms/index.sql (ext=.sql, size=578)
2025-12-12 12:49:45,261 - Knowledge - INFO - Fast-tracked /app/data/T0002/186205/b6634e0/SQLPage-186205/examples/user-authentication/create_user.sql (ext=.sql, size=457)
2025-12-12 12:49:45,262 - Knowledge - INFO - Fast-tracked /app/data/T0002/186205/b6634e0/SQLPage-186205/examples/modeling a many to many relationship with a form/index.sql (ext=.sql, size=924)
2025-12-12 12:49:45,263 - Knowledge - INFO - Worker kw19 processing /app/data/T0002/186205/b6634e0/SQLPage-186205/examples/make a geographic data application using sqlite extensions/add_point.sql
2025-12-12 12:49:45,264 - Knowledge - INFO - Fast-tracked /app/data/T0002/186205/b6634e0/SQLPage-186205/tests/requests/request_body_base64_test.sql (ext=.sql, size=96)
2025-12-12 12:49:45,264 - Knowledge - INFO - Fast-tracked /app/data/T0002/186205/b6634e0/SQLPage-186205/examples/todo application/todo_form.sql (ext=.sql, size=1255)
2025-12-12 12:49:45,273 - Knowledge - INFO - Fast-tracked /app/data/T0002/186205/b6634e0/SQLPage-186205/tests/sql_test_files/data/query_string.sql (ext=.sql, size=81)
2025-12-12 12:49:45,273 - Knowledge - INFO - process ingested knowledge for /app/data/T0002/186205/b6634e0/SQLPage-186205/tests/sql_test_files/data/exec.sql
2025-12-12 12:49:45,275 - Knowledge - INFO - Fast-tracked /app/data/T0002/186205/b6634e0/SQLPage-186205/examples/custom form component/sqlpage/migrations/0001_users_and_groups.sql (ext=.sql, size=1032)
2025-12-12 12:49:45,276 - Knowledge - INFO - Worker kw9 processing /app/data/T0002/186205/b6634e0/SQLPage-186205/tests/data_formats/mod.rs
2025-12-12 12:49:45,277 - Knowledge - INFO - Worker kw6 processing /app/data/T0002/186205/b6634e0/SQLPage-186205/tests/sql_test_files/data/protocol.sql
2025-12-12 12:49:45,279 - Knowledge - INFO - Fast-tracked /app/data/T0002/186205/b6634e0/SQLPage-186205/tests/sql_test_files/component_rendering/markdown_in_table.sql (ext=.sql, size=395)
2025-12-12 12:49:45,281 - Knowledge - INFO - Worker kw14 processing /app/data/T0002/186205/b6634e0/SQLPage-186205/examples/using react and other custom scripts and styles/my_react_component.js
2025-12-12 12:49:45,281 - Knowledge - INFO - Fast-tracked /app/data/T0002/186205/b6634e0/SQLPage-186205/tests/sql_test_files/data/set_case.sql (ext=.sql, size=115)
2025-12-12 12:49:45,282 - Knowledge - INFO - Worker kw20 processing /app/data/T0002/186205/b6634e0/SQLPage-186205/examples/light-dark-toggle/codeconduct.sql
2025-12-12 12:49:45,282 - Knowledge - INFO - Fast-tracked /app/data/T0002/186205/b6634e0/SQLPage-186205/examples/nginx/website/add_comment.sql (ext=.sql, size=132)
2025-12-12 12:49:45,283 - Knowledge - INFO - Worker kw13 processing /app/data/T0002/186205/b6634e0/SQLPage-186205/examples/master-detail-forms/insert_user.sql
2025-12-12 12:49:45,298 - Knowledge - INFO - Worker kw16 processing /app/data/T0002/186205/b6634e0/SQLPage-186205/examples/user-authentication/logout.sql
2025-12-12 12:49:45,300 - Knowledge - INFO - Worker kw18 processing /app/data/T0002/186205/b6634e0/SQLPage-186205/examples/microsoft sql server advanced forms/survey.sql
2025-12-12 12:49:45,301 - Knowledge - INFO - Fast-tracked /app/data/T0002/186205/b6634e0/SQLPage-186205/examples/make a geographic data application using sqlite extensions/add_point.sql (ext=.sql, size=243)
2025-12-12 12:49:45,302 - Knowledge - INFO - Worker kw8 processing /app/data/T0002/186205/b6634e0/SQLPage-186205/tests/sql_test_files/data/headers.sql
2025-12-12 12:49:45,303 - Knowledge - INFO - Fast-tracked /app/data/T0002/186205/b6634e0/SQLPage-186205/examples/single sign on/cas/redirect_handler.sql (small file (2432 bytes))
2025-12-12 12:49:45,303 - Knowledge - INFO - process ingested knowledge for /app/data/T0002/186205/b6634e0/SQLPage-186205/tests/sql_test_files/data/hmac_default.sql
2025-12-12 12:49:45,304 - Knowledge - INFO - Worker kw17 processing /app/data/T0002/186205/b6634e0/SQLPage-186205/examples/custom form component/README.md
2025-12-12 12:49:45,330 - Knowledge - INFO - Fast-tracked /app/data/T0002/186205/b6634e0/SQLPage-186205/examples/custom form component/README.md (ext=.md, size=869)
2025-12-12 12:49:45,330 - Knowledge - INFO - Worker kw7 processing /app/data/T0002/186205/b6634e0/SQLPage-186205/tests/sql_test_files/component_rendering/error_arbitrary_SQL_expressions_as_function_arguments_are_not_supported.sql
2025-12-12 12:49:45,333 - Knowledge - INFO - Fast-tracked /app/data/T0002/186205/b6634e0/SQLPage-186205/tests/sql_test_files/data/protocol.sql (ext=.sql, size=60)
2025-12-12 12:49:45,335 - Knowledge - INFO - Fast-tracked /app/data/T0002/186205/b6634e0/SQLPage-186205/examples/using react and other custom scripts and styles/my_react_component.js (ext=.js, size=886)
2025-12-12 12:49:45,337 - Knowledge - INFO - Worker kw14 processing /app/data/T0002/186205/b6634e0/SQLPage-186205/examples/using react and other custom scripts and styles/sqlpage/migrations/0001_clicks.sql
2025-12-12 12:49:45,339 - Knowledge - INFO - Fast-tracked /app/data/T0002/186205/b6634e0/SQLPage-186205/examples/light-dark-toggle/codeconduct.sql (ext=.sql, size=923)
2025-12-12 12:49:45,345 - Knowledge - INFO - Worker kw15 processing /app/data/T0002/186205/b6634e0/SQLPage-186205/examples/nginx/docker-compose.yml
2025-12-12 12:49:45,347 - Knowledge - INFO - Fast-tracked /app/data/T0002/186205/b6634e0/SQLPage-186205/examples/master-detail-forms/insert_user.sql (ext=.sql, size=387)
2025-12-12 12:49:45,351 - Knowledge - INFO - Fast-tracked /app/data/T0002/186205/b6634e0/SQLPage-186205/examples/user-authentication/logout.sql (ext=.sql, size=174)
2025-12-12 12:49:45,351 - Knowledge - INFO - Fast-tracked /app/data/T0002/186205/b6634e0/SQLPage-186205/examples/microsoft sql server advanced forms/survey.sql (ext=.sql, size=845)
2025-12-12 12:49:45,352 - Knowledge - INFO - Worker kw19 processing /app/data/T0002/186205/b6634e0/SQLPage-186205/examples/make a geographic data application using sqlite extensions/point.sql
2025-12-12 12:49:45,355 - Knowledge - INFO - Fast-tracked /app/data/T0002/186205/b6634e0/SQLPage-186205/tests/sql_test_files/data/headers.sql (ext=.sql, size=85)
2025-12-12 12:49:45,360 - Knowledge - INFO - Processing batch of 15 files
2025-12-12 12:49:45,361 - Knowledge - INFO - process ingested knowledge for /app/data/T0002/186205/b6634e0/SQLPage-186205/tests/sql_test_files/data/set_variable_to_null.sql
2025-12-12 12:49:45,368 - Knowledge - INFO - Fast-tracked /app/data/T0002/186205/b6634e0/SQLPage-186205/tests/data_formats/mod.rs (ext=.rs, size=5830)
2025-12-12 12:49:45,370 - Knowledge - INFO - Worker kw17 processing /app/data/T0002/186205/b6634e0/SQLPage-186205/examples/custom form component/docker-compose.yml
2025-12-12 12:49:45,373 - Knowledge - INFO - Fast-tracked /app/data/T0002/186205/b6634e0/SQLPage-186205/tests/sql_test_files/component_rendering/error_arbitrary_SQL_expressions_as_function_arguments_are_not_supported.sql (ext=.sql, size=261)
2025-12-12 12:49:45,377 - Knowledge - INFO - Worker kw6 processing /app/data/T0002/186205/b6634e0/SQLPage-186205/tests/sql_test_files/data/basic_auth_username.sql
2025-12-12 12:49:45,379 - Knowledge - INFO - Worker kw5 processing /app/data/T0002/186205/b6634e0/SQLPage-186205/tests/sql_test_files/data/client_ip.sql
2025-12-12 12:49:45,380 - Knowledge - INFO - Fast-tracked /app/data/T0002/186205/b6634e0/SQLPage-186205/examples/using react and other custom scripts and styles/sqlpage/migrations/0001_clicks.sql (ext=.sql, size=74)
2025-12-12 12:49:45,382 - Knowledge - INFO - Worker kw20 processing /app/data/T0002/186205/b6634e0/SQLPage-186205/examples/light-dark-toggle/sqlpage/sqlpage.yaml
2025-12-12 12:49:45,384 - Knowledge - INFO - Fast-tracked /app/data/T0002/186205/b6634e0/SQLPage-186205/examples/nginx/docker-compose.yml (ext=.yml, size=963)
2025-12-12 12:49:45,385 - Knowledge - INFO - Worker kw16 processing /app/data/T0002/186205/b6634e0/SQLPage-186205/examples/user-authentication/protected_page.sql
2025-12-12 12:49:45,386 - Knowledge - INFO - Worker kw18 processing /app/data/T0002/186205/b6634e0/SQLPage-186205/examples/microsoft sql server advanced forms/index.sql
2025-12-12 12:49:45,389 - Knowledge - INFO - Fast-tracked /app/data/T0002/186205/b6634e0/SQLPage-186205/examples/make a geographic data application using sqlite extensions/point.sql (ext=.sql, size=1399)
2025-12-12 12:49:45,389 - Knowledge - INFO - Worker kw8 processing /app/data/T0002/186205/b6634e0/SQLPage-186205/tests/sql_test_files/data/hmac_shopify_webhook.sql
2025-12-12 12:49:45,391 - Knowledge - INFO - process ingested knowledge for /app/data/T0002/186205/b6634e0/SQLPage-186205/examples/single sign on/protected/index.sql
2025-12-12 12:49:45,392 - Knowledge - INFO - process ingested knowledge for /app/data/T0002/186205/b6634e0/SQLPage-186205/tests/sql_test_files/data/path.sql
2025-12-12 12:49:45,422 - Knowledge - INFO - Worker kw9 processing /app/data/T0002/186205/b6634e0/SQLPage-186205/tests/errors/404.sql
2025-12-12 12:49:45,432 - Knowledge - INFO - Worker kw7 processing /app/data/T0002/186205/b6634e0/SQLPage-186205/tests/sql_test_files/component_rendering/columns_component_json_nomssql_nopostgres.sql
2025-12-12 12:49:45,438 - Knowledge - INFO - Fast-tracked /app/data/T0002/186205/b6634e0/SQLPage-186205/tests/sql_test_files/data/basic_auth_username.sql (ext=.sql, size=68)
2025-12-12 12:49:45,439 - Knowledge - INFO - Fast-tracked /app/data/T0002/186205/b6634e0/SQLPage-186205/examples/custom form component/docker-compose.yml (ext=.yml, size=616)
2025-12-12 12:49:45,442 - Knowledge - INFO - Fast-tracked /app/data/T0002/186205/b6634e0/SQLPage-186205/tests/sql_test_files/data/client_ip.sql (ext=.sql, size=59)
2025-12-12 12:49:45,443 - Knowledge - INFO - Worker kw14 processing /app/data/T0002/186205/b6634e0/SQLPage-186205/examples/using react and other custom scripts and styles/react.sql
2025-12-12 12:49:45,445 - Knowledge - INFO - Fast-tracked /app/data/T0002/186205/b6634e0/SQLPage-186205/examples/light-dark-toggle/sqlpage/sqlpage.yaml (ext=.yaml, size=45)
2025-12-12 12:49:45,445 - Knowledge - INFO - Worker kw15 processing /app/data/T0002/186205/b6634e0/SQLPage-186205/examples/rich-text-editor/post.sql
2025-12-12 12:49:45,447 - Knowledge - INFO - Fast-tracked /app/data/T0002/186205/b6634e0/SQLPage-186205/examples/user-authentication/protected_page.sql (ext=.sql, size=510)
2025-12-12 12:49:45,449 - Knowledge - INFO - Fast-tracked /app/data/T0002/186205/b6634e0/SQLPage-186205/examples/microsoft sql server advanced forms/index.sql (ext=.sql, size=1270)
2025-12-12 12:49:45,452 - Knowledge - INFO - Worker kw19 processing /app/data/T0002/186205/b6634e0/SQLPage-186205/examples/make a geographic data application using sqlite extensions/index.sql
2025-12-12 12:49:45,454 - Knowledge - INFO - process ingested knowledge for /app/data/T0002/186205/b6634e0/SQLPage-186205/examples/single sign on/index.sql
2025-12-12 12:49:45,454 - Knowledge - INFO - Fast-tracked /app/data/T0002/186205/b6634e0/SQLPage-186205/tests/sql_test_files/data/hmac_shopify_webhook.sql (ext=.sql, size=298)
2025-12-12 12:49:45,455 - Knowledge - INFO - process ingested knowledge for /app/data/T0002/186205/b6634e0/SQLPage-186205/tests/sql_test_files/data/hmac_base64.sql
2025-12-12 12:49:45,458 - Knowledge - INFO - Fast-tracked /app/data/T0002/186205/b6634e0/SQLPage-186205/tests/errors/404.sql (ext=.sql, size=133)
2025-12-12 12:49:45,458 - Knowledge - INFO - Worker kw6 processing /app/data/T0002/186205/b6634e0/SQLPage-186205/tests/sql_test_files/data/read_file_as_text.sql
2025-12-12 12:49:45,459 - Knowledge - INFO - Fast-tracked /app/data/T0002/186205/b6634e0/SQLPage-186205/tests/sql_test_files/component_rendering/columns_component_json_nomssql_nopostgres.sql (ext=.sql, size=244)
2025-12-12 12:49:45,459 - Knowledge - INFO - Processing batch of 15 files
2025-12-12 12:49:45,460 - Knowledge - INFO - Worker kw5 processing /app/data/T0002/186205/b6634e0/SQLPage-186205/tests/sql_test_files/data/random_string.sql
2025-12-12 12:49:45,461 - Knowledge - INFO - Fast-tracked /app/data/T0002/186205/b6634e0/SQLPage-186205/examples/using react and other custom scripts and styles/react.sql (ext=.sql, size=653)
2025-12-12 12:49:45,462 - Knowledge - INFO - Worker kw20 processing /app/data/T0002/186205/b6634e0/SQLPage-186205/examples/light-dark-toggle/README.md
2025-12-12 12:49:45,463 - Knowledge - INFO - Worker kw16 processing /app/data/T0002/186205/b6634e0/SQLPage-186205/examples/user-authentication/signup.sql
2025-12-12 12:49:45,464 - Knowledge - INFO - Fast-tracked /app/data/T0002/186205/b6634e0/SQLPage-186205/examples/rich-text-editor/post.sql (ext=.sql, size=290)
2025-12-12 12:49:45,464 - Knowledge - INFO - Worker kw18 processing /app/data/T0002/186205/b6634e0/SQLPage-186205/examples/microsoft sql server advanced forms/sqlpage/mssql-migrations/README.md
2025-12-12 12:49:45,466 - Knowledge - INFO - Fast-tracked /app/data/T0002/186205/b6634e0/SQLPage-186205/examples/make a geographic data application using sqlite extensions/index.sql (ext=.sql, size=924)
2025-12-12 12:49:45,467 - Knowledge - INFO - process ingested knowledge for /app/data/T0002/186205/b6634e0/SQLPage-186205/examples/single sign on/sqlpage/sqlpage.yaml
2025-12-12 12:49:45,467 - Knowledge - INFO - Worker kw8 processing /app/data/T0002/186205/b6634e0/SQLPage-186205/tests/sql_test_files/data/delayed_function_call.sql
2025-12-12 12:49:45,469 - Knowledge - INFO - process ingested knowledge for /app/data/T0002/186205/b6634e0/SQLPage-186205/tests/sql_test_files/data/set_variable_to_sqlpage_post_function.sql
2025-12-12 12:49:45,469 - Knowledge - INFO - Worker kw9 processing /app/data/T0002/186205/b6634e0/SQLPage-186205/tests/errors/basic_auth.rs
2025-12-12 12:49:45,471 - Knowledge - INFO - Fast-tracked /app/data/T0002/186205/b6634e0/SQLPage-186205/tests/sql_test_files/data/read_file_as_text.sql (ext=.sql, size=96)
2025-12-12 12:49:45,473 - Knowledge - INFO - process ingested knowledge for /app/data/T0002/186205/b6634e0/SQLPage-186205/examples/user-authentication/signin.sql
2025-12-12 12:49:45,474 - Knowledge - INFO - Fast-tracked /app/data/T0002/186205/b6634e0/SQLPage-186205/tests/sql_test_files/data/random_string.sql (ext=.sql, size=59)
2025-12-12 12:49:45,475 - Knowledge - INFO - Fast-tracked /app/data/T0002/186205/b6634e0/SQLPage-186205/examples/light-dark-toggle/README.md (ext=.md, size=1298)
2025-12-12 12:49:45,476 - Knowledge - INFO - Fast-tracked /app/data/T0002/186205/b6634e0/SQLPage-186205/examples/user-authentication/signup.sql (ext=.sql, size=491)
2025-12-12 12:49:45,477 - Knowledge - INFO - Processing batch of 15 files
2025-12-12 12:49:45,478 - Knowledge - INFO - Fast-tracked /app/data/T0002/186205/b6634e0/SQLPage-186205/examples/microsoft sql server advanced forms/sqlpage/mssql-migrations/README.md (ext=.md, size=484)
2025-12-12 12:49:45,479 - Knowledge - INFO - Worker kw19 processing /app/data/T0002/186205/b6634e0/SQLPage-186205/examples/make a geographic data application using sqlite extensions/sqlpage/sqlpage.json
2025-12-12 12:49:45,479 - Knowledge - INFO - process ingested knowledge for /app/data/T0002/186205/b6634e0/SQLPage-186205/examples/single sign on/sqlpage/migrations/000_sessions.sql
2025-12-12 12:49:45,480 - Knowledge - INFO - Fast-tracked /app/data/T0002/186205/b6634e0/SQLPage-186205/tests/sql_test_files/data/delayed_function_call.sql (ext=.sql, size=257)
2025-12-12 12:49:45,481 - Knowledge - INFO - process ingested knowledge for /app/data/T0002/186205/b6634e0/SQLPage-186205/tests/sql_test_files/data/read_file_as_data_url.sql
2025-12-12 12:49:45,482 - Knowledge - INFO - Worker kw6 processing /app/data/T0002/186205/b6634e0/SQLPage-186205/tests/sql_test_files/data/sqrt.sql
2025-12-12 12:49:45,484 - Knowledge - INFO - Fast-tracked /app/data/T0002/186205/b6634e0/SQLPage-186205/tests/errors/basic_auth.rs (ext=.rs, size=1518)
2025-12-12 12:49:45,484 - Knowledge - INFO - process ingested knowledge for /app/data/T0002/186205/b6634e0/SQLPage-186205/examples/user-authentication/index.sql
2025-12-12 12:49:45,486 - Knowledge - INFO - Worker kw5 processing /app/data/T0002/186205/b6634e0/SQLPage-186205/tests/sql_test_files/data/fetch_post.sql
2025-12-12 12:49:45,488 - Knowledge - INFO - Worker kw20 processing /app/data/T0002/186205/b6634e0/SQLPage-186205/examples/light-dark-toggle/biography.sql
2025-12-12 12:49:45,490 - Knowledge - INFO - process ingested knowledge for /app/data/T0002/186205/b6634e0/SQLPage-186205/examples/using react and other custom scripts and styles/README.md
2025-12-12 12:49:45,491 - Knowledge - INFO - Worker kw18 processing /app/data/T0002/186205/b6634e0/SQLPage-186205/examples/microsoft sql server advanced forms/sqlpage/mssql-migrations/0001_db_init.sql
2025-12-12 12:49:45,492 - Knowledge - INFO - Fast-tracked /app/data/T0002/186205/b6634e0/SQLPage-186205/examples/make a geographic data application using sqlite extensions/sqlpage/sqlpage.json (ext=.json, size=46)
2025-12-12 12:49:45,492 - Knowledge - INFO - process ingested knowledge for /app/data/T0002/186205/b6634e0/SQLPage-186205/examples/single sign on/README.md
2025-12-12 12:49:45,493 - Knowledge - INFO - Processing batch of 20 files
2025-12-12 12:49:45,494 - Knowledge - INFO - process ingested knowledge for /app/data/T0002/186205/b6634e0/SQLPage-186205/tests/sql_test_files/data/set_variable_to_other_variable.sql
2025-12-12 12:49:45,494 - Knowledge - INFO - process ingested knowledge for /app/data/T0002/186205/b6634e0/SQLPage-186205/tests/sql_test_files/data/request_method.sql
2025-12-12 12:49:45,494 - Knowledge - INFO - Worker kw9 processing /app/data/T0002/186205/b6634e0/SQLPage-186205/tests/errors/basic_auth.sql
2025-12-12 12:49:45,522 - Knowledge - INFO - Fast-tracked /app/data/T0002/186205/b6634e0/SQLPage-186205/tests/errors/basic_auth.sql (ext=.sql, size=327)
2025-12-12 12:49:45,526 - Knowledge - INFO - process ingested knowledge for /app/data/T0002/186205/b6634e0/SQLPage-186205/examples/user-authentication/generate_password_hash.sql
2025-12-12 12:49:45,528 - Knowledge - INFO - Fast-tracked /app/data/T0002/186205/b6634e0/SQLPage-186205/examples/light-dark-toggle/biography.sql (ext=.sql, size=642)
2025-12-12 12:49:45,529 - Knowledge - INFO - process ingested knowledge for /app/data/T0002/186205/b6634e0/SQLPage-186205/examples/using react and other custom scripts and styles/equations.sql
2025-12-12 12:49:45,533 - Knowledge - INFO - Fast-tracked /app/data/T0002/186205/b6634e0/SQLPage-186205/examples/microsoft sql server advanced forms/sqlpage/mssql-migrations/0001_db_init.sql (ext=.sql, size=979)
2025-12-12 12:49:45,535 - Knowledge - INFO - Worker kw19 processing /app/data/T0002/186205/b6634e0/SQLPage-186205/examples/make a geographic data application using sqlite extensions/sqlpage/migrations/0000_create_db.sql
2025-12-12 12:49:45,538 - Knowledge - INFO - process ingested knowledge for /app/data/T0002/186205/b6634e0/SQLPage-186205/examples/single sign on/assets/homepage.md
2025-12-12 12:49:45,540 - Knowledge - INFO - process ingested knowledge for /app/data/T0002/186205/b6634e0/SQLPage-186205/tests/sql_test_files/data/cookie.sql
2025-12-12 12:49:45,542 - Knowledge - INFO - process ingested knowledge for /app/data/T0002/186205/b6634e0/SQLPage-186205/tests/sql_test_files/data/varchar_nomysql.sql
2025-12-12 12:49:45,543 - Knowledge - INFO - Fast-tracked /app/data/T0002/186205/b6634e0/SQLPage-186205/tests/sql_test_files/data/sqrt.sql (ext=.sql, size=97)
2025-12-12 12:49:45,545 - Knowledge - INFO - Fast-tracked /app/data/T0002/186205/b6634e0/SQLPage-186205/tests/sql_test_files/data/fetch_post.sql (ext=.sql, size=479)
2025-12-12 12:49:45,546 - Knowledge - INFO - process ingested knowledge for /app/data/T0002/186205/b6634e0/SQLPage-186205/examples/user-authentication/sqlpage/migrations/0001_create_admin_user.sql
2025-12-12 12:49:45,551 - Knowledge - INFO - Worker kw20 processing /app/data/T0002/186205/b6634e0/SQLPage-186205/examples/image gallery with user uploads/logout.sql
2025-12-12 12:49:45,552 - Knowledge - INFO - process ingested knowledge for /app/data/T0002/186205/b6634e0/SQLPage-186205/examples/splitwise/index.sql
2025-12-12 12:49:45,556 - Knowledge - INFO - Processing batch of 15 files
2025-12-12 12:49:45,558 - Knowledge - INFO - Fast-tracked /app/data/T0002/186205/b6634e0/SQLPage-186205/examples/make a geographic data application using sqlite extensions/sqlpage/migrations/0000_create_db.sql (ext=.sql, size=609)
2025-12-12 12:49:45,559 - Knowledge - INFO - process ingested knowledge for /app/data/T0002/186205/b6634e0/SQLPage-186205/examples/single sign on/cas/logout.sql
2025-12-12 12:49:45,575 - Knowledge - INFO - process ingested knowledge for /app/data/T0002/186205/b6634e0/SQLPage-186205/tests/sql_test_files/data/coalesce_eval.sql
2025-12-12 12:49:45,583 - Knowledge - INFO - process ingested knowledge for /app/data/T0002/186205/b6634e0/SQLPage-186205/tests/sql_test_files/data/header.sql
2025-12-12 12:49:45,588 - Knowledge - INFO - Processing batch of 20 files
2025-12-12 12:49:45,590 - Knowledge - INFO - Worker kw5 processing /app/data/T0002/186205/b6634e0/SQLPage-186205/tests/sql_test_files/data/decimal.sql
2025-12-12 12:49:45,622 - Knowledge - INFO - process ingested knowledge for /app/data/T0002/186205/b6634e0/SQLPage-186205/examples/user-authentication/sqlpage/migrations/0000_init.sql
2025-12-12 12:49:45,639 - Knowledge - INFO - Processing batch of 15 files
2025-12-12 12:49:45,650 - Knowledge - INFO - Fast-tracked /app/data/T0002/186205/b6634e0/SQLPage-186205/examples/image gallery with user uploads/logout.sql (ext=.sql, size=191)
2025-12-12 12:49:45,652 - Knowledge - INFO - process ingested knowledge for /app/data/T0002/186205/b6634e0/SQLPage-186205/examples/splitwise/sqlpage/migrations/0001_views.sql
2025-12-12 12:49:45,654 - Knowledge - INFO - process ingested knowledge for /app/data/T0002/186205/b6634e0/SQLPage-186205/examples/custom form component/form_action.sql
2025-12-12 12:49:45,656 - Knowledge - INFO - Worker kw19 processing /app/data/T0002/186205/b6634e0/SQLPage-186205/examples/make a geographic data application using sqlite extensions/README.md
2025-12-12 12:49:45,657 - Knowledge - INFO - process ingested knowledge for /app/data/T0002/186205/b6634e0/SQLPage-186205/examples/single sign on/cas/index.sql
2025-12-12 12:49:45,658 - Knowledge - INFO - process ingested knowledge for /app/data/T0002/186205/b6634e0/SQLPage-186205/tests/sql_test_files/data/set_variable_func_null.sql
2025-12-12 12:49:45,658 - Knowledge - INFO - process ingested knowledge for /app/data/T0002/186205/b6634e0/SQLPage-186205/tests/sql_test_files/data/lower.sql
2025-12-12 12:49:45,661 - Knowledge - INFO - process ingested knowledge for /app/data/T0002/186205/b6634e0/SQLPage-186205/tests/sql_test_files/component_rendering/run_sql_from_database.sql
2025-12-12 12:49:45,662 - Knowledge - INFO - Fast-tracked /app/data/T0002/186205/b6634e0/SQLPage-186205/tests/sql_test_files/data/decimal.sql (ext=.sql, size=87)
2025-12-12 12:49:45,666 - Knowledge - INFO - process ingested knowledge for /app/data/T0002/186205/b6634e0/SQLPage-186205/examples/user-authentication/README.md
2025-12-12 12:49:45,668 - Knowledge - INFO - process ingested knowledge for /app/data/T0002/186205/b6634e0/SQLPage-186205/examples/master-detail-forms/sqlpage/migrations/0000_schema.sql
2025-12-12 12:49:45,669 - Knowledge - INFO - Processing batch of 15 files
2025-12-12 12:49:45,670 - Knowledge - INFO - process ingested knowledge for /app/data/T0002/186205/b6634e0/SQLPage-186205/examples/splitwise/sqlpage/migrations/0000_schema.sql
2025-12-12 12:49:45,672 - Knowledge - INFO - process ingested knowledge for /app/data/T0002/186205/b6634e0/SQLPage-186205/examples/todo application/shell.sql
2025-12-12 12:49:45,672 - Knowledge - INFO - Processing batch of 20 files
2025-12-12 12:49:45,673 - Knowledge - INFO - Fast-tracked /app/data/T0002/186205/b6634e0/SQLPage-186205/examples/make a geographic data application using sqlite extensions/README.md (ext=.md, size=823)
2025-12-12 12:49:45,675 - Knowledge - INFO - process ingested knowledge for /app/data/T0002/186205/b6634e0/SQLPage-186205/examples/single sign on/cas/redirect_handler.sql
2025-12-12 12:49:45,676 - Knowledge - INFO - process ingested knowledge for /app/data/T0002/186205/b6634e0/SQLPage-186205/tests/sql_test_files/data/hash_password.sql
2025-12-12 12:49:45,680 - Knowledge - INFO - process ingested knowledge for /app/data/T0002/186205/b6634e0/SQLPage-186205/examples/microsoft sql server advanced forms/README.md
2025-12-12 12:49:45,683 - Knowledge - INFO - process ingested knowledge for /app/data/T0002/186205/b6634e0/SQLPage-186205/tests/basic/mod.rs
2025-12-12 12:49:45,843 - Knowledge - INFO - process ingested knowledge for /app/data/T0002/186205/b6634e0/SQLPage-186205/tests/sql_test_files/component_rendering/dynamic_run_sql_include.sql
2025-12-12 12:49:45,846 - Knowledge - INFO - process ingested knowledge for /app/data/T0002/186205/b6634e0/SQLPage-186205/examples/splitwise/README.md
2025-12-12 12:49:45,847 - Knowledge - INFO - process ingested knowledge for /app/data/T0002/186205/b6634e0/SQLPage-186205/examples/todo application/index.sql
2025-12-12 12:49:45,851 - Knowledge - INFO - process ingested knowledge for /app/data/T0002/186205/b6634e0/SQLPage-186205/tests/sql_test_files/data/fetch_base64.sql
2025-12-12 12:49:45,852 - Knowledge - INFO - process ingested knowledge for /app/data/T0002/186205/b6634e0/SQLPage-186205/examples/microsoft sql server advanced forms/docker-compose.yml
2025-12-12 12:49:45,856 - Knowledge - INFO - process ingested knowledge for /app/data/T0002/186205/b6634e0/SQLPage-186205/tests/sql_test_files/component_rendering/without_a_shell.sql
2025-12-12 12:49:45,857 - Knowledge - INFO - process ingested knowledge for /app/data/T0002/186205/b6634e0/SQLPage-186205/examples/master-detail-forms/README.md
2025-12-12 12:49:45,860 - Knowledge - INFO - process ingested knowledge for /app/data/T0002/186205/b6634e0/SQLPage-186205/examples/single sign on/cas/README.md
2025-12-12 12:49:45,867 - Knowledge - INFO - process ingested knowledge for /app/data/T0002/186205/b6634e0/SQLPage-186205/tests/components/display_text.sql
2025-12-12 12:49:45,873 - Knowledge - INFO - process ingested knowledge for /app/data/T0002/186205/b6634e0/SQLPage-186205/examples/user-authentication/docker-compose.yml
2025-12-12 12:49:45,880 - Knowledge - INFO - process ingested knowledge for /app/data/T0002/186205/b6634e0/SQLPage-186205/examples/todo application/delete.sql
2025-12-12 12:49:45,881 - Knowledge - INFO - process ingested knowledge for /app/data/T0002/186205/b6634e0/SQLPage-186205/examples/splitwise/group.sql
2025-12-12 12:49:45,883 - Knowledge - INFO - process ingested knowledge for /app/data/T0002/186205/b6634e0/SQLPage-186205/tests/sql_test_files/data/fetch_hex.sql
2025-12-12 12:49:45,953 - Knowledge - INFO - process ingested knowledge for /app/data/T0002/186205/b6634e0/SQLPage-186205/examples/single sign on/cas/login.sql
2025-12-12 12:49:45,956 - Knowledge - INFO - process ingested knowledge for /app/data/T0002/186205/b6634e0/SQLPage-186205/examples/tiny_twitter/index.sql
2025-12-12 12:49:45,959 - Knowledge - INFO - process ingested knowledge for /app/data/T0002/186205/b6634e0/SQLPage-186205/tests/sql_test_files/component_rendering/text_markdown.sql
2025-12-12 12:49:45,960 - Knowledge - INFO - process ingested knowledge for /app/data/T0002/186205/b6634e0/SQLPage-186205/examples/todo application/timeline.sql
2025-12-12 12:49:45,978 - Knowledge - INFO - process ingested knowledge for /app/data/T0002/186205/b6634e0/SQLPage-186205/examples/PostGIS - using sqlpage with geographic data/add_point.sql
2025-12-12 12:49:45,979 - Knowledge - INFO - process ingested knowledge for /app/data/T0002/186205/b6634e0/SQLPage-186205/tests/sql_test_files/data/link.sql
2025-12-12 12:49:45,993 - Knowledge - INFO - process ingested knowledge for /app/data/T0002/186205/b6634e0/SQLPage-186205/tests/components/any_component.sql
2025-12-12 12:49:46,035 - Knowledge - INFO - process ingested knowledge for /app/data/T0002/186205/b6634e0/SQLPage-186205/examples/nginx/sqlpage_config/sqlpage.json
2025-12-12 12:49:46,041 - Knowledge - INFO - process ingested knowledge for /app/data/T0002/186205/b6634e0/SQLPage-186205/examples/tiny_twitter/sqlpage/migrations/0001_tweets.sql
2025-12-12 12:49:46,043 - Knowledge - INFO - process ingested knowledge for /app/data/T0002/186205/b6634e0/SQLPage-186205/tests/sql_test_files/component_rendering/error_the_dynamic_component_requires_a_property_named.sql
2025-12-12 12:49:46,050 - Knowledge - INFO - process ingested knowledge for /app/data/T0002/186205/b6634e0/SQLPage-186205/examples/todo application/sqlpage/sqlpage.json
2025-12-12 12:49:46,227 - Knowledge - INFO - process ingested knowledge for /app/data/T0002/186205/b6634e0/SQLPage-186205/tests/sql_test_files/data/variables_function.sql
2025-12-12 12:49:46,228 - Knowledge - INFO - process ingested knowledge for /app/data/T0002/186205/b6634e0/SQLPage-186205/tests/components/display_form_field.sql
2025-12-12 12:49:46,228 - Knowledge - INFO - process ingested knowledge for /app/data/T0002/186205/b6634e0/SQLPage-186205/examples/PostGIS - using sqlpage with geographic data/point.sql
2025-12-12 12:49:46,231 - Knowledge - INFO - process ingested knowledge for /app/data/T0002/186205/b6634e0/SQLPage-186205/examples/tiny_twitter/README.md
2025-12-12 12:49:46,233 - Knowledge - INFO - process ingested knowledge for /app/data/T0002/186205/b6634e0/SQLPage-186205/examples/todo application/sqlpage/migrations/0000_init.sql
2025-12-12 12:49:46,235 - Knowledge - INFO - process ingested knowledge for /app/data/T0002/186205/b6634e0/SQLPage-186205/examples/user-authentication/login.sql
2025-12-12 12:49:46,236 - Knowledge - INFO - process ingested knowledge for /app/data/T0002/186205/b6634e0/SQLPage-186205/examples/nginx/sqlpage_config/migrations/000_init.sql
2025-12-12 12:49:46,238 - Knowledge - INFO - process ingested knowledge for /app/data/T0002/186205/b6634e0/SQLPage-186205/tests/sql_test_files/component_rendering/default_component.sql
2025-12-12 12:49:46,239 - Knowledge - INFO - process ingested knowledge for /app/data/T0002/186205/b6634e0/SQLPage-186205/examples/modeling a many to many relationship with a form/topics.sql
2025-12-12 12:49:46,240 - Knowledge - INFO - process ingested knowledge for /app/data/T0002/186205/b6634e0/SQLPage-186205/examples/PostGIS - using sqlpage with geographic data/index.sql
2025-12-12 12:49:46,240 - Knowledge - INFO - process ingested knowledge for /app/data/T0002/186205/b6634e0/SQLPage-186205/tests/sql_test_files/data/case_variables.sql
2025-12-12 12:49:46,241 - Knowledge - INFO - process ingested knowledge for /app/data/T0002/186205/b6634e0/SQLPage-186205/examples/todo application/sqlpage/migrations/README.md
2025-12-12 12:49:46,241 - Knowledge - INFO - process ingested knowledge for /app/data/T0002/186205/b6634e0/SQLPage-186205/tests/server_timing/mod.rs
2025-12-12 12:49:46,243 - Knowledge - INFO - process ingested knowledge for /app/data/T0002/186205/b6634e0/SQLPage-186205/examples/tiny_twitter/docker-compose.yml
2025-12-12 12:49:46,243 - Knowledge - INFO - process ingested knowledge for /app/data/T0002/186205/b6634e0/SQLPage-186205/examples/user-authentication/create_user_welcome_message.sql
2025-12-12 12:49:46,244 - Knowledge - INFO - process ingested knowledge for /app/data/T0002/186205/b6634e0/SQLPage-186205/tests/sql_test_files/component_rendering/dynamic_nested.sql
2025-12-12 12:49:46,244 - Knowledge - INFO - process ingested knowledge for /app/data/T0002/186205/b6634e0/SQLPage-186205/examples/nginx/README.md
2025-12-12 12:49:46,245 - Knowledge - INFO - process ingested knowledge for /app/data/T0002/186205/b6634e0/SQLPage-186205/examples/PostGIS - using sqlpage with geographic data/sqlpage/sqlpage.json
2025-12-12 12:49:46,246 - Knowledge - INFO - process ingested knowledge for /app/data/T0002/186205/b6634e0/SQLPage-186205/examples/modeling a many to many relationship with a form/post.sql
2025-12-12 12:49:46,246 - Knowledge - INFO - process ingested knowledge for /app/data/T0002/186205/b6634e0/SQLPage-186205/tests/sql_test_files/data/fetch_with_meta_simple.sql
2025-12-12 12:49:46,247 - Knowledge - INFO - process ingested knowledge for /app/data/T0002/186205/b6634e0/SQLPage-186205/examples/todo application/sqlpage/templates/README.md
2025-12-12 12:49:46,248 - Knowledge - INFO - process ingested knowledge for /app/data/T0002/186205/b6634e0/SQLPage-186205/tests/server_timing/redirect_test.sql
2025-12-12 12:49:46,249 - Knowledge - INFO - process ingested knowledge for /app/data/T0002/186205/b6634e0/SQLPage-186205/examples/light-dark-toggle/toggle.sql
2025-12-12 12:49:46,252 - Knowledge - INFO - Processing batch of 15 files
2025-12-12 12:49:46,253 - Knowledge - INFO - process ingested knowledge for /app/data/T0002/186205/b6634e0/SQLPage-186205/tests/sql_test_files/component_rendering/error_too_many_nested_inclusions.sql
2025-12-12 12:49:46,254 - Knowledge - INFO - process ingested knowledge for /app/data/T0002/186205/b6634e0/SQLPage-186205/examples/custom form component/basic.sql
2025-12-12 12:49:46,254 - Knowledge - INFO - process ingested knowledge for /app/data/T0002/186205/b6634e0/SQLPage-186205/examples/nginx/website/post.sql
2025-12-12 12:49:46,255 - Knowledge - INFO - process ingested knowledge for /app/data/T0002/186205/b6634e0/SQLPage-186205/examples/PostGIS - using sqlpage with geographic data/sqlpage/migrations/0000_create_db.sql
2025-12-12 12:49:46,255 - Knowledge - INFO - process ingested knowledge for /app/data/T0002/186205/b6634e0/SQLPage-186205/examples/modeling a many to many relationship with a form/write_submit.sql
2025-12-12 12:49:46,256 - Knowledge - INFO - process ingested knowledge for /app/data/T0002/186205/b6634e0/SQLPage-186205/tests/sql_test_files/data/variables_function_get_and_post.sql
2025-12-12 12:49:46,257 - Knowledge - INFO - Processing batch of 20 files
2025-12-12 12:49:46,257 - Knowledge - INFO - process ingested knowledge for /app/data/T0002/186205/b6634e0/SQLPage-186205/examples/todo application/README.md
2025-12-12 12:49:46,258 - Knowledge - INFO - process ingested knowledge for /app/data/T0002/186205/b6634e0/SQLPage-186205/tests/sql_test_files/component_rendering/log.sql
2025-12-12 12:49:46,260 - Knowledge - INFO - process ingested knowledge for /app/data/T0002/186205/b6634e0/SQLPage-186205/examples/light-dark-toggle/presentation.sql
2025-12-12 12:49:46,260 - Knowledge - INFO - process ingested knowledge for /app/data/T0002/186205/b6634e0/SQLPage-186205/examples/image gallery with user uploads/index.sql
2025-12-12 12:49:46,260 - Knowledge - INFO - process ingested knowledge for /app/data/T0002/186205/b6634e0/SQLPage-186205/tests/sql_test_files/component_rendering/temp_table_accessible_in_run_sql_nomssql.sql
2025-12-12 12:49:46,261 - Knowledge - INFO - process ingested knowledge for /app/data/T0002/186205/b6634e0/SQLPage-186205/examples/custom form component/shell.sql
2025-12-12 12:49:46,262 - Knowledge - INFO - process ingested knowledge for /app/data/T0002/186205/b6634e0/SQLPage-186205/examples/nginx/website/index.sql
2025-12-12 12:49:46,262 - Knowledge - INFO - process ingested knowledge for /app/data/T0002/186205/b6634e0/SQLPage-186205/examples/PostGIS - using sqlpage with geographic data/edition_form.sql
2025-12-12 12:49:46,263 - Knowledge - INFO - process ingested knowledge for /app/data/T0002/186205/b6634e0/SQLPage-186205/examples/modeling a many to many relationship with a form/index.sql
2025-12-12 12:49:46,263 - Knowledge - INFO - process ingested knowledge for /app/data/T0002/186205/b6634e0/SQLPage-186205/tests/sql_test_files/data/set_variable_to_sqlpage_function.sql
2025-12-12 12:49:46,263 - Knowledge - INFO - process ingested knowledge for /app/data/T0002/186205/b6634e0/SQLPage-186205/tests/sql_test_files/data/set_variable_large_integer.sql
2025-12-12 12:49:46,264 - Knowledge - INFO - process ingested knowledge for /app/data/T0002/186205/b6634e0/SQLPage-186205/examples/todo application/todo_form.sql
2025-12-12 12:49:46,264 - Knowledge - INFO - process ingested knowledge for /app/data/T0002/186205/b6634e0/SQLPage-186205/tests/sql_test_files/component_rendering/run_sql_variable_access.sql
2025-12-12 12:49:46,265 - Knowledge - INFO - process ingested knowledge for /app/data/T0002/186205/b6634e0/SQLPage-186205/examples/light-dark-toggle/shell.sql
2025-12-12 12:49:46,265 - Knowledge - INFO - process ingested knowledge for /app/data/T0002/186205/b6634e0/SQLPage-186205/examples/image gallery with user uploads/upload_form.sql
2025-12-12 12:49:46,266 - Knowledge - INFO - process ingested knowledge for /app/data/T0002/186205/b6634e0/SQLPage-186205/examples/image gallery with user uploads/create_session.sql
2025-12-12 12:49:46,267 - Knowledge - INFO - process ingested knowledge for /app/data/T0002/186205/b6634e0/SQLPage-186205/examples/custom form component/index.sql
2025-12-12 12:49:46,267 - Knowledge - INFO - process ingested knowledge for /app/data/T0002/186205/b6634e0/SQLPage-186205/examples/custom form component/sqlpage/migrations/0001_users_and_groups.sql
2025-12-12 12:49:46,268 - Knowledge - INFO - process ingested knowledge for /app/data/T0002/186205/b6634e0/SQLPage-186205/examples/PostGIS - using sqlpage with geographic data/README.md
2025-12-12 12:49:46,397 - Knowledge - INFO - process ingested knowledge for /app/data/T0002/186205/b6634e0/SQLPage-186205/examples/nginx/website/add_comment.sql
2025-12-12 12:49:46,397 - Knowledge - INFO - process ingested knowledge for /app/data/T0002/186205/b6634e0/SQLPage-186205/tests/sql_test_files/data/immutable_variables.sql
2025-12-12 12:49:46,485 - Knowledge - INFO - process ingested knowledge for /app/data/T0002/186205/b6634e0/SQLPage-186205/examples/light-dark-toggle/index.sql
2025-12-12 12:49:46,487 - Knowledge - INFO - process ingested knowledge for /app/data/T0002/186205/b6634e0/SQLPage-186205/examples/image gallery with user uploads/sqlpage/sqlpage.json
2025-12-12 12:49:46,487 - Knowledge - INFO - process ingested knowledge for /app/data/T0002/186205/b6634e0/SQLPage-186205/examples/using react and other custom scripts and styles/api.sql
2025-12-12 12:49:46,488 - Knowledge - INFO - process ingested knowledge for /app/data/T0002/186205/b6634e0/SQLPage-186205/tests/sql_test_files/data/fetch_with_meta_error.sql
2025-12-12 12:49:46,488 - Knowledge - INFO - process ingested knowledge for /app/data/T0002/186205/b6634e0/SQLPage-186205/tests/sql_test_files/component_rendering/dynamic_repeated_properties.sql
2025-12-12 12:49:46,489 - Knowledge - INFO - process ingested knowledge for /app/data/T0002/186205/b6634e0/SQLPage-186205/tests/sql_test_files/data/fetch_native_json_array_impl.sql
2025-12-12 12:49:46,489 - Knowledge - INFO - process ingested knowledge for /app/data/T0002/186205/b6634e0/SQLPage-186205/tests/sql_test_files/component_rendering/dynamic_toplevel.sql
2025-12-12 12:49:46,490 - Knowledge - INFO - process ingested knowledge for /app/data/T0002/186205/b6634e0/SQLPage-186205/examples/custom form component/README.md
2025-12-12 12:49:46,490 - Knowledge - INFO - process ingested knowledge for /app/data/T0002/186205/b6634e0/SQLPage-186205/examples/microsoft sql server advanced forms/survey.sql
2025-12-12 12:49:46,491 - Knowledge - INFO - process ingested knowledge for /app/data/T0002/186205/b6634e0/SQLPage-186205/examples/nginx/docker-compose.yml
2025-12-12 12:49:46,491 - Knowledge - INFO - process ingested knowledge for /app/data/T0002/186205/b6634e0/SQLPage-186205/examples/light-dark-toggle/codeconduct.sql
2025-12-12 12:49:46,491 - Knowledge - INFO - process ingested knowledge for /app/data/T0002/186205/b6634e0/SQLPage-186205/tests/sql_test_files/data/fetch_null.sql
2025-12-12 12:49:46,492 - Knowledge - INFO - process ingested knowledge for /app/data/T0002/186205/b6634e0/SQLPage-186205/examples/image gallery with user uploads/sqlpage/migrations/0002_users.sql
2025-12-12 12:49:46,574 - Knowledge - INFO - process ingested knowledge for /app/data/T0002/186205/b6634e0/SQLPage-186205/tests/sql_test_files/component_rendering/simple.sql
2025-12-12 12:49:46,575 - Knowledge - INFO - process ingested knowledge for /app/data/T0002/186205/b6634e0/SQLPage-186205/tests/sql_test_files/data/link_null.sql
2025-12-12 12:49:46,577 - Knowledge - INFO - process ingested knowledge for /app/data/T0002/186205/b6634e0/SQLPage-186205/tests/sql_test_files/component_rendering/error_cookie_component_cannot_be_used_after_data_has_already_been_sent.sql
2025-12-12 12:49:46,578 - Knowledge - INFO - process ingested knowledge for /app/data/T0002/186205/b6634e0/SQLPage-186205/examples/microsoft sql server advanced forms/index.sql
2025-12-12 12:49:46,579 - Knowledge - INFO - process ingested knowledge for /app/data/T0002/186205/b6634e0/SQLPage-186205/examples/light-dark-toggle/sqlpage/sqlpage.yaml
2025-12-12 12:49:46,579 - Knowledge - INFO - process ingested knowledge for /app/data/T0002/186205/b6634e0/SQLPage-186205/examples/image gallery with user uploads/sqlpage/migrations/0001_images_table.sql
2025-12-12 12:49:46,704 - Knowledge - INFO - process ingested knowledge for /app/data/T0002/186205/b6634e0/SQLPage-186205/examples/custom form component/docker-compose.yml
2025-12-12 12:49:46,704 - Knowledge - INFO - process ingested knowledge for /app/data/T0002/186205/b6634e0/SQLPage-186205/tests/sql_test_files/data/hash_password_null.sql
2025-12-12 12:49:46,707 - Knowledge - INFO - process ingested knowledge for /app/data/T0002/186205/b6634e0/SQLPage-186205/tests/sql_test_files/component_rendering/error_failed_to_import_the_csv.sql
2025-12-12 12:49:46,707 - Knowledge - INFO - process ingested knowledge for /app/data/T0002/186205/b6634e0/SQLPage-186205/examples/microsoft sql server advanced forms/sqlpage/mssql-migrations/README.md
2025-12-12 12:49:46,708 - Knowledge - INFO - process ingested knowledge for /app/data/T0002/186205/b6634e0/SQLPage-186205/examples/using react and other custom scripts and styles/style.css
2025-12-12 12:49:46,711 - Knowledge - INFO - process ingested knowledge for /app/data/T0002/186205/b6634e0/SQLPage-186205/examples/image gallery with user uploads/README.md
2025-12-12 12:49:46,712 - Knowledge - INFO - process ingested knowledge for /app/data/T0002/186205/b6634e0/SQLPage-186205/tests/sql_test_files/component_rendering/deeply_nested_dynamic_components.sql
2025-12-12 12:49:46,713 - Knowledge - INFO - process ingested knowledge for /app/data/T0002/186205/b6634e0/SQLPage-186205/tests/sql_test_files/data/hmac_sha512.sql
2025-12-12 12:49:46,901 - Knowledge - INFO - process ingested knowledge for /app/data/T0002/186205/b6634e0/SQLPage-186205/tests/sql_test_files/data/url_encode.sql
2025-12-12 12:49:46,923 - Knowledge - INFO - process ingested knowledge for /app/data/T0002/186205/b6634e0/SQLPage-186205/tests/sql_test_files/component_rendering/error_invalid_json_in_dynamic_component.sql
2025-12-12 12:49:46,942 - Knowledge - INFO - process ingested knowledge for /app/data/T0002/186205/b6634e0/SQLPage-186205/examples/microsoft sql server advanced forms/sqlpage/mssql-migrations/0001_db_init.sql
2025-12-12 12:49:46,959 - Knowledge - INFO - process ingested knowledge for /app/data/T0002/186205/b6634e0/SQLPage-186205/examples/using react and other custom scripts and styles/index.sql
2025-12-12 12:49:47,457 - Knowledge - INFO - process ingested knowledge for /app/data/T0002/186205/b6634e0/SQLPage-186205/tests/sql_test_files/component_rendering/run_sql.sql
2025-12-12 12:49:47,474 - Knowledge - INFO - process ingested knowledge for /app/data/T0002/186205/b6634e0/SQLPage-186205/tests/sql_test_files/data/set_variable_func.sql
2025-12-12 12:49:47,483 - Knowledge - INFO - process ingested knowledge for /app/data/T0002/186205/b6634e0/SQLPage-186205/examples/rich-text-editor/post.sql
2025-12-12 12:49:47,490 - Knowledge - INFO - Processing batch of 20 files
2025-12-12 12:49:47,505 - Knowledge - INFO - process ingested knowledge for /app/data/T0002/186205/b6634e0/SQLPage-186205/examples/light-dark-toggle/README.md
2025-12-12 12:49:47,546 - Knowledge - INFO - process ingested knowledge for /app/data/T0002/186205/b6634e0/SQLPage-186205/examples/using react and other custom scripts and styles/my_react_component.js
2025-12-12 12:49:47,631 - Knowledge - INFO - process ingested knowledge for /app/data/T0002/186205/b6634e0/SQLPage-186205/tests/sql_test_files/data/hmac_sha256.sql
2025-12-12 12:49:47,923 - Knowledge - INFO - process ingested knowledge for /app/data/T0002/186205/b6634e0/SQLPage-186205/tests/sql_test_files/component_rendering/shell_search.sql
2025-12-12 12:49:47,928 - Knowledge - INFO - process ingested knowledge for /app/data/T0002/186205/b6634e0/SQLPage-186205/examples/image gallery with user uploads/upload.sql
2025-12-12 12:49:47,995 - Knowledge - INFO - [LLM_CALL] Completed: 01_sample_data.sql:chunk1, Duration: 2572ms, PromptTokens: 7536, CompletionTokens: 59, Cost: $0.00078
2025-12-12 12:49:47,995 - Knowledge - INFO - done ingest for /app/data/T0002/186205/b6634e0/SQLPage-186205/examples/modeling a many to many relationship with a form/sqlpage/migrations/01_sample_data.sql
2025-12-12 12:49:48,454 - Knowledge - INFO - process ingested knowledge for /app/data/T0002/186205/b6634e0/SQLPage-186205/tests/sql_test_files/data/set_variable_to_null_overwrites_existing.sql
2025-12-12 12:49:48,466 - Knowledge - INFO - process ingested knowledge for /app/data/T0002/186205/b6634e0/SQLPage-186205/tests/sql_test_files/data/query_string.sql
2025-12-12 12:49:48,875 - Knowledge - INFO - process ingested knowledge for /app/data/T0002/186205/b6634e0/SQLPage-186205/examples/using react and other custom scripts and styles/sqlpage/migrations/0001_clicks.sql
2025-12-12 12:49:48,884 - Knowledge - INFO - process ingested knowledge for /app/data/T0002/186205/b6634e0/SQLPage-186205/tests/sql_test_files/data/set_variable.sql
2025-12-12 12:49:49,287 - Knowledge - INFO - process ingested knowledge for /app/data/T0002/186205/b6634e0/SQLPage-186205/examples/image gallery with user uploads/login.sql
2025-12-12 12:49:49,330 - Knowledge - INFO - process ingested knowledge for /app/data/T0002/186205/b6634e0/SQLPage-186205/examples/light-dark-toggle/biography.sql
2025-12-12 12:49:49,342 - Knowledge - INFO - process ingested knowledge for /app/data/T0002/186205/b6634e0/SQLPage-186205/tests/sql_test_files/data/headers.sql
2025-12-12 12:49:49,844 - Knowledge - INFO - process ingested knowledge for /app/data/T0002/186205/b6634e0/SQLPage-186205/examples/using react and other custom scripts and styles/react.sql
2025-12-12 12:49:49,871 - Knowledge - INFO - process ingested knowledge for /app/data/T0002/186205/b6634e0/SQLPage-186205/tests/sql_test_files/component_rendering/download_raw.sql
2025-12-12 12:49:50,704 - Knowledge - INFO - process ingested knowledge for /app/data/T0002/186205/b6634e0/SQLPage-186205/tests/sql_test_files/data/sqlite_unicode_upper.sql
2025-12-12 12:49:50,729 - Knowledge - INFO - process ingested knowledge for /app/data/T0002/186205/b6634e0/SQLPage-186205/examples/make a geographic data application using sqlite extensions/add_point.sql
2025-12-12 12:49:50,755 - Knowledge - INFO - process ingested knowledge for /app/data/T0002/186205/b6634e0/SQLPage-186205/examples/image gallery with user uploads/logout.sql
2025-12-12 12:49:50,764 - Knowledge - INFO - process ingested knowledge for /app/data/T0002/186205/b6634e0/SQLPage-186205/tests/sql_test_files/select_temp_t.sql
2025-12-12 12:49:51,666 - Knowledge - INFO - process ingested knowledge for /app/data/T0002/186205/b6634e0/SQLPage-186205/tests/sql_test_files/component_rendering/error_single_shell_per_page.sql
2025-12-12 12:49:51,970 - Knowledge - INFO - process ingested knowledge for /app/data/T0002/186205/b6634e0/SQLPage-186205/tests/sql_test_files/data/fetch_simple.sql
2025-12-12 12:49:51,985 - Knowledge - INFO - process ingested knowledge for /app/data/T0002/186205/b6634e0/SQLPage-186205/tests/sql_test_files/data/hmac_shopify_webhook.sql
2025-12-12 12:49:52,780 - Knowledge - INFO - process ingested knowledge for /app/data/T0002/186205/b6634e0/SQLPage-186205/tests/sql_test_files/component_rendering/dynamic_shell.sql
2025-12-12 12:49:53,382 - Knowledge - INFO - process ingested knowledge for /app/data/T0002/186205/b6634e0/SQLPage-186205/tests/sql_test_files/data/uploaded_file_is_null.sql
2025-12-12 12:49:53,389 - Knowledge - INFO - process ingested knowledge for /app/data/T0002/186205/b6634e0/SQLPage-186205/tests/sql_test_files/data/set_variable_numeric.sql
2025-12-12 12:49:54,583 - Knowledge - INFO - process ingested knowledge for /app/data/T0002/186205/b6634e0/SQLPage-186205/tests/sql_test_files/data/delayed_function_call.sql
2025-12-12 12:49:55,541 - Knowledge - INFO - process ingested knowledge for /app/data/T0002/186205/b6634e0/SQLPage-186205/examples/make a geographic data application using sqlite extensions/point.sql
2025-12-12 12:49:55,622 - Knowledge - INFO - process ingested knowledge for /app/data/T0002/186205/b6634e0/SQLPage-186205/tests/sql_test_files/README.md
2025-12-12 12:49:56,259 - Knowledge - INFO - process ingested knowledge for /app/data/T0002/186205/b6634e0/SQLPage-186205/tests/sql_test_files/data/create_table.sql
2025-12-12 12:49:57,640 - Knowledge - INFO - process ingested knowledge for /app/data/T0002/186205/b6634e0/SQLPage-186205/examples/make a geographic data application using sqlite extensions/index.sql
2025-12-12 12:49:57,660 - Knowledge - INFO - process ingested knowledge for /app/data/T0002/186205/b6634e0/SQLPage-186205/tests/sql_test_files/component_rendering/download_base64.sql
2025-12-12 12:49:57,677 - Knowledge - INFO - process ingested knowledge for /app/data/T0002/186205/b6634e0/SQLPage-186205/tests/sql_test_files/mod.rs
2025-12-12 12:49:58,153 - Knowledge - INFO - process ingested knowledge for /app/data/T0002/186205/b6634e0/SQLPage-186205/tests/sql_test_files/data/concat_str_in_pseudofunction.sql
2025-12-12 12:49:59,817 - Knowledge - INFO - [LLM_CALL] Completed: build.rs:chunk1, Duration: 14517ms, PromptTokens: 4818, CompletionTokens: 893, Cost: $0.00084
2025-12-12 12:49:59,822 - Knowledge - INFO - done ingest for /app/data/T0002/186205/b6634e0/SQLPage-186205/build.rs
2025-12-12 12:50:00,025 - Knowledge - INFO - [LLM_CALL] Completed: tomselect.js:chunk1, Duration: 14664ms, PromptTokens: 2326, CompletionTokens: 328, Cost: $0.00036
2025-12-12 12:50:00,100 - Knowledge - INFO - done ingest for /app/data/T0002/186205/b6634e0/SQLPage-186205/sqlpage/tomselect.js
2025-12-12 12:50:00,272 - Knowledge - INFO - process ingested knowledge for /app/data/T0002/186205/b6634e0/SQLPage-186205/tests/sql_test_files/data/protocol.sql
2025-12-12 12:50:01,022 - Knowledge - INFO - process ingested knowledge for /app/data/T0002/186205/b6634e0/SQLPage-186205/tests/common/mod.rs
2025-12-12 12:50:01,071 - Knowledge - INFO - [LLM_CALL] Completed: apexcharts.js:chunk1, Duration: 15722ms, PromptTokens: 6076, CompletionTokens: 383, Cost: $0.00076
2025-12-12 12:50:01,071 - Knowledge - INFO - done ingest for /app/data/T0002/186205/b6634e0/SQLPage-186205/sqlpage/apexcharts.js
2025-12-12 12:50:01,794 - Knowledge - INFO - process ingested knowledge for /app/data/T0002/186205/b6634e0/SQLPage-186205/tests/sql_test_files/data/nested_sqlpage_functions.sql
2025-12-12 12:50:04,528 - Knowledge - INFO - process ingested knowledge for /app/data/T0002/186205/b6634e0/SQLPage-186205/tests/sql_test_files/component_rendering/error_unknown_field.sql
2025-12-12 12:50:04,568 - Knowledge - INFO - process ingested knowledge for /app/data/T0002/186205/b6634e0/SQLPage-186205/examples/make a geographic data application using sqlite extensions/sqlpage/sqlpage.json
2025-12-12 12:50:04,568 - Knowledge - INFO - process ingested knowledge for /app/data/T0002/186205/b6634e0/SQLPage-186205/examples/make a geographic data application using sqlite extensions/sqlpage/migrations/0000_create_db.sql
2025-12-12 12:50:05,787 - Knowledge - INFO - process ingested knowledge for /app/data/T0002/186205/b6634e0/SQLPage-186205/tests/sql_test_files/data/postgres_cast_syntax.sql
2025-12-12 12:50:07,190 - Knowledge - INFO - process ingested knowledge for /app/data/T0002/186205/b6634e0/SQLPage-186205/tests/sql_test_files/data/basic_auth_username.sql
2025-12-12 12:50:07,197 - Knowledge - INFO - process ingested knowledge for /app/data/T0002/186205/b6634e0/SQLPage-186205/tests/sql_test_files/component_rendering/text_unsafe_markdown.sql
2025-12-12 12:50:07,254 - Knowledge - INFO - process ingested knowledge for /app/data/T0002/186205/b6634e0/SQLPage-186205/examples/make a geographic data application using sqlite extensions/README.md
2025-12-12 12:50:07,574 - Knowledge - INFO - [LLM_CALL] Completed: rich_text_editor.js:chunk1, Duration: 22081ms, PromptTokens: 13052, CompletionTokens: 1205, Cost: $0.00179
2025-12-12 12:50:07,645 - Knowledge - INFO - done ingest for /app/data/T0002/186205/b6634e0/SQLPage-186205/examples/rich-text-editor/rich_text_editor.js
2025-12-12 12:50:09,213 - Knowledge - INFO - process ingested knowledge for /app/data/T0002/186205/b6634e0/SQLPage-186205/tests/sql_test_files/data/set_variable_func_replace.sql
2025-12-12 12:50:10,090 - Knowledge - INFO - process ingested knowledge for /app/data/T0002/186205/b6634e0/SQLPage-186205/tests/core/select_temp_t.sql
2025-12-12 12:50:10,095 - Knowledge - INFO - process ingested knowledge for /app/data/T0002/186205/b6634e0/SQLPage-186205/tests/sql_test_files/data/read_file_as_text.sql
2025-12-12 12:50:10,144 - Knowledge - INFO - process ingested knowledge for /app/data/T0002/186205/b6634e0/SQLPage-186205/tests/sql_test_files/component_rendering/markdown_in_table.sql
2025-12-12 12:50:10,945 - Knowledge - INFO - [LLM_CALL] Completed: sqlpage.js:chunk1, Duration: 25622ms, PromptTokens: 7030, CompletionTokens: 996, Cost: $0.00110
2025-12-12 12:50:10,946 - Knowledge - INFO - done ingest for /app/data/T0002/186205/b6634e0/SQLPage-186205/sqlpage/sqlpage.js
2025-12-12 12:50:11,222 - Knowledge - INFO - process ingested knowledge for /app/data/T0002/186205/b6634e0/SQLPage-186205/tests/sql_test_files/data/set_case.sql
2025-12-12 12:50:11,701 - Knowledge - INFO - process ingested knowledge for /app/data/T0002/186205/b6634e0/SQLPage-186205/tests/core/spaces in file name.sql
2025-12-12 12:50:12,482 - Knowledge - INFO - process ingested knowledge for /app/data/T0002/186205/b6634e0/SQLPage-186205/tests/sql_test_files/component_rendering/error_arbitrary_SQL_expressions_as_function_arguments_are_not_supported.sql
2025-12-12 12:50:13,341 - Knowledge - INFO - [LLM_CALL] Completed: lib.rs:chunk1, Duration: 28701ms, PromptTokens: 3492, CompletionTokens: 319, Cost: $0.00048
2025-12-12 12:50:13,341 - Knowledge - INFO - done ingest for /app/data/T0002/186205/b6634e0/SQLPage-186205/src/lib.rs
2025-12-12 12:50:14,260 - Knowledge - INFO - process ingested knowledge for /app/data/T0002/186205/b6634e0/SQLPage-186205/tests/sql_test_files/data/client_ip.sql
2025-12-12 12:50:14,769 - Knowledge - INFO - process ingested knowledge for /app/data/T0002/186205/b6634e0/SQLPage-186205/tests/sql_test_files/data/sqrt.sql
2025-12-12 12:50:14,775 - Knowledge - INFO - process ingested knowledge for /app/data/T0002/186205/b6634e0/SQLPage-186205/tests/core/mod.rs
2025-12-12 12:50:15,148 - Knowledge - INFO - process ingested knowledge for /app/data/T0002/186205/b6634e0/SQLPage-186205/tests/sql_test_files/component_rendering/columns_component_json_nomssql_nopostgres.sql
2025-12-12 12:50:16,743 - Knowledge - INFO - [LLM_CALL] Completed: blob_to_data_url.rs:chunk1, Duration: 31686ms, PromptTokens: 3980, CompletionTokens: 362, Cost: $0.00054
2025-12-12 12:50:16,751 - Knowledge - INFO - done ingest for /app/data/T0002/186205/b6634e0/SQLPage-186205/src/webserver/database/blob_to_data_url.rs
2025-12-12 12:50:18,296 - Knowledge - INFO - process ingested knowledge for /app/data/T0002/186205/b6634e0/SQLPage-186205/tests/transactions/failed_transaction.sql
2025-12-12 12:50:20,788 - Knowledge - INFO - process ingested knowledge for /app/data/T0002/186205/b6634e0/SQLPage-186205/tests/sql_test_files/data/random_string.sql
2025-12-12 12:50:22,220 - Knowledge - INFO - process ingested knowledge for /app/data/T0002/186205/b6634e0/SQLPage-186205/tests/transactions/failed_transaction_mysql.sql
2025-12-12 12:50:24,164 - Knowledge - INFO - [LLM_CALL] Completed: single_or_vec.rs:chunk1, Duration: 39742ms, PromptTokens: 2626, CompletionTokens: 341, Cost: $0.00040
2025-12-12 12:50:24,171 - Knowledge - INFO - done ingest for /app/data/T0002/186205/b6634e0/SQLPage-186205/src/webserver/single_or_vec.rs
2025-12-12 12:50:25,677 - Knowledge - INFO - process ingested knowledge for /app/data/T0002/186205/b6634e0/SQLPage-186205/tests/sql_test_files/data/fetch_post.sql
2025-12-12 12:50:26,267 - Knowledge - INFO - process ingested knowledge for /app/data/T0002/186205/b6634e0/SQLPage-186205/tests/transactions/mod.rs
2025-12-12 12:50:28,223 - Knowledge - INFO - process ingested knowledge for /app/data/T0002/186205/b6634e0/SQLPage-186205/tests/sql_test_files/data/decimal.sql
2025-12-12 12:50:28,700 - Knowledge - INFO - Processing batch of 15 files
2025-12-12 12:50:28,707 - Knowledge - INFO - process ingested knowledge for /app/data/T0002/186205/b6634e0/SQLPage-186205/tests/transactions/failed_transaction_mssql.sql
2025-12-12 12:50:28,708 - Knowledge - INFO - process ingested knowledge for /app/data/T0002/186205/b6634e0/SQLPage-186205/examples/modeling a many to many relationship with a form/write.sql
2025-12-12 12:50:30,327 - Knowledge - INFO - [LLM_CALL] Completed: error.rs:chunk1, Duration: 45251ms, PromptTokens: 3580, CompletionTokens: 710, Cost: $0.00064
2025-12-12 12:50:30,329 - Knowledge - INFO - done ingest for /app/data/T0002/186205/b6634e0/SQLPage-186205/src/webserver/error.rs
2025-12-12 12:50:32,329 - Knowledge - INFO - process ingested knowledge for /app/data/T0002/186205/b6634e0/SQLPage-186205/examples/modeling a many to many relationship with a form/sqlpage/migrations/03_sqlpage_shell.sql
2025-12-12 12:50:32,335 - Knowledge - INFO - process ingested knowledge for /app/data/T0002/186205/b6634e0/SQLPage-186205/tests/data_formats/json_columns.sql
2025-12-12 12:50:36,581 - Knowledge - INFO - [LLM_CALL] Completed: file_cache.rs:chunk1, Duration: 51825ms, PromptTokens: 4314, CompletionTokens: 873, Cost: $0.00078
2025-12-12 12:50:36,582 - Knowledge - INFO - done ingest for /app/data/T0002/186205/b6634e0/SQLPage-186205/src/file_cache.rs
2025-12-12 12:50:36,996 - Knowledge - INFO - process ingested knowledge for /app/data/T0002/186205/b6634e0/SQLPage-186205/examples/modeling a many to many relationship with a form/sqlpage/migrations/00_schema.sql
2025-12-12 12:50:37,012 - Knowledge - INFO - process ingested knowledge for /app/data/T0002/186205/b6634e0/SQLPage-186205/tests/data_formats/json_data.sql
2025-12-12 12:50:37,149 - Knowledge - INFO - [LLM_CALL] Completed: content_security_policy.rs:chunk1, Duration: 52295ms, PromptTokens: 2174, CompletionTokens: 559, Cost: $0.00044
2025-12-12 12:50:37,150 - Knowledge - INFO - done ingest for /app/data/T0002/186205/b6634e0/SQLPage-186205/src/webserver/content_security_policy.rs
2025-12-12 12:50:37,383 - Knowledge - INFO - [LLM_CALL] Completed: http_fetch_request.rs:chunk1, Duration: 52712ms, PromptTokens: 2562, CompletionTokens: 371, Cost: $0.00040
2025-12-12 12:50:37,383 - Knowledge - INFO - done ingest for /app/data/T0002/186205/b6634e0/SQLPage-186205/src/webserver/database/sqlpage_functions/http_fetch_request.rs
2025-12-12 12:50:38,015 - Knowledge - INFO - [LLM_CALL] Completed: error_highlighting.rs:chunk1, Duration: 53455ms, PromptTokens: 2858, CompletionTokens: 311, Cost: $0.00041
2025-12-12 12:50:38,028 - Knowledge - INFO - done ingest for /app/data/T0002/186205/b6634e0/SQLPage-186205/src/webserver/database/error_highlighting.rs
2025-12-12 12:50:39,971 - Knowledge - INFO - [WEBSOCKET] Sent: Type=progress_update, Size: 293, Duration: 0ms
2025-12-12 12:50:39,971 - Knowledge - INFO - [WEBSOCKET] Sent: Type=unknown, Size: ?, Duration: 1ms
2025-12-12 12:50:39,972 - Knowledge - INFO - Progress: 42.1% | Files: 257/611 | Rate: 4.75 files/sec | Queue: 266
2025-12-12 12:50:41,681 - Knowledge - INFO - process ingested knowledge for /app/data/T0002/186205/b6634e0/SQLPage-186205/tests/data_formats/csv_data.sql
2025-12-12 12:50:41,698 - Knowledge - INFO - [kw12] Queue=266, InProgress=0, PendingWorkers=20/20, Completed=260/611 (42.6%)
2025-12-12 12:50:41,759 - Knowledge - INFO - Batch sizing: calculated=15, max_allowed=25, queue=266, active_workers=20/20
2025-12-12 12:50:43,128 - Knowledge - INFO - [kw10] Queue=266, InProgress=0, PendingWorkers=20/20, Completed=261/611 (42.7%)
2025-12-12 12:50:43,194 - Knowledge - INFO - Batch sizing: calculated=15, max_allowed=25, queue=266, active_workers=20/20
2025-12-12 12:50:43,652 - Knowledge - INFO - process ingested knowledge for /app/data/T0002/186205/b6634e0/SQLPage-186205/examples/modeling a many to many relationship with a form/sqlpage/migrations/01_sample_data.sql
2025-12-12 12:50:44,099 - Knowledge - INFO - [LLM_CALL] Completed: function_definition_macro.rs:chunk1, Duration: 59372ms, PromptTokens: 2182, CompletionTokens: 467, Cost: $0.00040
2025-12-12 12:50:44,122 - Knowledge - INFO - done ingest for /app/data/T0002/186205/b6634e0/SQLPage-186205/src/webserver/database/sqlpage_functions/function_definition_macro.rs
2025-12-12 12:50:44,972 - Knowledge - INFO - [LLM_CALL] Completed: migrations.rs:chunk1, Duration: 60428ms, PromptTokens: 2186, CompletionTokens: 390, Cost: $0.00037
2025-12-12 12:50:45,072 - Knowledge - INFO - done ingest for /app/data/T0002/186205/b6634e0/SQLPage-186205/src/webserver/database/migrations.rs
2025-12-12 12:50:45,077 - Knowledge - INFO - process ingested knowledge for /app/data/T0002/186205/b6634e0/SQLPage-186205/tests/data_formats/mod.rs
2025-12-12 12:50:45,100 - Knowledge - INFO - Async storing batch of 15 embeddings
2025-12-12 12:50:45,234 - Knowledge - INFO - Worker kw12 processing /app/data/T0002/186205/b6634e0/SQLPage-186205/examples/handle-404/api/404.sql
2025-12-12 12:50:45,289 - Knowledge - INFO - Fast-tracked /app/data/T0002/186205/b6634e0/SQLPage-186205/examples/handle-404/api/404.sql (ext=.sql, size=201)
2025-12-12 12:50:45,322 - Knowledge - INFO - Worker kw12 processing /app/data/T0002/186205/b6634e0/SQLPage-186205/examples/handle-404/api/index.sql
2025-12-12 12:50:45,353 - Knowledge - INFO - Fast-tracked /app/data/T0002/186205/b6634e0/SQLPage-186205/examples/handle-404/api/index.sql (ext=.sql, size=173)
2025-12-12 12:50:45,366 - Knowledge - INFO - Worker kw12 processing /app/data/T0002/186205/b6634e0/SQLPage-186205/examples/handle-404/index.sql
2025-12-12 12:50:45,378 - Knowledge - INFO - Worker kw12 processing /app/data/T0002/186205/b6634e0/SQLPage-186205/examples/multiple-choice-question/results.sql
2025-12-12 12:50:45,482 - Knowledge - INFO - Fast-tracked /app/data/T0002/186205/b6634e0/SQLPage-186205/examples/multiple-choice-question/results.sql (ext=.sql, size=281)
2025-12-12 12:50:45,490 - Knowledge - INFO - Worker kw12 processing /app/data/T0002/186205/b6634e0/SQLPage-186205/examples/multiple-choice-question/edit_option.sql
2025-12-12 12:50:45,522 - Knowledge - INFO - Fast-tracked /app/data/T0002/186205/b6634e0/SQLPage-186205/examples/multiple-choice-question/edit_option.sql (ext=.sql, size=173)
2025-12-12 12:50:45,537 - Knowledge - INFO - Worker kw12 processing /app/data/T0002/186205/b6634e0/SQLPage-186205/examples/multiple-choice-question/index.sql
2025-12-12 12:50:45,590 - Knowledge - INFO - Fast-tracked /app/data/T0002/186205/b6634e0/SQLPage-186205/examples/multiple-choice-question/index.sql (ext=.sql, size=302)
2025-12-12 12:50:45,596 - Knowledge - INFO - Worker kw12 processing /app/data/T0002/186205/b6634e0/SQLPage-186205/examples/multiple-choice-question/create_question.sql
2025-12-12 12:50:45,640 - Knowledge - INFO - Fast-tracked /app/data/T0002/186205/b6634e0/SQLPage-186205/examples/multiple-choice-question/create_question.sql (ext=.sql, size=138)
2025-12-12 12:50:45,653 - Knowledge - INFO - Worker kw12 processing /app/data/T0002/186205/b6634e0/SQLPage-186205/examples/multiple-choice-question/delete_option.sql
2025-12-12 12:50:45,684 - Knowledge - INFO - Fast-tracked /app/data/T0002/186205/b6634e0/SQLPage-186205/examples/multiple-choice-question/delete_option.sql (ext=.sql, size=245)
2025-12-12 12:50:45,684 - Knowledge - INFO - Worker kw12 processing /app/data/T0002/186205/b6634e0/SQLPage-186205/examples/multiple-choice-question/process.sql
2025-12-12 12:50:45,692 - Knowledge - INFO - Fast-tracked /app/data/T0002/186205/b6634e0/SQLPage-186205/examples/multiple-choice-question/process.sql (ext=.sql, size=149)
2025-12-12 12:50:45,728 - Knowledge - INFO - Worker kw12 processing /app/data/T0002/186205/b6634e0/SQLPage-186205/examples/multiple-choice-question/sqlpage/migrations/0001_create_users_table.sql
2025-12-12 12:50:45,784 - Knowledge - INFO - Fast-tracked /app/data/T0002/186205/b6634e0/SQLPage-186205/examples/multiple-choice-question/sqlpage/migrations/0001_create_users_table.sql (ext=.sql, size=422)
2025-12-12 12:50:45,792 - Knowledge - INFO - Worker kw12 processing /app/data/T0002/186205/b6634e0/SQLPage-186205/examples/multiple-choice-question/README.md
2025-12-12 12:50:45,903 - Knowledge - INFO - Fast-tracked /app/data/T0002/186205/b6634e0/SQLPage-186205/examples/multiple-choice-question/README.md (ext=.md, size=1146)
2025-12-12 12:50:45,954 - Knowledge - INFO - Worker kw12 processing /app/data/T0002/186205/b6634e0/SQLPage-186205/examples/multiple-choice-question/website_header.json
2025-12-12 12:50:46,048 - Knowledge - INFO - Fast-tracked /app/data/T0002/186205/b6634e0/SQLPage-186205/examples/multiple-choice-question/website_header.json (ext=.json, size=155)
2025-12-12 12:50:46,056 - Knowledge - INFO - Worker kw12 processing /app/data/T0002/186205/b6634e0/SQLPage-186205/examples/multiple-choice-question/admin.sql
2025-12-12 12:50:46,098 - Knowledge - INFO - Fast-tracked /app/data/T0002/186205/b6634e0/SQLPage-186205/examples/multiple-choice-question/admin.sql (ext=.sql, size=1615)
2025-12-12 12:50:46,119 - Knowledge - INFO - Worker kw12 processing /app/data/T0002/186205/b6634e0/SQLPage-186205/examples/mysql json handling/survey.sql
2025-12-12 12:50:46,189 - Knowledge - INFO - Fast-tracked /app/data/T0002/186205/b6634e0/SQLPage-186205/examples/mysql json handling/survey.sql (ext=.sql, size=845)
2025-12-12 12:50:46,252 - Knowledge - INFO - Worker kw12 processing /app/data/T0002/186205/b6634e0/SQLPage-186205/examples/mysql json handling/index.sql
2025-12-12 12:50:46,299 - Knowledge - INFO - Fast-tracked /app/data/T0002/186205/b6634e0/SQLPage-186205/examples/mysql json handling/index.sql (ext=.sql, size=1244)
2025-12-12 12:50:46,308 - Knowledge - INFO - Async storage completed for 15 embeddings
2025-12-12 12:50:46,409 - Knowledge - INFO - Fast-tracked /app/data/T0002/186205/b6634e0/SQLPage-186205/examples/handle-404/index.sql (small file (2066 bytes))
2025-12-12 12:50:46,746 - Knowledge - INFO - Async storing batch of 15 embeddings
2025-12-12 12:50:46,781 - Knowledge - INFO - Worker kw10 processing /app/data/T0002/186205/b6634e0/SQLPage-186205/examples/mysql json handling/sqlpage/migrations/0001_users_and_groups.sql
2025-12-12 12:50:46,892 - Knowledge - INFO - Fast-tracked /app/data/T0002/186205/b6634e0/SQLPage-186205/examples/mysql json handling/sqlpage/migrations/0001_users_and_groups.sql (ext=.sql, size=411)
2025-12-12 12:50:46,893 - Knowledge - INFO - Worker kw10 processing /app/data/T0002/186205/b6634e0/SQLPage-186205/examples/mysql json handling/sqlpage/migrations/0002_survey.sql
2025-12-12 12:50:46,966 - Knowledge - INFO - Fast-tracked /app/data/T0002/186205/b6634e0/SQLPage-186205/examples/mysql json handling/sqlpage/migrations/0002_survey.sql (ext=.sql, size=444)
2025-12-12 12:50:46,996 - Knowledge - INFO - Worker kw10 processing /app/data/T0002/186205/b6634e0/SQLPage-186205/examples/mysql json handling/README.md
2025-12-12 12:50:47,091 - Knowledge - INFO - Fast-tracked /app/data/T0002/186205/b6634e0/SQLPage-186205/examples/mysql json handling/README.md (ext=.md, size=824)
2025-12-12 12:50:47,104 - Knowledge - INFO - Worker kw10 processing /app/data/T0002/186205/b6634e0/SQLPage-186205/examples/mysql json handling/docker-compose.yml
2025-12-12 12:50:47,107 - Knowledge - INFO - process ingested knowledge for /app/data/T0002/186205/b6634e0/SQLPage-186205/examples/modeling a many to many relationship with a form/README.md
2025-12-12 12:50:47,143 - Knowledge - INFO - Fast-tracked /app/data/T0002/186205/b6634e0/SQLPage-186205/examples/mysql json handling/docker-compose.yml (ext=.yml, size=621)
2025-12-12 12:50:47,181 - Knowledge - INFO - Worker kw10 processing /app/data/T0002/186205/b6634e0/SQLPage-186205/examples/forms-with-multiple-steps/hidden/step_3.sql
2025-12-12 12:50:47,236 - Knowledge - INFO - Fast-tracked /app/data/T0002/186205/b6634e0/SQLPage-186205/examples/forms-with-multiple-steps/hidden/step_3.sql (ext=.sql, size=330)
2025-12-12 12:50:47,256 - Knowledge - INFO - Worker kw10 processing /app/data/T0002/186205/b6634e0/SQLPage-186205/examples/forms-with-multiple-steps/hidden/step_1.sql
2025-12-12 12:50:47,263 - Knowledge - INFO - Fast-tracked /app/data/T0002/186205/b6634e0/SQLPage-186205/examples/forms-with-multiple-steps/hidden/step_1.sql (ext=.sql, size=109)
2025-12-12 12:50:47,270 - Knowledge - INFO - Worker kw10 processing /app/data/T0002/186205/b6634e0/SQLPage-186205/examples/forms-with-multiple-steps/hidden/index.sql
2025-12-12 12:50:47,300 - Knowledge - INFO - Fast-tracked /app/data/T0002/186205/b6634e0/SQLPage-186205/examples/forms-with-multiple-steps/hidden/index.sql (ext=.sql, size=54)
2025-12-12 12:50:47,300 - Knowledge - INFO - Worker kw10 processing /app/data/T0002/186205/b6634e0/SQLPage-186205/examples/forms-with-multiple-steps/hidden/step_2.sql
2025-12-12 12:50:47,366 - Knowledge - INFO - Fast-tracked /app/data/T0002/186205/b6634e0/SQLPage-186205/examples/forms-with-multiple-steps/hidden/step_2.sql (ext=.sql, size=357)
2025-12-12 12:50:47,374 - Knowledge - INFO - Worker kw10 processing /app/data/T0002/186205/b6634e0/SQLPage-186205/examples/forms-with-multiple-steps/hidden/finish.sql
2025-12-12 12:50:47,428 - Knowledge - INFO - Fast-tracked /app/data/T0002/186205/b6634e0/SQLPage-186205/examples/forms-with-multiple-steps/hidden/finish.sql (ext=.sql, size=356)
2025-12-12 12:50:47,475 - Knowledge - INFO - Worker kw10 processing /app/data/T0002/186205/b6634e0/SQLPage-186205/examples/forms-with-multiple-steps/index.sql
2025-12-12 12:50:47,487 - Knowledge - INFO - Fast-tracked /app/data/T0002/186205/b6634e0/SQLPage-186205/examples/forms-with-multiple-steps/index.sql (ext=.sql, size=307)
2025-12-12 12:50:47,487 - Knowledge - INFO - Worker kw10 processing /app/data/T0002/186205/b6634e0/SQLPage-186205/examples/forms-with-multiple-steps/database/step_3.sql
2025-12-12 12:50:47,585 - Knowledge - INFO - Fast-tracked /app/data/T0002/186205/b6634e0/SQLPage-186205/examples/forms-with-multiple-steps/database/step_3.sql (ext=.sql, size=323)
2025-12-12 12:50:47,596 - Knowledge - INFO - Worker kw10 processing /app/data/T0002/186205/b6634e0/SQLPage-186205/examples/forms-with-multiple-steps/database/step_1.sql
2025-12-12 12:50:47,613 - Knowledge - INFO - Fast-tracked /app/data/T0002/186205/b6634e0/SQLPage-186205/examples/forms-with-multiple-steps/database/step_1.sql (ext=.sql, size=162)
2025-12-12 12:50:47,658 - Knowledge - INFO - Worker kw10 processing /app/data/T0002/186205/b6634e0/SQLPage-186205/examples/forms-with-multiple-steps/database/index.sql
2025-12-12 12:50:47,704 - Knowledge - INFO - Fast-tracked /app/data/T0002/186205/b6634e0/SQLPage-186205/examples/forms-with-multiple-steps/database/index.sql (ext=.sql, size=188)
2025-12-12 12:50:47,722 - Knowledge - INFO - Worker kw10 processing /app/data/T0002/186205/b6634e0/SQLPage-186205/examples/forms-with-multiple-steps/database/step_2.sql
2025-12-12 12:50:47,739 - Knowledge - INFO - Fast-tracked /app/data/T0002/186205/b6634e0/SQLPage-186205/examples/forms-with-multiple-steps/database/step_2.sql (ext=.sql, size=367)
2025-12-12 12:50:47,746 - Knowledge - INFO - Worker kw10 processing /app/data/T0002/186205/b6634e0/SQLPage-186205/examples/forms-with-multiple-steps/database/finish.sql
2025-12-12 12:50:47,808 - Knowledge - INFO - Fast-tracked /app/data/T0002/186205/b6634e0/SQLPage-186205/examples/forms-with-multiple-steps/database/finish.sql (ext=.sql, size=569)
2025-12-12 12:50:47,856 - Knowledge - INFO - Async storage completed for 15 embeddings
2025-12-12 12:50:48,192 - Knowledge - INFO - process ingested knowledge for /app/data/T0002/186205/b6634e0/SQLPage-186205/tests/errors/404.sql
2025-12-12 12:50:48,436 - Knowledge - INFO - [LLM_CALL] Completed: app_config.rs:chunk1, Duration: 63611ms, PromptTokens: 14376, CompletionTokens: 1052, Cost: $0.00186
2025-12-12 12:50:48,459 - Knowledge - INFO - done ingest for /app/data/T0002/186205/b6634e0/SQLPage-186205/src/app_config.rs
2025-12-12 12:50:48,783 - Knowledge - INFO - [kw17] Queue=236, InProgress=0, PendingWorkers=20/20, Completed=269/611 (44.0%)
2025-12-12 12:50:48,789 - Knowledge - INFO - Batch sizing: calculated=15, max_allowed=25, queue=236, active_workers=20/20
2025-12-12 12:50:49,128 - Knowledge - INFO - [LLM_CALL] Completed: dynamic_component.rs:chunk1, Duration: 64462ms, PromptTokens: 3984, CompletionTokens: 490, Cost: $0.00059
2025-12-12 12:50:49,136 - Knowledge - INFO - done ingest for /app/data/T0002/186205/b6634e0/SQLPage-186205/src/dynamic_component.rs
2025-12-12 12:50:49,466 - Knowledge - INFO - process ingested knowledge for /app/data/T0002/186205/b6634e0/SQLPage-186205/examples/roundest_pokemon_rating/src/results.sql
2025-12-12 12:50:49,493 - Knowledge - INFO - process ingested knowledge for /app/data/T0002/186205/b6634e0/SQLPage-186205/tests/errors/basic_auth.rs
2025-12-12 12:50:49,565 - Knowledge - INFO - [LLM_CALL] Completed: http_request_info.rs:chunk1, Duration: 65085ms, PromptTokens: 7744, CompletionTokens: 1048, Cost: $0.00119
2025-12-12 12:50:49,593 - Knowledge - INFO - done ingest for /app/data/T0002/186205/b6634e0/SQLPage-186205/src/webserver/http_request_info.rs
2025-12-12 12:50:49,884 - Knowledge - INFO - [LLM_CALL] Completed: routing.rs:chunk1, Duration: 64720ms, PromptTokens: 11498, CompletionTokens: 859, Cost: $0.00149
2025-12-12 12:50:49,884 - Knowledge - INFO - done ingest for /app/data/T0002/186205/b6634e0/SQLPage-186205/src/webserver/routing.rs
2025-12-12 12:50:49,976 - Knowledge - INFO - Async storing batch of 15 embeddings
2025-12-12 12:50:49,999 - Knowledge - INFO - Worker kw17 processing /app/data/T0002/186205/b6634e0/SQLPage-186205/examples/forms-with-multiple-steps/sqlpage/migrations/01_users.sql
2025-12-12 12:50:50,075 - Knowledge - INFO - Fast-tracked /app/data/T0002/186205/b6634e0/SQLPage-186205/examples/forms-with-multiple-steps/sqlpage/migrations/01_users.sql (ext=.sql, size=184)
2025-12-12 12:50:50,076 - Knowledge - INFO - Worker kw17 processing /app/data/T0002/186205/b6634e0/SQLPage-186205/examples/forms-with-multiple-steps/sqlpage/migrations/02_database_persistence.sql
2025-12-12 12:50:50,143 - Knowledge - INFO - Fast-tracked /app/data/T0002/186205/b6634e0/SQLPage-186205/examples/forms-with-multiple-steps/sqlpage/migrations/02_database_persistence.sql (ext=.sql, size=287)
2025-12-12 12:50:50,149 - Knowledge - INFO - Worker kw17 processing /app/data/T0002/186205/b6634e0/SQLPage-186205/examples/forms-with-multiple-steps/README.md
2025-12-12 12:50:50,173 - Knowledge - INFO - Fast-tracked /app/data/T0002/186205/b6634e0/SQLPage-186205/examples/forms-with-multiple-steps/README.md (ext=.md, size=3106)
2025-12-12 12:50:50,173 - Knowledge - INFO - Worker kw17 processing /app/data/T0002/186205/b6634e0/SQLPage-186205/examples/forms-with-multiple-steps/cookies/step_3.sql
2025-12-12 12:50:50,195 - Knowledge - INFO - Fast-tracked /app/data/T0002/186205/b6634e0/SQLPage-186205/examples/forms-with-multiple-steps/cookies/step_3.sql (ext=.sql, size=305)
2025-12-12 12:50:50,222 - Knowledge - INFO - Worker kw17 processing /app/data/T0002/186205/b6634e0/SQLPage-186205/examples/forms-with-multiple-steps/cookies/step_1.sql
2025-12-12 12:50:50,239 - Knowledge - INFO - Fast-tracked /app/data/T0002/186205/b6634e0/SQLPage-186205/examples/forms-with-multiple-steps/cookies/step_1.sql (ext=.sql, size=147)
2025-12-12 12:50:50,245 - Knowledge - INFO - Worker kw17 processing /app/data/T0002/186205/b6634e0/SQLPage-186205/examples/forms-with-multiple-steps/cookies/index.sql
2025-12-12 12:50:50,353 - Knowledge - INFO - Fast-tracked /app/data/T0002/186205/b6634e0/SQLPage-186205/examples/forms-with-multiple-steps/cookies/index.sql (ext=.sql, size=54)
2025-12-12 12:50:50,354 - Knowledge - INFO - Worker kw17 processing /app/data/T0002/186205/b6634e0/SQLPage-186205/examples/forms-with-multiple-steps/cookies/step_2.sql
2025-12-12 12:50:50,407 - Knowledge - INFO - Fast-tracked /app/data/T0002/186205/b6634e0/SQLPage-186205/examples/forms-with-multiple-steps/cookies/step_2.sql (ext=.sql, size=467)
2025-12-12 12:50:50,424 - Knowledge - INFO - Worker kw17 processing /app/data/T0002/186205/b6634e0/SQLPage-186205/examples/forms-with-multiple-steps/cookies/finish.sql
2025-12-12 12:50:50,450 - Knowledge - INFO - Fast-tracked /app/data/T0002/186205/b6634e0/SQLPage-186205/examples/forms-with-multiple-steps/cookies/finish.sql (ext=.sql, size=670)
2025-12-12 12:50:50,451 - Knowledge - INFO - Worker kw17 processing /app/data/T0002/186205/b6634e0/SQLPage-186205/examples/sending emails/index.sql
2025-12-12 12:50:50,573 - Knowledge - INFO - Fast-tracked /app/data/T0002/186205/b6634e0/SQLPage-186205/examples/sending emails/index.sql (ext=.sql, size=333)
2025-12-12 12:50:50,590 - Knowledge - INFO - Worker kw17 processing /app/data/T0002/186205/b6634e0/SQLPage-186205/examples/sending emails/email.sql
2025-12-12 12:50:50,695 - Knowledge - INFO - [WEBSOCKET] Sent: Type=progress_update, Size: 293, Duration: 0ms
2025-12-12 12:50:50,712 - Knowledge - INFO - Fast-tracked /app/data/T0002/186205/b6634e0/SQLPage-186205/examples/sending emails/email.sql (ext=.sql, size=1551)
2025-12-12 12:50:50,732 - Knowledge - INFO - Worker kw17 processing /app/data/T0002/186205/b6634e0/SQLPage-186205/examples/sending emails/README.md
2025-12-12 12:50:50,750 - Knowledge - INFO - Fast-tracked /app/data/T0002/186205/b6634e0/SQLPage-186205/examples/sending emails/README.md (ext=.md, size=3033)
2025-12-12 12:50:50,751 - Knowledge - INFO - Worker kw17 processing /app/data/T0002/186205/b6634e0/SQLPage-186205/examples/SQLPage developer user interface/sqlpage/sqlpage.json
2025-12-12 12:50:50,762 - Knowledge - INFO - [WEBSOCKET] Sent: Type=unknown, Size: ?, Duration: 67ms
2025-12-12 12:50:50,762 - Knowledge - INFO - Progress: 45.5% | Files: 278/611 | Rate: 4.09 files/sec | Queue: 221
2025-12-12 12:50:50,774 - Knowledge - INFO - Fast-tracked /app/data/T0002/186205/b6634e0/SQLPage-186205/examples/SQLPage developer user interface/sqlpage/sqlpage.json (ext=.json, size=85)
2025-12-12 12:50:50,788 - Knowledge - INFO - Worker kw17 processing /app/data/T0002/186205/b6634e0/SQLPage-186205/examples/SQLPage developer user interface/sqlpage/migrations/0000_create_sqlpage_files_table.sql
2025-12-12 12:50:50,851 - Knowledge - INFO - Fast-tracked /app/data/T0002/186205/b6634e0/SQLPage-186205/examples/SQLPage developer user interface/sqlpage/migrations/0000_create_sqlpage_files_table.sql (ext=.sql, size=531)
2025-12-12 12:50:50,851 - Knowledge - INFO - Worker kw17 processing /app/data/T0002/186205/b6634e0/SQLPage-186205/examples/SQLPage developer user interface/sqlpage/migrations/00001_table_contents.sql
2025-12-12 12:50:50,892 - Knowledge - INFO - Fast-tracked /app/data/T0002/186205/b6634e0/SQLPage-186205/examples/SQLPage developer user interface/sqlpage/migrations/00001_table_contents.sql (ext=.sql, size=416)
2025-12-12 12:50:50,898 - Knowledge - INFO - Worker kw17 processing /app/data/T0002/186205/b6634e0/SQLPage-186205/examples/SQLPage developer user interface/README.md
2025-12-12 12:50:50,946 - Knowledge - INFO - Fast-tracked /app/data/T0002/186205/b6634e0/SQLPage-186205/examples/SQLPage developer user interface/README.md (ext=.md, size=269)
2025-12-12 12:50:50,991 - Knowledge - INFO - Async storage completed for 15 embeddings
2025-12-12 12:50:51,277 - Knowledge - INFO - [LLM_CALL] Completed: connect.rs:chunk1, Duration: 66498ms, PromptTokens: 5302, CompletionTokens: 561, Cost: $0.00075
2025-12-12 12:50:51,277 - Knowledge - INFO - done ingest for /app/data/T0002/186205/b6634e0/SQLPage-186205/src/webserver/database/connect.rs
2025-12-12 12:50:51,345 - Knowledge - INFO - [LLM_CALL] Completed: templates.rs:chunk1, Duration: 66757ms, PromptTokens: 3166, CompletionTokens: 753, Cost: $0.00062
2025-12-12 12:50:51,346 - Knowledge - INFO - done ingest for /app/data/T0002/186205/b6634e0/SQLPage-186205/src/templates.rs
2025-12-12 12:50:52,029 - Knowledge - INFO - [LLM_CALL] Completed: execute_queries.rs:chunk1, Duration: 67042ms, PromptTokens: 10034, CompletionTokens: 970, Cost: $0.00139
2025-12-12 12:50:52,045 - Knowledge - INFO - done ingest for /app/data/T0002/186205/b6634e0/SQLPage-186205/src/webserver/database/execute_queries.rs
2025-12-12 12:50:52,122 - Knowledge - INFO - process ingested knowledge for /app/data/T0002/186205/b6634e0/SQLPage-186205/examples/roundest_pokemon_rating/src/populate.sql
2025-12-12 12:50:52,453 - Knowledge - INFO - process ingested knowledge for /app/data/T0002/186205/b6634e0/SQLPage-186205/tests/errors/basic_auth.sql
2025-12-12 12:50:52,877 - Knowledge - INFO - [kw15] Queue=221, InProgress=0, PendingWorkers=20/20, Completed=281/611 (46.0%)
2025-12-12 12:50:52,885 - Knowledge - INFO - Batch sizing: calculated=15, max_allowed=25, queue=221, active_workers=20/20
2025-12-12 12:50:53,182 - Knowledge - INFO - Processing batch of 15 files
2025-12-12 12:50:53,182 - Knowledge - INFO - process ingested knowledge for /app/data/T0002/186205/b6634e0/SQLPage-186205/tests/errors/mod.rs
2025-12-12 12:50:54,056 - Knowledge - INFO - process ingested knowledge for /app/data/T0002/186205/b6634e0/SQLPage-186205/examples/roundest_pokemon_rating/src/vote.sql
2025-12-12 12:50:54,072 - Knowledge - INFO - Processing batch of 15 files
2025-12-12 12:50:54,095 - Knowledge - INFO - process ingested knowledge for /app/data/T0002/186205/b6634e0/SQLPage-186205/examples/rich-text-editor/edit.sql
2025-12-12 12:50:54,143 - Knowledge - INFO - [kw20] Queue=221, InProgress=0, PendingWorkers=20/20, Completed=287/611 (47.0%)
2025-12-12 12:50:54,149 - Knowledge - INFO - Batch sizing: calculated=15, max_allowed=25, queue=221, active_workers=20/20
2025-12-12 12:50:54,490 - Knowledge - INFO - Async storing batch of 15 embeddings
2025-12-12 12:50:54,566 - Knowledge - INFO - Worker kw15 processing /app/data/T0002/186205/b6634e0/SQLPage-186205/examples/SQLPage developer user interface/website/view_table.sql
2025-12-12 12:50:54,623 - Knowledge - INFO - Fast-tracked /app/data/T0002/186205/b6634e0/SQLPage-186205/examples/SQLPage developer user interface/website/view_table.sql (ext=.sql, size=490)
2025-12-12 12:50:54,635 - Knowledge - INFO - Worker kw15 processing /app/data/T0002/186205/b6634e0/SQLPage-186205/examples/SQLPage developer user interface/website/edit.sql
2025-12-12 12:50:54,932 - Knowledge - INFO - Fast-tracked /app/data/T0002/186205/b6634e0/SQLPage-186205/examples/SQLPage developer user interface/website/edit.sql (ext=.sql, size=572)
2025-12-12 12:50:54,933 - Knowledge - INFO - Worker kw15 processing /app/data/T0002/186205/b6634e0/SQLPage-186205/examples/SQLPage developer user interface/website/insert_file.sql
2025-12-12 12:50:54,951 - Knowledge - INFO - Fast-tracked /app/data/T0002/186205/b6634e0/SQLPage-186205/examples/SQLPage developer user interface/website/insert_file.sql (ext=.sql, size=276)
2025-12-12 12:50:54,951 - Knowledge - INFO - Worker kw15 processing /app/data/T0002/186205/b6634e0/SQLPage-186205/examples/SQLPage developer user interface/website/index.sql
2025-12-12 12:50:54,973 - Knowledge - INFO - Fast-tracked /app/data/T0002/186205/b6634e0/SQLPage-186205/examples/SQLPage developer user interface/website/index.sql (ext=.sql, size=687)
2025-12-12 12:50:54,973 - Knowledge - INFO - Worker kw15 processing /app/data/T0002/186205/b6634e0/SQLPage-186205/examples/SQLPage developer user interface/website/delete.sql
2025-12-12 12:50:55,034 - Knowledge - INFO - Fast-tracked /app/data/T0002/186205/b6634e0/SQLPage-186205/examples/SQLPage developer user interface/website/delete.sql (ext=.sql, size=488)
2025-12-12 12:50:55,041 - Knowledge - INFO - Worker kw15 processing /app/data/T0002/186205/b6634e0/SQLPage-186205/examples/SQLPage developer user interface/website/js/code-editor.js
2025-12-12 12:50:55,091 - Knowledge - INFO - process ingested knowledge for /app/data/T0002/186205/b6634e0/SQLPage-186205/tests/mod.rs
2025-12-12 12:50:55,097 - Knowledge - INFO - Fast-tracked /app/data/T0002/186205/b6634e0/SQLPage-186205/examples/SQLPage developer user interface/website/js/code-editor.js (ext=.js, size=1293)
2025-12-12 12:50:55,145 - Knowledge - INFO - Worker kw15 processing /app/data/T0002/186205/b6634e0/SQLPage-186205/examples/SQLPage developer user interface/docker-compose.yml
2025-12-12 12:50:55,233 - Knowledge - INFO - Fast-tracked /app/data/T0002/186205/b6634e0/SQLPage-186205/examples/SQLPage developer user interface/docker-compose.yml (ext=.yml, size=619)
2025-12-12 12:50:55,250 - Knowledge - INFO - Worker kw15 processing /app/data/T0002/186205/b6634e0/SQLPage-186205/examples/simple-website-example/edit.sql
2025-12-12 12:50:55,298 - Knowledge - INFO - Fast-tracked /app/data/T0002/186205/b6634e0/SQLPage-186205/examples/simple-website-example/edit.sql (ext=.sql, size=379)
2025-12-12 12:50:55,336 - Knowledge - INFO - Worker kw15 processing /app/data/T0002/186205/b6634e0/SQLPage-186205/examples/simple-website-example/table.sql
2025-12-12 12:50:55,372 - Knowledge - INFO - [LLM_CALL] Completed: csv_import.rs:chunk1, Duration: 70725ms, PromptTokens: 6828, CompletionTokens: 888, Cost: $0.00104
2025-12-12 12:50:55,385 - Knowledge - INFO - done ingest for /app/data/T0002/186205/b6634e0/SQLPage-186205/src/webserver/database/csv_import.rs
2025-12-12 12:50:55,385 - Knowledge - INFO - Fast-tracked /app/data/T0002/186205/b6634e0/SQLPage-186205/examples/simple-website-example/table.sql (ext=.sql, size=123)
2025-12-12 12:50:55,439 - Knowledge - INFO - Worker kw15 processing /app/data/T0002/186205/b6634e0/SQLPage-186205/examples/simple-website-example/index.sql
2025-12-12 12:50:55,475 - Knowledge - INFO - Fast-tracked /app/data/T0002/186205/b6634e0/SQLPage-186205/examples/simple-website-example/index.sql (ext=.sql, size=703)
2025-12-12 12:50:55,475 - Knowledge - INFO - Worker kw15 processing /app/data/T0002/186205/b6634e0/SQLPage-186205/examples/simple-website-example/delete.sql
2025-12-12 12:50:55,537 - Knowledge - INFO - Fast-tracked /app/data/T0002/186205/b6634e0/SQLPage-186205/examples/simple-website-example/delete.sql (ext=.sql, size=170)
2025-12-12 12:50:55,545 - Knowledge - INFO - Worker kw15 processing /app/data/T0002/186205/b6634e0/SQLPage-186205/examples/simple-website-example/user.sql
2025-12-12 12:50:55,638 - Knowledge - INFO - Fast-tracked /app/data/T0002/186205/b6634e0/SQLPage-186205/examples/simple-website-example/user.sql (ext=.sql, size=222)
2025-12-12 12:50:55,651 - Knowledge - INFO - Worker kw15 processing /app/data/T0002/186205/b6634e0/SQLPage-186205/examples/simple-website-example/sqlpage/sqlpage.json
2025-12-12 12:50:55,742 - Knowledge - INFO - Fast-tracked /app/data/T0002/186205/b6634e0/SQLPage-186205/examples/simple-website-example/sqlpage/sqlpage.json (ext=.json, size=42)
2025-12-12 12:50:55,742 - Knowledge - INFO - Worker kw15 processing /app/data/T0002/186205/b6634e0/SQLPage-186205/examples/simple-website-example/sqlpage/migrations/0001_create_users_table.sql
2025-12-12 12:50:55,822 - Knowledge - INFO - Fast-tracked /app/data/T0002/186205/b6634e0/SQLPage-186205/examples/simple-website-example/sqlpage/migrations/0001_create_users_table.sql (ext=.sql, size=137)
2025-12-12 12:50:55,857 - Knowledge - INFO - Worker kw15 processing /app/data/T0002/186205/b6634e0/SQLPage-186205/examples/simple-website-example/README.md
2025-12-12 12:50:55,884 - Knowledge - INFO - Fast-tracked /app/data/T0002/186205/b6634e0/SQLPage-186205/examples/simple-website-example/README.md (ext=.md, size=1520)
2025-12-12 12:50:55,899 - Knowledge - INFO - Async storage completed for 15 embeddings
2025-12-12 12:50:56,261 - Knowledge - INFO - process ingested knowledge for /app/data/T0002/186205/b6634e0/SQLPage-186205/examples/roundest_pokemon_rating/src/index.sql
2025-12-12 12:50:56,268 - Knowledge - INFO - [kw18] Queue=206, InProgress=0, PendingWorkers=20/20, Completed=291/611 (47.6%)
2025-12-12 12:50:56,322 - Knowledge - INFO - Batch sizing: calculated=15, max_allowed=25, queue=206, active_workers=20/20
2025-12-12 12:50:56,602 - Knowledge - INFO - [LLM_CALL] Completed: syntax_tree.rs:chunk1, Duration: 71977ms, PromptTokens: 6108, CompletionTokens: 508, Cost: $0.00081
2025-12-12 12:50:56,608 - Knowledge - INFO - done ingest for /app/data/T0002/186205/b6634e0/SQLPage-186205/src/webserver/database/syntax_tree.rs
2025-12-12 12:50:56,775 - Knowledge - INFO - Async storing batch of 15 embeddings
2025-12-12 12:50:56,824 - Knowledge - INFO - Worker kw20 processing /app/data/T0002/186205/b6634e0/SQLPage-186205/examples/CRUD - Authentication/www/logout.sql
2025-12-12 12:50:56,878 - Knowledge - INFO - Fast-tracked /app/data/T0002/186205/b6634e0/SQLPage-186205/examples/CRUD - Authentication/www/logout.sql (ext=.sql, size=217)
2025-12-12 12:50:56,878 - Knowledge - INFO - Worker kw20 processing /app/data/T0002/186205/b6634e0/SQLPage-186205/examples/CRUD - Authentication/www/menu_test/dummy.sql
2025-12-12 12:50:56,957 - Knowledge - INFO - Worker kw20 processing /app/data/T0002/186205/b6634e0/SQLPage-186205/examples/CRUD - Authentication/www/menu_test/dummy_menu.sql
2025-12-12 12:50:56,998 - Knowledge - INFO - Worker kw20 processing /app/data/T0002/186205/b6634e0/SQLPage-186205/examples/CRUD - Authentication/www/menu_test/menu_code.sql
2025-12-12 12:50:57,012 - Knowledge - INFO - Worker kw20 processing /app/data/T0002/186205/b6634e0/SQLPage-186205/examples/CRUD - Authentication/www/menu_test/menu_demo.sql
2025-12-12 12:50:57,078 - Knowledge - INFO - Worker kw20 processing /app/data/T0002/186205/b6634e0/SQLPage-186205/examples/CRUD - Authentication/www/currencies_list.sql
2025-12-12 12:50:57,099 - Knowledge - INFO - Worker kw20 processing /app/data/T0002/186205/b6634e0/SQLPage-186205/examples/CRUD - Authentication/www/currencies_item_form.sql
2025-12-12 12:50:57,160 - Knowledge - INFO - Worker kw20 processing /app/data/T0002/186205/b6634e0/SQLPage-186205/examples/CRUD - Authentication/www/intro.sql
2025-12-12 12:50:57,163 - Knowledge - INFO - Worker kw20 processing /app/data/T0002/186205/b6634e0/SQLPage-186205/examples/CRUD - Authentication/www/index.sql
2025-12-12 12:50:57,235 - Knowledge - INFO - Fast-tracked /app/data/T0002/186205/b6634e0/SQLPage-186205/examples/CRUD - Authentication/www/index.sql (ext=.sql, size=952)
2025-12-12 12:50:57,263 - Knowledge - INFO - Worker kw20 processing /app/data/T0002/186205/b6634e0/SQLPage-186205/examples/CRUD - Authentication/www/footer_debug_post-get-set.sql
2025-12-12 12:50:57,280 - Knowledge - INFO - Fast-tracked /app/data/T0002/186205/b6634e0/SQLPage-186205/examples/CRUD - Authentication/www/footer_debug_post-get-set.sql (ext=.sql, size=1771)
2025-12-12 12:50:57,280 - Knowledge - INFO - Worker kw20 processing /app/data/T0002/186205/b6634e0/SQLPage-186205/examples/CRUD - Authentication/www/header_shell_session.sql
2025-12-12 12:50:57,316 - Knowledge - INFO - Worker kw20 processing /app/data/T0002/186205/b6634e0/SQLPage-186205/examples/CRUD - Authentication/www/css/style.css
2025-12-12 12:50:57,396 - Knowledge - INFO - Fast-tracked /app/data/T0002/186205/b6634e0/SQLPage-186205/examples/CRUD - Authentication/www/css/style.css (ext=.css, size=314)
2025-12-12 12:50:57,410 - Knowledge - INFO - Worker kw20 processing /app/data/T0002/186205/b6634e0/SQLPage-186205/examples/CRUD - Authentication/www/css/prism-tabler-theme.css
2025-12-12 12:50:57,458 - Knowledge - INFO - Fast-tracked /app/data/T0002/186205/b6634e0/SQLPage-186205/examples/CRUD - Authentication/www/css/prism-tabler-theme.css (ext=.css, size=1220)
2025-12-12 12:50:57,477 - Knowledge - INFO - Worker kw20 processing /app/data/T0002/186205/b6634e0/SQLPage-186205/examples/CRUD - Authentication/www/create_session.sql
2025-12-12 12:50:57,567 - Knowledge - INFO - Fast-tracked /app/data/T0002/186205/b6634e0/SQLPage-186205/examples/CRUD - Authentication/www/create_session.sql (ext=.sql, size=888)
2025-12-12 12:50:57,583 - Knowledge - INFO - Worker kw20 processing /app/data/T0002/186205/b6634e0/SQLPage-186205/examples/CRUD - Authentication/www/README.md
2025-12-12 12:50:57,638 - Knowledge - INFO - Fast-tracked /app/data/T0002/186205/b6634e0/SQLPage-186205/examples/CRUD - Authentication/www/README.md (ext=.md, size=19169)
2025-12-12 12:50:58,282 - Knowledge - INFO - Async storage completed for 15 embeddings
2025-12-12 12:50:58,385 - Knowledge - INFO - Fast-tracked /app/data/T0002/186205/b6634e0/SQLPage-186205/examples/CRUD - Authentication/www/menu_test/dummy.sql (small file (2305 bytes))
2025-12-12 12:50:58,455 - Knowledge - INFO - process ingested knowledge for /app/data/T0002/186205/b6634e0/SQLPage-186205/tests/end-to-end/playwright.config.ts
2025-12-12 12:50:59,051 - Knowledge - INFO - process ingested knowledge for /app/data/T0002/186205/b6634e0/SQLPage-186205/examples/rich-text-editor/create_blog_post.sql
2025-12-12 12:51:01,107 - Knowledge - INFO - process ingested knowledge for /app/data/T0002/186205/b6634e0/SQLPage-186205/tests/end-to-end/package.json
2025-12-12 12:51:01,529 - Knowledge - INFO - process ingested knowledge for /app/data/T0002/186205/b6634e0/SQLPage-186205/examples/roundest_pokemon_rating/sqlpage/migrations/0000_pokemon_table.sql
2025-12-12 12:51:02,251 - Knowledge - INFO - process ingested knowledge for /app/data/T0002/186205/b6634e0/SQLPage-186205/examples/rich-text-editor/index.sql
2025-12-12 12:51:04,404 - Knowledge - INFO - process ingested knowledge for /app/data/T0002/186205/b6634e0/SQLPage-186205/examples/rich-text-editor/sqlpage/migrations/01_blog_posts.sql
2025-12-12 12:51:04,422 - Knowledge - INFO - Processing batch of 15 files
2025-12-12 12:51:04,425 - Knowledge - INFO - process ingested knowledge for /app/data/T0002/186205/b6634e0/SQLPage-186205/examples/mysql json handling/sqlpage/migrations/0001_users_and_groups.sql
2025-12-12 12:51:04,431 - Knowledge - INFO - [WEBSOCKET] Sent: Type=progress_update, Size: 292, Duration: 0ms
2025-12-12 12:51:04,431 - Knowledge - INFO - Async storing batch of 15 embeddings
2025-12-12 12:51:04,473 - Knowledge - INFO - [WEBSOCKET] Sent: Type=unknown, Size: ?, Duration: 43ms
2025-12-12 12:51:04,497 - Knowledge - INFO - Progress: 51.6% | Files: 315/611 | Rate: 4.04 files/sec | Queue: 176
2025-12-12 12:51:04,522 - Knowledge - INFO - Worker kw18 processing /app/data/T0002/186205/b6634e0/SQLPage-186205/examples/CRUD - Authentication/www/currencies_item_dml.sql
2025-12-12 12:51:04,531 - Knowledge - INFO - Worker kw18 processing /app/data/T0002/186205/b6634e0/SQLPage-186205/examples/CRUD - Authentication/www/login.sql
2025-12-12 12:51:04,548 - Knowledge - INFO - Fast-tracked /app/data/T0002/186205/b6634e0/SQLPage-186205/examples/CRUD - Authentication/www/login.sql (ext=.sql, size=1432)
2025-12-12 12:51:04,555 - Knowledge - INFO - Worker kw18 processing /app/data/T0002/186205/b6634e0/SQLPage-186205/examples/CRUD - Authentication/sqlpage/sqlpage.json
2025-12-12 12:51:04,577 - Knowledge - INFO - Fast-tracked /app/data/T0002/186205/b6634e0/SQLPage-186205/examples/CRUD - Authentication/sqlpage/sqlpage.json (ext=.json, size=144)
2025-12-12 12:51:04,588 - Knowledge - INFO - Worker kw18 processing /app/data/T0002/186205/b6634e0/SQLPage-186205/examples/CRUD - Authentication/sqlpage/migrations/0003_auth.sql
2025-12-12 12:51:04,624 - Knowledge - INFO - Fast-tracked /app/data/T0002/186205/b6634e0/SQLPage-186205/examples/CRUD - Authentication/sqlpage/migrations/0003_auth.sql (ext=.sql, size=711)
2025-12-12 12:51:04,624 - Knowledge - INFO - Worker kw18 processing /app/data/T0002/186205/b6634e0/SQLPage-186205/examples/CRUD - Authentication/sqlpage/migrations/0000_db_init.sql
2025-12-12 12:51:04,644 - Knowledge - INFO - Fast-tracked /app/data/T0002/186205/b6634e0/SQLPage-186205/examples/CRUD - Authentication/sqlpage/migrations/0000_db_init.sql (ext=.sql, size=1312)
2025-12-12 12:51:04,651 - Knowledge - INFO - Worker kw18 processing /app/data/T0002/186205/b6634e0/SQLPage-186205/examples/CRUD - Authentication/sqlpage/migrations/0007_currencies.sql
2025-12-12 12:51:04,684 - Knowledge - INFO - Fast-tracked /app/data/T0002/186205/b6634e0/SQLPage-186205/examples/CRUD - Authentication/sqlpage/migrations/0007_currencies.sql (ext=.sql, size=283)
2025-12-12 12:51:04,684 - Knowledge - INFO - Worker kw18 processing /app/data/T0002/186205/b6634e0/SQLPage-186205/examples/CRUD - Authentication/README.md
2025-12-12 12:51:04,709 - Knowledge - INFO - Fast-tracked /app/data/T0002/186205/b6634e0/SQLPage-186205/examples/CRUD - Authentication/README.md (ext=.md, size=19204)
2025-12-12 12:51:04,722 - Knowledge - INFO - Worker kw18 processing /app/data/T0002/186205/b6634e0/SQLPage-186205/examples/charts, computations and custom components/taptempo.sql
2025-12-12 12:51:04,758 - Knowledge - INFO - Fast-tracked /app/data/T0002/186205/b6634e0/SQLPage-186205/examples/charts, computations and custom components/taptempo.sql (ext=.sql, size=876)
2025-12-12 12:51:04,758 - Knowledge - INFO - Worker kw18 processing /app/data/T0002/186205/b6634e0/SQLPage-186205/examples/charts, computations and custom components/index.sql
2025-12-12 12:51:04,831 - Knowledge - INFO - [LLM_CALL] Completed: menu_demo.sql:chunk1, Duration: 5976ms, PromptTokens: 2020, CompletionTokens: 59, Cost: $0.00023
2025-12-12 12:51:04,855 - Knowledge - INFO - done ingest for /app/data/T0002/186205/b6634e0/SQLPage-186205/examples/CRUD - Authentication/www/menu_test/menu_demo.sql
2025-12-12 12:51:04,856 - Knowledge - INFO - Fast-tracked /app/data/T0002/186205/b6634e0/SQLPage-186205/examples/charts, computations and custom components/index.sql (ext=.sql, size=1465)
2025-12-12 12:51:04,892 - Knowledge - INFO - Worker kw18 processing /app/data/T0002/186205/b6634e0/SQLPage-186205/examples/charts, computations and custom components/sqlpage/migrations/000_init.sql
2025-12-12 12:51:04,938 - Knowledge - INFO - Fast-tracked /app/data/T0002/186205/b6634e0/SQLPage-186205/examples/charts, computations and custom components/sqlpage/migrations/000_init.sql (ext=.sql, size=384)
2025-12-12 12:51:04,939 - Knowledge - INFO - Worker kw18 processing /app/data/T0002/186205/b6634e0/SQLPage-186205/examples/charts, computations and custom components/README.md
2025-12-12 12:51:04,974 - Knowledge - INFO - Fast-tracked /app/data/T0002/186205/b6634e0/SQLPage-186205/examples/charts, computations and custom components/README.md (ext=.md, size=771)
2025-12-12 12:51:04,974 - Knowledge - INFO - Worker kw18 processing /app/data/T0002/186205/b6634e0/SQLPage-186205/examples/web servers - apache/static/index.html
2025-12-12 12:51:04,985 - Knowledge - INFO - Fast-tracked /app/data/T0002/186205/b6634e0/SQLPage-186205/examples/web servers - apache/static/index.html (ext=.html, size=1289)
2025-12-12 12:51:04,991 - Knowledge - INFO - Worker kw18 processing /app/data/T0002/186205/b6634e0/SQLPage-186205/examples/web servers - apache/sqlpage_config/sqlpage.json
2025-12-12 12:51:05,058 - Knowledge - INFO - Fast-tracked /app/data/T0002/186205/b6634e0/SQLPage-186205/examples/web servers - apache/sqlpage_config/sqlpage.json (ext=.json, size=35)
2025-12-12 12:51:05,058 - Knowledge - INFO - Worker kw18 processing /app/data/T0002/186205/b6634e0/SQLPage-186205/examples/web servers - apache/README.md
2025-12-12 12:51:05,084 - Knowledge - INFO - Fast-tracked /app/data/T0002/186205/b6634e0/SQLPage-186205/examples/web servers - apache/README.md (ext=.md, size=2312)
2025-12-12 12:51:05,084 - Knowledge - INFO - Worker kw18 processing /app/data/T0002/186205/b6634e0/SQLPage-186205/examples/web servers - apache/website/index.sql
2025-12-12 12:51:05,122 - Knowledge - INFO - Fast-tracked /app/data/T0002/186205/b6634e0/SQLPage-186205/examples/web servers - apache/website/index.sql (ext=.sql, size=184)
2025-12-12 12:51:05,140 - Knowledge - INFO - Async storage completed for 15 embeddings
2025-12-12 12:51:05,142 - Knowledge - INFO - process ingested knowledge for /app/data/T0002/186205/b6634e0/SQLPage-186205/tests/end-to-end/official-site.spec.ts
2025-12-12 12:51:05,965 - Knowledge - INFO - process ingested knowledge for /app/data/T0002/186205/b6634e0/SQLPage-186205/examples/roundest_pokemon_rating/README.md
2025-12-12 12:51:06,002 - Knowledge - INFO - process ingested knowledge for /app/data/T0002/186205/b6634e0/SQLPage-186205/examples/rich-text-editor/README.md
2025-12-12 12:51:06,312 - Knowledge - INFO - [LLM_CALL] Completed: function_traits.rs:chunk1, Duration: 81553ms, PromptTokens: 3388, CompletionTokens: 524, Cost: $0.00055
2025-12-12 12:51:06,330 - Knowledge - INFO - done ingest for /app/data/T0002/186205/b6634e0/SQLPage-186205/src/webserver/database/sqlpage_functions/function_traits.rs
2025-12-12 12:51:07,161 - Knowledge - INFO - process ingested knowledge for /app/data/T0002/186205/b6634e0/SQLPage-186205/tests/oidc/mod.rs
2025-12-12 12:51:07,198 - Knowledge - INFO - Processing batch of 20 files
2025-12-12 12:51:07,213 - Knowledge - INFO - [kw19] Queue=176, InProgress=0, PendingWorkers=20/20, Completed=322/611 (52.7%)
2025-12-12 12:51:07,213 - Knowledge - INFO - process ingested knowledge for /app/data/T0002/186205/b6634e0/SQLPage-186205/sqlpage/sqlpage.js
2025-12-12 12:51:07,270 - Knowledge - INFO - process ingested knowledge for /app/data/T0002/186205/b6634e0/SQLPage-186205/examples/mysql json handling/sqlpage/migrations/0002_survey.sql
2025-12-12 12:51:07,377 - Knowledge - INFO - process ingested knowledge for /app/data/T0002/186205/b6634e0/SQLPage-186205/examples/master-detail-forms/insert_address.sql
2025-12-12 12:51:07,422 - Knowledge - INFO - Batch sizing: calculated=12, max_allowed=25, queue=176, active_workers=20/20
2025-12-12 12:51:08,054 - Knowledge - INFO - [LLM_CALL] Completed: response_writer.rs:chunk1, Duration: 83563ms, PromptTokens: 3026, CompletionTokens: 628, Cost: $0.00055
2025-12-12 12:51:08,059 - Knowledge - INFO - done ingest for /app/data/T0002/186205/b6634e0/SQLPage-186205/src/webserver/response_writer.rs
2025-12-12 12:51:09,278 - Knowledge - INFO - process ingested knowledge for /app/data/T0002/186205/b6634e0/SQLPage-186205/tests/webhook_hmac_validation.sql
2025-12-12 12:51:10,185 - Knowledge - INFO - [kw14] Queue=176, InProgress=0, PendingWorkers=20/20, Completed=324/611 (53.0%)
2025-12-12 12:51:10,195 - Knowledge - INFO - Batch sizing: calculated=12, max_allowed=25, queue=176, active_workers=20/20
2025-12-12 12:51:10,265 - Knowledge - INFO - [LLM_CALL] Completed: currencies_item_dml.sql:chunk1, Duration: 5025ms, PromptTokens: 2282, CompletionTokens: 186, Cost: $0.00030
2025-12-12 12:51:10,310 - Knowledge - INFO - done ingest for /app/data/T0002/186205/b6634e0/SQLPage-186205/examples/CRUD - Authentication/www/currencies_item_dml.sql
2025-12-12 12:51:10,448 - Knowledge - INFO - [LLM_CALL] Completed: url_parameters.rs:chunk1, Duration: 85707ms, PromptTokens: 3794, CompletionTokens: 716, Cost: $0.00067
2025-12-12 12:51:10,483 - Knowledge - INFO - done ingest for /app/data/T0002/186205/b6634e0/SQLPage-186205/src/webserver/database/sqlpage_functions/url_parameters.rs
2025-12-12 12:51:10,762 - Knowledge - INFO - process ingested knowledge for /app/data/T0002/186205/b6634e0/SQLPage-186205/sqlpage/sqlpage.css
2025-12-12 12:51:10,851 - Knowledge - INFO - process ingested knowledge for /app/data/T0002/186205/b6634e0/SQLPage-186205/examples/master-detail-forms/edit_user.sql
2025-12-12 12:51:11,963 - Knowledge - INFO - process ingested knowledge for /app/data/T0002/186205/b6634e0/SQLPage-186205/build.rs
2025-12-12 12:51:11,977 - Knowledge - INFO - process ingested knowledge for /app/data/T0002/186205/b6634e0/SQLPage-186205/examples/rich-text-editor/rich_text_editor.js
2025-12-12 12:51:11,998 - Knowledge - INFO - Async storing batch of 15 embeddings
2025-12-12 12:51:12,024 - Knowledge - INFO - Worker kw14 processing /app/data/T0002/186205/b6634e0/SQLPage-186205/examples/web servers - apache/docker-compose.yml
2025-12-12 12:51:12,052 - Knowledge - INFO - Fast-tracked /app/data/T0002/186205/b6634e0/SQLPage-186205/examples/web servers - apache/docker-compose.yml (ext=.yml, size=719)
2025-12-12 12:51:12,058 - Knowledge - INFO - Worker kw14 processing /app/data/T0002/186205/b6634e0/SQLPage-186205/examples/corporate-conundrum/game.sql
2025-12-12 12:51:12,146 - Knowledge - INFO - Worker kw14 processing /app/data/T0002/186205/b6634e0/SQLPage-186205/examples/corporate-conundrum/New Game.sql
2025-12-12 12:51:12,203 - Knowledge - INFO - Fast-tracked /app/data/T0002/186205/b6634e0/SQLPage-186205/examples/corporate-conundrum/New Game.sql (ext=.sql, size=117)
2025-12-12 12:51:12,203 - Knowledge - INFO - Worker kw14 processing /app/data/T0002/186205/b6634e0/SQLPage-186205/examples/corporate-conundrum/next-question.sql
2025-12-12 12:51:12,258 - Knowledge - INFO - Fast-tracked /app/data/T0002/186205/b6634e0/SQLPage-186205/examples/corporate-conundrum/next-question.sql (ext=.sql, size=1117)
2025-12-12 12:51:12,303 - Knowledge - INFO - Worker kw14 processing /app/data/T0002/186205/b6634e0/SQLPage-186205/examples/corporate-conundrum/index.sql
2025-12-12 12:51:12,333 - Knowledge - INFO - Fast-tracked /app/data/T0002/186205/b6634e0/SQLPage-186205/examples/corporate-conundrum/index.sql (ext=.sql, size=1567)
2025-12-12 12:51:12,354 - Knowledge - INFO - Worker kw14 processing /app/data/T0002/186205/b6634e0/SQLPage-186205/examples/corporate-conundrum/question.sql
2025-12-12 12:51:12,381 - Knowledge - INFO - Fast-tracked /app/data/T0002/186205/b6634e0/SQLPage-186205/examples/corporate-conundrum/question.sql (ext=.sql, size=1287)
2025-12-12 12:51:12,395 - Knowledge - INFO - Worker kw14 processing /app/data/T0002/186205/b6634e0/SQLPage-186205/examples/corporate-conundrum/game-over.sql
2025-12-12 12:51:12,430 - Knowledge - INFO - Fast-tracked /app/data/T0002/186205/b6634e0/SQLPage-186205/examples/corporate-conundrum/game-over.sql (ext=.sql, size=1578)
2025-12-12 12:51:12,430 - Knowledge - INFO - Worker kw14 processing /app/data/T0002/186205/b6634e0/SQLPage-186205/examples/corporate-conundrum/rules.sql
2025-12-12 12:51:12,442 - Knowledge - INFO - Worker kw14 processing /app/data/T0002/186205/b6634e0/SQLPage-186205/examples/corporate-conundrum/sqlpage/migrations/00_base_structure.sql
2025-12-12 12:51:12,465 - Knowledge - INFO - Worker kw14 processing /app/data/T0002/186205/b6634e0/SQLPage-186205/examples/corporate-conundrum/sqlpage/migrations/01_questions.sql
2025-12-12 12:51:12,478 - Knowledge - INFO - process ingested knowledge for /app/data/T0002/186205/b6634e0/SQLPage-186205/examples/mysql json handling/README.md
2025-12-12 12:51:12,522 - Knowledge - INFO - process ingested knowledge for /app/data/T0002/186205/b6634e0/SQLPage-186205/sqlpage/apexcharts.js
2025-12-12 12:51:12,528 - Knowledge - INFO - Worker kw14 processing /app/data/T0002/186205/b6634e0/SQLPage-186205/examples/corporate-conundrum/README.md
2025-12-12 12:51:12,552 - Knowledge - INFO - process ingested knowledge for /app/data/T0002/186205/b6634e0/SQLPage-186205/examples/master-detail-forms/index.sql
2025-12-12 12:51:12,724 - Knowledge - INFO - Fast-tracked /app/data/T0002/186205/b6634e0/SQLPage-186205/examples/corporate-conundrum/README.md (ext=.md, size=3079)
2025-12-12 12:51:12,764 - Knowledge - INFO - Worker kw14 processing /app/data/T0002/186205/b6634e0/SQLPage-186205/examples/corporate-conundrum/wait.sql
2025-12-12 12:51:12,788 - Knowledge - INFO - Fast-tracked /app/data/T0002/186205/b6634e0/SQLPage-186205/examples/corporate-conundrum/wait.sql (ext=.sql, size=1326)
2025-12-12 12:51:12,839 - Knowledge - INFO - Async storage completed for 15 embeddings
2025-12-12 12:51:12,895 - Knowledge - INFO - Fast-tracked /app/data/T0002/186205/b6634e0/SQLPage-186205/examples/corporate-conundrum/game.sql (small file (2068 bytes))
2025-12-12 12:51:12,942 - Knowledge - INFO - Fast-tracked /app/data/T0002/186205/b6634e0/SQLPage-186205/examples/corporate-conundrum/rules.sql (small file (2643 bytes))
2025-12-12 12:51:13,038 - Knowledge - INFO - Fast-tracked /app/data/T0002/186205/b6634e0/SQLPage-186205/examples/corporate-conundrum/sqlpage/migrations/00_base_structure.sql (small file (2074 bytes))
2025-12-12 12:51:13,171 - Knowledge - INFO - process ingested knowledge for /app/data/T0002/186205/b6634e0/SQLPage-186205/docker-compose.yml
2025-12-12 12:51:13,770 - Knowledge - INFO - Async storing batch of 15 embeddings
2025-12-12 12:51:13,890 - Knowledge - INFO - Worker kw19 processing /app/data/T0002/186205/b6634e0/SQLPage-186205/examples/cards-with-remote-content/index.sql
2025-12-12 12:51:13,977 - Knowledge - INFO - Fast-tracked /app/data/T0002/186205/b6634e0/SQLPage-186205/examples/cards-with-remote-content/index.sql (ext=.sql, size=658)
2025-12-12 12:51:14,005 - Knowledge - INFO - Worker kw19 processing /app/data/T0002/186205/b6634e0/SQLPage-186205/examples/cards-with-remote-content/chart-example.sql
2025-12-12 12:51:14,057 - Knowledge - INFO - Fast-tracked /app/data/T0002/186205/b6634e0/SQLPage-186205/examples/cards-with-remote-content/chart-example.sql (ext=.sql, size=735)
2025-12-12 12:51:14,103 - Knowledge - INFO - Worker kw19 processing /app/data/T0002/186205/b6634e0/SQLPage-186205/examples/cards-with-remote-content/map-example.sql
2025-12-12 12:51:14,178 - Knowledge - INFO - Fast-tracked /app/data/T0002/186205/b6634e0/SQLPage-186205/examples/cards-with-remote-content/map-example.sql (ext=.sql, size=146)
2025-12-12 12:51:14,184 - Knowledge - INFO - Worker kw19 processing /app/data/T0002/186205/b6634e0/SQLPage-186205/examples/cards-with-remote-content/README.md
2025-12-12 12:51:14,212 - Knowledge - INFO - Fast-tracked /app/data/T0002/186205/b6634e0/SQLPage-186205/examples/cards-with-remote-content/README.md (ext=.md, size=283)
2025-12-12 12:51:14,232 - Knowledge - INFO - Worker kw19 processing /app/data/T0002/186205/b6634e0/SQLPage-186205/examples/cards-with-remote-content/table-example.sql
2025-12-12 12:51:14,261 - Knowledge - INFO - Fast-tracked /app/data/T0002/186205/b6634e0/SQLPage-186205/examples/cards-with-remote-content/table-example.sql (ext=.sql, size=260)
2025-12-12 12:51:14,329 - Knowledge - INFO - Worker kw19 processing /app/data/T0002/186205/b6634e0/SQLPage-186205/examples/plots tables and forms/index.sql
2025-12-12 12:51:14,415 - Knowledge - INFO - process ingested knowledge for /app/data/T0002/186205/b6634e0/SQLPage-186205/examples/mysql json handling/docker-compose.yml
2025-12-12 12:51:14,455 - Knowledge - INFO - process ingested knowledge for /app/data/T0002/186205/b6634e0/SQLPage-186205/sqlpage/sqlpage.json
2025-12-12 12:51:14,461 - Knowledge - INFO - Worker kw19 processing /app/data/T0002/186205/b6634e0/SQLPage-186205/examples/plots tables and forms/README.md
2025-12-12 12:51:14,487 - Knowledge - INFO - [WEBSOCKET] Sent: Type=progress_update, Size: 293, Duration: 0ms
2025-12-12 12:51:14,500 - Knowledge - INFO - process ingested knowledge for /app/data/T0002/186205/b6634e0/SQLPage-186205/examples/read-and-set-http-cookies/logout.sql
2025-12-12 12:51:14,583 - Knowledge - INFO - Fast-tracked /app/data/T0002/186205/b6634e0/SQLPage-186205/examples/plots tables and forms/README.md (ext=.md, size=293)
2025-12-12 12:51:14,616 - Knowledge - INFO - [WEBSOCKET] Sent: Type=unknown, Size: ?, Duration: 129ms
2025-12-12 12:51:14,649 - Knowledge - INFO - Worker kw19 processing /app/data/T0002/186205/b6634e0/SQLPage-186205/examples/official-site/colors.sql
2025-12-12 12:51:14,671 - Knowledge - INFO - Progress: 54.5% | Files: 334/611 | Rate: 3.65 files/sec | Queue: 152
2025-12-12 12:51:14,775 - Knowledge - INFO - Worker kw19 processing /app/data/T0002/186205/b6634e0/SQLPage-186205/examples/official-site/performance.sql
2025-12-12 12:51:14,829 - Knowledge - INFO - Worker kw19 processing /app/data/T0002/186205/b6634e0/SQLPage-186205/examples/official-site/documentation.sql
2025-12-12 12:51:14,848 - Knowledge - INFO - Worker kw19 processing /app/data/T0002/186205/b6634e0/SQLPage-186205/examples/official-site/llms.txt.sql
2025-12-12 12:51:14,881 - Knowledge - INFO - Worker kw19 processing /app/data/T0002/186205/b6634e0/SQLPage-186205/examples/official-site/search.sql
2025-12-12 12:51:14,934 - Knowledge - INFO - Async storage completed for 15 embeddings
2025-12-12 12:51:15,899 - Knowledge - INFO - Fast-tracked /app/data/T0002/186205/b6634e0/SQLPage-186205/examples/official-site/documentation.sql (small file (2705 bytes))
2025-12-12 12:51:16,004 - Knowledge - INFO - [LLM_CALL] Completed: sql_to_json.rs:chunk1, Duration: 91432ms, PromptTokens: 14912, CompletionTokens: 924, Cost: $0.00186
2025-12-12 12:51:16,025 - Knowledge - INFO - done ingest for /app/data/T0002/186205/b6634e0/SQLPage-186205/src/webserver/database/sql_to_json.rs
2025-12-12 12:51:16,251 - Knowledge - INFO - process ingested knowledge for /app/data/T0002/186205/b6634e0/SQLPage-186205/examples/forms-with-multiple-steps/hidden/step_3.sql
2025-12-12 12:51:16,299 - Knowledge - INFO - process ingested knowledge for /app/data/T0002/186205/b6634e0/SQLPage-186205/sqlpage/migrations/README.md
2025-12-12 12:51:16,317 - Knowledge - INFO - process ingested knowledge for /app/data/T0002/186205/b6634e0/SQLPage-186205/examples/master-detail-forms/insert_user.sql
2025-12-12 12:51:16,383 - Knowledge - INFO - process ingested knowledge for /app/data/T0002/186205/b6634e0/SQLPage-186205/examples/read-and-set-http-cookies/index.sql
2025-12-12 12:51:16,398 - Knowledge - INFO - [kw8] Queue=152, InProgress=0, PendingWorkers=20/20, Completed=338/611 (55.3%)
2025-12-12 12:51:16,480 - Knowledge - INFO - Batch sizing: calculated=12, max_allowed=25, queue=152, active_workers=20/20
2025-12-12 12:51:16,762 - Knowledge - INFO - [LLM_CALL] Completed: 01_questions.sql:chunk1, Duration: 3554ms, PromptTokens: 10936, CompletionTokens: 122, Cost: $0.00114
2025-12-12 12:51:16,767 - Knowledge - INFO - done ingest for /app/data/T0002/186205/b6634e0/SQLPage-186205/examples/corporate-conundrum/sqlpage/migrations/01_questions.sql
2025-12-12 12:51:16,974 - Knowledge - INFO - process ingested knowledge for /app/data/T0002/186205/b6634e0/SQLPage-186205/examples/forms-with-multiple-steps/hidden/step_1.sql
2025-12-12 12:51:17,643 - Knowledge - INFO - Processing batch of 15 files
2025-12-12 12:51:17,684 - Knowledge - INFO - process ingested knowledge for /app/data/T0002/186205/b6634e0/SQLPage-186205/examples/handle-404/api/404.sql
2025-12-12 12:51:17,698 - Knowledge - INFO - process ingested knowledge for /app/data/T0002/186205/b6634e0/SQLPage-186205/SECURITY.md
2025-12-12 12:51:17,751 - Knowledge - INFO - process ingested knowledge for /app/data/T0002/186205/b6634e0/SQLPage-186205/sqlpage/tomselect.js
2025-12-12 12:51:18,734 - Knowledge - INFO - process ingested knowledge for /app/data/T0002/186205/b6634e0/SQLPage-186205/examples/read-and-set-http-cookies/sqlpage/sqlpage.json
2025-12-12 12:51:18,752 - Knowledge - INFO - Async storing batch of 20 embeddings
2025-12-12 12:51:18,833 - Knowledge - INFO - process ingested knowledge for /app/data/T0002/186205/b6634e0/SQLPage-186205/examples/forms-with-multiple-steps/hidden/index.sql
2025-12-12 12:51:18,834 - Knowledge - INFO - Worker kw8 processing /app/data/T0002/186205/b6634e0/SQLPage-186205/examples/official-site/components.sql
2025-12-12 12:51:18,838 - Knowledge - INFO - Processing batch of 15 files
2025-12-12 12:51:18,839 - Knowledge - INFO - process ingested knowledge for /app/data/T0002/186205/b6634e0/SQLPage-186205/sqlpage/templates/README.md
2025-12-12 12:51:18,860 - Knowledge - INFO - process ingested knowledge for /app/data/T0002/186205/b6634e0/SQLPage-186205/examples/CRUD - Authentication/www/currencies_item_dml.sql
2025-12-12 12:51:18,866 - Knowledge - INFO - Fast-tracked /app/data/T0002/186205/b6634e0/SQLPage-186205/examples/official-site/components.sql (ext=.sql, size=61)
2025-12-12 12:51:19,093 - Knowledge - INFO - Worker kw8 processing /app/data/T0002/186205/b6634e0/SQLPage-186205/examples/official-site/get_started.sql
2025-12-12 12:51:19,128 - Knowledge - INFO - Fast-tracked /app/data/T0002/186205/b6634e0/SQLPage-186205/examples/official-site/get_started.sql (ext=.sql, size=67)
2025-12-12 12:51:19,134 - Knowledge - INFO - Worker kw8 processing /app/data/T0002/186205/b6634e0/SQLPage-186205/examples/official-site/manual_setup.sql
2025-12-12 12:51:19,147 - Knowledge - INFO - Fast-tracked /app/data/T0002/186205/b6634e0/SQLPage-186205/examples/official-site/manual_setup.sql (ext=.sql, size=58)
2025-12-12 12:51:19,236 - Knowledge - INFO - [LLM_CALL] Completed: currencies_list.sql:chunk1, Duration: 20160ms, PromptTokens: 2114, CompletionTokens: 204, Cost: $0.00029
2025-12-12 12:51:19,250 - Knowledge - INFO - Worker kw8 processing /app/data/T0002/186205/b6634e0/SQLPage-186205/examples/official-site/extensions-to-sql.md
2025-12-12 12:51:19,274 - Knowledge - INFO - process ingested knowledge for /app/data/T0002/186205/b6634e0/SQLPage-186205/examples/read-and-set-http-cookies/README.md
2025-12-12 12:51:19,290 - Knowledge - INFO - done ingest for /app/data/T0002/186205/b6634e0/SQLPage-186205/examples/CRUD - Authentication/www/currencies_list.sql
2025-12-12 12:51:19,366 - Knowledge - INFO - Fast-tracked /app/data/T0002/186205/b6634e0/SQLPage-186205/examples/official-site/extensions-to-sql.md (ext=.md, size=9060)
2025-12-12 12:51:19,438 - Knowledge - INFO - Worker kw8 processing /app/data/T0002/186205/b6634e0/SQLPage-186205/examples/official-site/component_not_found.sql
2025-12-12 12:51:19,457 - Knowledge - INFO - Fast-tracked /app/data/T0002/186205/b6634e0/SQLPage-186205/examples/official-site/component_not_found.sql (ext=.sql, size=1567)
2025-12-12 12:51:19,470 - Knowledge - INFO - Worker kw8 processing /app/data/T0002/186205/b6634e0/SQLPage-186205/examples/official-site/blog.sql
2025-12-12 12:51:19,561 - Knowledge - INFO - Fast-tracked /app/data/T0002/186205/b6634e0/SQLPage-186205/examples/official-site/blog.sql (ext=.sql, size=824)
2025-12-12 12:51:19,569 - Knowledge - INFO - Worker kw8 processing /app/data/T0002/186205/b6634e0/SQLPage-186205/examples/official-site/index-old.sql
2025-12-12 12:51:19,639 - Knowledge - INFO - Worker kw8 processing /app/data/T0002/186205/b6634e0/SQLPage-186205/examples/official-site/safety.sql
2025-12-12 12:51:19,676 - Knowledge - INFO - Worker kw8 processing /app/data/T0002/186205/b6634e0/SQLPage-186205/examples/official-site/pricing.sql
2025-12-12 12:51:19,725 - Knowledge - INFO - Worker kw8 processing /app/data/T0002/186205/b6634e0/SQLPage-186205/examples/official-site/404.sql
2025-12-12 12:51:19,788 - Knowledge - INFO - Fast-tracked /app/data/T0002/186205/b6634e0/SQLPage-186205/examples/official-site/404.sql (ext=.sql, size=407)
2025-12-12 12:51:19,802 - Knowledge - INFO - Worker kw8 processing /app/data/T0002/186205/b6634e0/SQLPage-186205/examples/official-site/index.sql
2025-12-12 12:51:19,829 - Knowledge - INFO - Fast-tracked /app/data/T0002/186205/b6634e0/SQLPage-186205/examples/official-site/index.sql (ext=.sql, size=225)
2025-12-12 12:51:19,871 - Knowledge - INFO - Worker kw8 processing /app/data/T0002/186205/b6634e0/SQLPage-186205/examples/official-site/rss.sql
2025-12-12 12:51:19,930 - Knowledge - INFO - Fast-tracked /app/data/T0002/186205/b6634e0/SQLPage-186205/examples/official-site/rss.sql (ext=.sql, size=677)
2025-12-12 12:51:19,931 - Knowledge - INFO - Async storage completed for 20 embeddings
2025-12-12 12:51:21,375 - Knowledge - INFO - [LLM_CALL] Completed: intro.sql:chunk1, Duration: 21837ms, PromptTokens: 4476, CompletionTokens: 370, Cost: $0.00060
2025-12-12 12:51:21,375 - Knowledge - INFO - done ingest for /app/data/T0002/186205/b6634e0/SQLPage-186205/examples/CRUD - Authentication/www/intro.sql
2025-12-12 12:51:21,706 - Knowledge - INFO - [LLM_CALL] Completed: currencies_item_form.sql:chunk1, Duration: 22403ms, PromptTokens: 5130, CompletionTokens: 231, Cost: $0.00061
2025-12-12 12:51:21,707 - Knowledge - INFO - process ingested knowledge for /app/data/T0002/186205/b6634e0/SQLPage-186205/examples/handle-404/api/index.sql
2025-12-12 12:51:21,723 - Knowledge - INFO - done ingest for /app/data/T0002/186205/b6634e0/SQLPage-186205/examples/CRUD - Authentication/www/currencies_item_form.sql
2025-12-12 12:51:21,724 - Knowledge - INFO - process ingested knowledge for /app/data/T0002/186205/b6634e0/SQLPage-186205/examples/forms-with-multiple-steps/hidden/step_2.sql
2025-12-12 12:51:22,319 - Knowledge - INFO - Processing batch of 15 files
2025-12-12 12:51:22,319 - Knowledge - INFO - process ingested knowledge for /app/data/T0002/186205/b6634e0/SQLPage-186205/examples/SQLPage developer user interface/website/view_table.sql
2025-12-12 12:51:22,408 - Knowledge - INFO - process ingested knowledge for /app/data/T0002/186205/b6634e0/SQLPage-186205/examples/read-and-set-http-cookies/subdirectory/read_cookies.sql
2025-12-12 12:51:22,922 - Knowledge - INFO - [LLM_CALL] Completed: header_shell_session.sql:chunk1, Duration: 23189ms, PromptTokens: 3208, CompletionTokens: 251, Cost: $0.00042
2025-12-12 12:51:22,930 - Knowledge - INFO - done ingest for /app/data/T0002/186205/b6634e0/SQLPage-186205/examples/CRUD - Authentication/www/header_shell_session.sql
2025-12-12 12:51:23,651 - Knowledge - INFO - process ingested knowledge for /app/data/T0002/186205/b6634e0/SQLPage-186205/README.md
2025-12-12 12:51:23,703 - Knowledge - INFO - process ingested knowledge for /app/data/T0002/186205/b6634e0/SQLPage-186205/examples/CRUD - Authentication/www/login.sql
2025-12-12 12:51:23,724 - Knowledge - INFO - process ingested knowledge for /app/data/T0002/186205/b6634e0/SQLPage-186205/examples/forms-with-multiple-steps/hidden/finish.sql
2025-12-12 12:51:23,800 - Knowledge - INFO - process ingested knowledge for /app/data/T0002/186205/b6634e0/SQLPage-186205/examples/SQLPage developer user interface/website/edit.sql
2025-12-12 12:51:23,829 - Knowledge - INFO - process ingested knowledge for /app/data/T0002/186205/b6634e0/SQLPage-186205/examples/user-authentication/create_user.sql
2025-12-12 12:51:23,837 - Knowledge - INFO - [WEBSOCKET] Sent: Type=progress_update, Size: 293, Duration: 0ms
2025-12-12 12:51:23,876 - Knowledge - INFO - process ingested knowledge for /app/data/T0002/186205/b6634e0/SQLPage-186205/tests/it_works.txt
2025-12-12 12:51:23,940 - Knowledge - INFO - process ingested knowledge for /app/data/T0002/186205/b6634e0/SQLPage-186205/examples/CRUD - Authentication/sqlpage/sqlpage.json
2025-12-12 12:51:23,977 - Knowledge - INFO - process ingested knowledge for /app/data/T0002/186205/b6634e0/SQLPage-186205/configuration.md
2025-12-12 12:51:24,051 - Knowledge - INFO - [WEBSOCKET] Sent: Type=unknown, Size: ?, Duration: 215ms
2025-12-12 12:51:24,247 - Knowledge - INFO - Progress: 59.1% | Files: 362/611 | Rate: 3.55 files/sec | Queue: 140
2025-12-12 12:51:24,252 - Knowledge - INFO - [LLM_CALL] Completed: render.rs:chunk1, Duration: 99071ms, PromptTokens: 20728, CompletionTokens: 2109, Cost: $0.00292
2025-12-12 12:51:24,261 - Knowledge - INFO - done ingest for /app/data/T0002/186205/b6634e0/SQLPage-186205/src/render.rs
2025-12-12 12:51:24,268 - Knowledge - INFO - [LLM_CALL] Completed: menu_code.sql:chunk1, Duration: 25513ms, PromptTokens: 4688, CompletionTokens: 294, Cost: $0.00059
2025-12-12 12:51:24,310 - Knowledge - INFO - done ingest for /app/data/T0002/186205/b6634e0/SQLPage-186205/examples/CRUD - Authentication/www/menu_test/menu_code.sql
2025-12-12 12:51:25,222 - Knowledge - INFO - [LLM_CALL] Completed: dummy_menu.sql:chunk1, Duration: 26696ms, PromptTokens: 4860, CompletionTokens: 255, Cost: $0.00059
2025-12-12 12:51:25,266 - Knowledge - INFO - done ingest for /app/data/T0002/186205/b6634e0/SQLPage-186205/examples/CRUD - Authentication/www/menu_test/dummy_menu.sql
2025-12-12 12:51:25,434 - Knowledge - INFO - process ingested knowledge for /app/data/T0002/186205/b6634e0/SQLPage-186205/examples/handle-404/index.sql
2025-12-12 12:51:25,446 - Knowledge - INFO - process ingested knowledge for /app/data/T0002/186205/b6634e0/SQLPage-186205/examples/SQLPage developer user interface/website/insert_file.sql
2025-12-12 12:51:25,492 - Knowledge - INFO - process ingested knowledge for /app/data/T0002/186205/b6634e0/SQLPage-186205/examples/forms-with-multiple-steps/index.sql
2025-12-12 12:51:25,596 - Knowledge - INFO - process ingested knowledge for /app/data/T0002/186205/b6634e0/SQLPage-186205/tests/uploads/upload_file_data_url_test.sql
2025-12-12 12:51:26,187 - Knowledge - INFO - process ingested knowledge for /app/data/T0002/186205/b6634e0/SQLPage-186205/CONTRIBUTING.md
2025-12-12 12:51:26,213 - Knowledge - INFO - [kw7] Queue=140, InProgress=0, PendingWorkers=20/20, Completed=363/611 (59.4%)
2025-12-12 12:51:26,223 - Knowledge - INFO - process ingested knowledge for /app/data/T0002/186205/b6634e0/SQLPage-186205/examples/user-authentication/logout.sql
2025-12-12 12:51:26,223 - Knowledge - INFO - Batch sizing: calculated=12, max_allowed=25, queue=140, active_workers=20/20
2025-12-12 12:51:26,242 - Knowledge - INFO - Processing batch of 15 files
2025-12-12 12:51:26,252 - Knowledge - INFO - process ingested knowledge for /app/data/T0002/186205/b6634e0/SQLPage-186205/examples/SQLPage developer user interface/website/index.sql
2025-12-12 12:51:26,286 - Knowledge - INFO - process ingested knowledge for /app/data/T0002/186205/b6634e0/SQLPage-186205/examples/CRUD - Authentication/sqlpage/migrations/0003_auth.sql
2025-12-12 12:51:26,327 - Knowledge - INFO - process ingested knowledge for /app/data/T0002/186205/b6634e0/SQLPage-186205/examples/forms-with-multiple-steps/sqlpage/migrations/01_users.sql
2025-12-12 12:51:27,947 - Knowledge - INFO - process ingested knowledge for /app/data/T0002/186205/b6634e0/SQLPage-186205/examples/multiple-choice-question/results.sql
2025-12-12 12:51:27,947 - Knowledge - INFO - process ingested knowledge for /app/data/T0002/186205/b6634e0/SQLPage-186205/examples/user-authentication/protected_page.sql
2025-12-12 12:51:28,007 - Knowledge - INFO - process ingested knowledge for /app/data/T0002/186205/b6634e0/SQLPage-186205/examples/SQLPage developer user interface/website/delete.sql
2025-12-12 12:51:28,022 - Knowledge - INFO - process ingested knowledge for /app/data/T0002/186205/b6634e0/SQLPage-186205/examples/forms-with-multiple-steps/sqlpage/migrations/02_database_persistence.sql
2025-12-12 12:51:28,038 - Knowledge - INFO - process ingested knowledge for /app/data/T0002/186205/b6634e0/SQLPage-186205/CHANGELOG.md
2025-12-12 12:51:28,971 - Knowledge - INFO - process ingested knowledge for /app/data/T0002/186205/b6634e0/SQLPage-186205/tests/uploads/uploaded_file_name_test.sql
2025-12-12 12:51:29,000 - Knowledge - INFO - process ingested knowledge for /app/data/T0002/186205/b6634e0/SQLPage-186205/examples/forms-with-multiple-steps/database/step_3.sql
2025-12-12 12:51:29,037 - Knowledge - INFO - process ingested knowledge for /app/data/T0002/186205/b6634e0/SQLPage-186205/examples/CRUD - Authentication/sqlpage/migrations/0000_db_init.sql
2025-12-12 12:51:29,076 - Knowledge - INFO - Async storing batch of 20 embeddings
2025-12-12 12:51:29,195 - Knowledge - INFO - Worker kw7 processing /app/data/T0002/186205/b6634e0/SQLPage-186205/examples/official-site/custom_components.sql
2025-12-12 12:51:29,304 - Knowledge - INFO - Worker kw7 processing /app/data/T0002/186205/b6634e0/SQLPage-186205/examples/official-site/your-first-sql-website/documentation.sql
2025-12-12 12:51:29,436 - Knowledge - INFO - Fast-tracked /app/data/T0002/186205/b6634e0/SQLPage-186205/examples/official-site/your-first-sql-website/documentation.sql (ext=.sql, size=63)
2025-12-12 12:51:29,442 - Knowledge - INFO - Worker kw7 processing /app/data/T0002/186205/b6634e0/SQLPage-186205/examples/official-site/your-first-sql-website/migrations.md
2025-12-12 12:51:29,528 - Knowledge - INFO - Fast-tracked /app/data/T0002/186205/b6634e0/SQLPage-186205/examples/official-site/your-first-sql-website/migrations.md (ext=.md, size=6254)
2025-12-12 12:51:29,544 - Knowledge - INFO - Worker kw7 processing /app/data/T0002/186205/b6634e0/SQLPage-186205/examples/official-site/your-first-sql-website/tutorial-install-any.md
2025-12-12 12:51:29,642 - Knowledge - INFO - Fast-tracked /app/data/T0002/186205/b6634e0/SQLPage-186205/examples/official-site/your-first-sql-website/tutorial-install-any.md (ext=.md, size=1778)
2025-12-12 12:51:29,642 - Knowledge - INFO - Worker kw7 processing /app/data/T0002/186205/b6634e0/SQLPage-186205/examples/official-site/your-first-sql-website/nginx.sql
2025-12-12 12:51:29,686 - Knowledge - INFO - process ingested knowledge for /app/data/T0002/186205/b6634e0/SQLPage-186205/examples/SQLPage developer user interface/website/js/code-editor.js
2025-12-12 12:51:29,697 - Knowledge - INFO - Fast-tracked /app/data/T0002/186205/b6634e0/SQLPage-186205/examples/official-site/your-first-sql-website/nginx.sql (ext=.sql, size=327)
2025-12-12 12:51:29,761 - Knowledge - INFO - Worker kw7 processing /app/data/T0002/186205/b6634e0/SQLPage-186205/examples/official-site/your-first-sql-website/index.sql
2025-12-12 12:51:29,778 - Knowledge - INFO - [LLM_CALL] Completed: index-old.sql:chunk1, Duration: 9603ms, PromptTokens: 6718, CompletionTokens: 177, Cost: $0.00074
2025-12-12 12:51:29,851 - Knowledge - INFO - done ingest for /app/data/T0002/186205/b6634e0/SQLPage-186205/examples/official-site/index-old.sql
2025-12-12 12:51:29,864 - Knowledge - INFO - Worker kw7 processing /app/data/T0002/186205/b6634e0/SQLPage-186205/examples/official-site/your-first-sql-website/custom_urls.sql
2025-12-12 12:51:30,071 - Knowledge - INFO - Worker kw7 processing /app/data/T0002/186205/b6634e0/SQLPage-186205/examples/official-site/your-first-sql-website/hosted.sql
2025-12-12 12:51:30,183 - Knowledge - INFO - Fast-tracked /app/data/T0002/186205/b6634e0/SQLPage-186205/examples/official-site/your-first-sql-website/hosted.sql (ext=.sql, size=1382)
2025-12-12 12:51:30,227 - Knowledge - INFO - Worker kw7 processing /app/data/T0002/186205/b6634e0/SQLPage-186205/examples/official-site/your-first-sql-website/nginx.md
2025-12-12 12:51:30,249 - Knowledge - INFO - Fast-tracked /app/data/T0002/186205/b6634e0/SQLPage-186205/examples/official-site/your-first-sql-website/nginx.md (ext=.md, size=13009)
2025-12-12 12:51:30,268 - Knowledge - INFO - Worker kw7 processing /app/data/T0002/186205/b6634e0/SQLPage-186205/examples/official-site/your-first-sql-website/tutorial.md
2025-12-12 12:51:30,357 - Knowledge - INFO - Fast-tracked /app/data/T0002/186205/b6634e0/SQLPage-186205/examples/official-site/your-first-sql-website/tutorial.md (ext=.md, size=11883)
2025-12-12 12:51:30,368 - Knowledge - INFO - process ingested knowledge for /app/data/T0002/186205/b6634e0/SQLPage-186205/examples/single sign on/keycloak-configuration.json
2025-12-12 12:51:30,404 - Knowledge - INFO - [LLM_CALL] Completed: safety.sql:chunk1, Duration: 9901ms, PromptTokens: 4288, CompletionTokens: 59, Cost: $0.00045
2025-12-12 12:51:30,404 - Knowledge - INFO - Worker kw7 processing /app/data/T0002/186205/b6634e0/SQLPage-186205/examples/official-site/your-first-sql-website/migrations.sql
2025-12-12 12:51:30,573 - Knowledge - INFO - done ingest for /app/data/T0002/186205/b6634e0/SQLPage-186205/examples/official-site/safety.sql
2025-12-12 12:51:30,601 - Knowledge - INFO - [LLM_CALL] Completed: sql.rs:chunk1, Duration: 105570ms, PromptTokens: 28082, CompletionTokens: 2411, Cost: $0.00377
2025-12-12 12:51:30,637 - Knowledge - INFO - Fast-tracked /app/data/T0002/186205/b6634e0/SQLPage-186205/examples/official-site/your-first-sql-website/migrations.sql (ext=.sql, size=385)
2025-12-12 12:51:30,664 - Knowledge - INFO - done ingest for /app/data/T0002/186205/b6634e0/SQLPage-186205/src/webserver/database/sql.rs
2025-12-12 12:51:30,677 - Knowledge - INFO - Worker kw7 processing /app/data/T0002/186205/b6634e0/SQLPage-186205/examples/official-site/your-first-sql-website/tutorial-install-macos.md
2025-12-12 12:51:30,923 - Knowledge - INFO - Fast-tracked /app/data/T0002/186205/b6634e0/SQLPage-186205/examples/official-site/your-first-sql-website/tutorial-install-macos.md (ext=.md, size=826)
2025-12-12 12:51:30,929 - Knowledge - INFO - Async storage completed for 20 embeddings
2025-12-12 12:51:30,935 - Knowledge - INFO - [LLM_CALL] Completed: pricing.sql:chunk1, Duration: 10059ms, PromptTokens: 2468, CompletionTokens: 247, Cost: $0.00035
2025-12-12 12:51:30,965 - Knowledge - INFO - done ingest for /app/data/T0002/186205/b6634e0/SQLPage-186205/examples/official-site/pricing.sql
2025-12-12 12:51:31,003 - Knowledge - INFO - process ingested knowledge for /app/data/T0002/186205/b6634e0/SQLPage-186205/examples/forms-with-multiple-steps/database/step_1.sql
2025-12-12 12:51:31,036 - Knowledge - INFO - process ingested knowledge for /app/data/T0002/186205/b6634e0/SQLPage-186205/examples/user-authentication/signup.sql
2025-12-12 12:51:31,552 - Knowledge - INFO - process ingested knowledge for /app/data/T0002/186205/b6634e0/SQLPage-186205/examples/forms-with-multiple-steps/README.md
2025-12-12 12:51:31,607 - Knowledge - INFO - Fast-tracked /app/data/T0002/186205/b6634e0/SQLPage-186205/examples/official-site/your-first-sql-website/custom_urls.sql (small file (2503 bytes))
2025-12-12 12:51:31,631 - Knowledge - INFO - process ingested knowledge for /app/data/T0002/186205/b6634e0/SQLPage-186205/examples/SQLPage developer user interface/docker-compose.yml
2025-12-12 12:51:31,644 - Knowledge - INFO - process ingested knowledge for /app/data/T0002/186205/b6634e0/SQLPage-186205/examples/single sign on/docker-compose.yaml
2025-12-12 12:51:32,311 - Knowledge - INFO - process ingested knowledge for /app/data/T0002/186205/b6634e0/SQLPage-186205/examples/CRUD - Authentication/sqlpage/migrations/0007_currencies.sql
2025-12-12 12:51:32,345 - Knowledge - INFO - process ingested knowledge for /app/data/T0002/186205/b6634e0/SQLPage-186205/examples/forms-with-multiple-steps/database/index.sql
2025-12-12 12:51:32,888 - Knowledge - INFO - [LLM_CALL] Completed: performance.sql:chunk1, Duration: 17232ms, PromptTokens: 3260, CompletionTokens: 190, Cost: $0.00040
2025-12-12 12:51:32,893 - Knowledge - INFO - done ingest for /app/data/T0002/186205/b6634e0/SQLPage-186205/examples/official-site/performance.sql
2025-12-12 12:51:33,028 - Knowledge - INFO - process ingested knowledge for /app/data/T0002/186205/b6634e0/SQLPage-186205/examples/forms-with-multiple-steps/cookies/step_3.sql
2025-12-12 12:51:33,085 - Knowledge - INFO - process ingested knowledge for /app/data/T0002/186205/b6634e0/SQLPage-186205/tests/uploads/upload_file_test.sql
2025-12-12 12:51:33,092 - Knowledge - INFO - process ingested knowledge for /app/data/T0002/186205/b6634e0/SQLPage-186205/examples/simple-website-example/edit.sql
2025-12-12 12:51:33,257 - Knowledge - INFO - process ingested knowledge for /app/data/T0002/186205/b6634e0/SQLPage-186205/examples/CRUD - Authentication/README.md
2025-12-12 12:51:33,389 - Knowledge - INFO - process ingested knowledge for /app/data/T0002/186205/b6634e0/SQLPage-186205/examples/forms-with-multiple-steps/database/step_2.sql
2025-12-12 12:51:34,006 - Knowledge - INFO - process ingested knowledge for /app/data/T0002/186205/b6634e0/SQLPage-186205/examples/forms-with-multiple-steps/cookies/step_1.sql
2025-12-12 12:51:34,538 - Knowledge - INFO - process ingested knowledge for /app/data/T0002/186205/b6634e0/SQLPage-186205/examples/simple-website-example/table.sql
2025-12-12 12:51:35,880 - Knowledge - INFO - process ingested knowledge for /app/data/T0002/186205/b6634e0/SQLPage-186205/examples/multiple-choice-question/edit_option.sql
2025-12-12 12:51:35,922 - Knowledge - INFO - process ingested knowledge for /app/data/T0002/186205/b6634e0/SQLPage-186205/examples/forms-with-multiple-steps/database/finish.sql
2025-12-12 12:51:35,956 - Knowledge - INFO - process ingested knowledge for /app/data/T0002/186205/b6634e0/SQLPage-186205/tests/uploads/upload_file_runsql_test.sql
2025-12-12 12:51:37,514 - Knowledge - INFO - Processing batch of 12 files
2025-12-12 12:51:37,525 - Knowledge - INFO - process ingested knowledge for /app/data/T0002/186205/b6634e0/SQLPage-186205/examples/charts, computations and custom components/taptempo.sql
2025-12-12 12:51:37,541 - Knowledge - INFO - process ingested knowledge for /app/data/T0002/186205/b6634e0/SQLPage-186205/examples/simple-website-example/index.sql
2025-12-12 12:51:37,541 - Knowledge - INFO - process ingested knowledge for /app/data/T0002/186205/b6634e0/SQLPage-186205/examples/web servers - apache/docker-compose.yml
2025-12-12 12:51:37,580 - Knowledge - INFO - process ingested knowledge for /app/data/T0002/186205/b6634e0/SQLPage-186205/examples/multiple-choice-question/index.sql
2025-12-12 12:51:39,155 - Knowledge - INFO - [LLM_CALL] Completed: search.sql:chunk1, Duration: 22572ms, PromptTokens: 2530, CompletionTokens: 181, Cost: $0.00033
2025-12-12 12:51:39,156 - Knowledge - INFO - done ingest for /app/data/T0002/186205/b6634e0/SQLPage-186205/examples/official-site/search.sql
2025-12-12 12:51:39,847 - Knowledge - INFO - [LLM_CALL] Completed: colors.sql:chunk1, Duration: 24461ms, PromptTokens: 3740, CompletionTokens: 266, Cost: $0.00048
2025-12-12 12:51:39,847 - Knowledge - INFO - done ingest for /app/data/T0002/186205/b6634e0/SQLPage-186205/examples/official-site/colors.sql
2025-12-12 12:51:40,326 - Knowledge - INFO - process ingested knowledge for /app/data/T0002/186205/b6634e0/SQLPage-186205/examples/forms-with-multiple-steps/cookies/index.sql
2025-12-12 12:51:40,347 - Knowledge - INFO - process ingested knowledge for /app/data/T0002/186205/b6634e0/SQLPage-186205/tests/uploads/upload_csv_test.sql
2025-12-12 12:51:41,323 - Knowledge - INFO - process ingested knowledge for /app/data/T0002/186205/b6634e0/SQLPage-186205/examples/multiple-choice-question/create_question.sql
2025-12-12 12:51:41,956 - Knowledge - INFO - [LLM_CALL] Completed: index.sql:chunk1, Duration: 10656ms, PromptTokens: 2950, CompletionTokens: 240, Cost: $0.00039
2025-12-12 12:51:41,956 - Knowledge - INFO - done ingest for /app/data/T0002/186205/b6634e0/SQLPage-186205/examples/official-site/your-first-sql-website/index.sql
2025-12-12 12:51:42,597 - Knowledge - INFO - [WEBSOCKET] Sent: Type=progress_update, Size: 293, Duration: 0ms
2025-12-12 12:51:42,622 - Knowledge - INFO - process ingested knowledge for /app/data/T0002/186205/b6634e0/SQLPage-186205/examples/charts, computations and custom components/index.sql
2025-12-12 12:51:42,647 - Knowledge - INFO - [WEBSOCKET] Sent: Type=unknown, Size: ?, Duration: 50ms
2025-12-12 12:51:42,672 - Knowledge - INFO - process ingested knowledge for /app/data/T0002/186205/b6634e0/SQLPage-186205/examples/simple-website-example/delete.sql
2025-12-12 12:51:42,672 - Knowledge - INFO - Progress: 63.3% | Files: 388/611 | Rate: 3.26 files/sec | Queue: 128
2025-12-12 12:51:42,677 - Knowledge - INFO - process ingested knowledge for /app/data/T0002/186205/b6634e0/SQLPage-186205/examples/forms-with-multiple-steps/cookies/step_2.sql
2025-12-12 12:51:42,711 - Knowledge - INFO - process ingested knowledge for /app/data/T0002/186205/b6634e0/SQLPage-186205/tests/uploads/mod.rs
2025-12-12 12:51:42,806 - Knowledge - INFO - [LLM_CALL] Completed: llms.txt.sql:chunk1, Duration: 26724ms, PromptTokens: 3056, CompletionTokens: 426, Cost: $0.00048
2025-12-12 12:51:42,836 - Knowledge - INFO - done ingest for /app/data/T0002/186205/b6634e0/SQLPage-186205/examples/official-site/llms.txt.sql
2025-12-12 12:51:43,187 - Knowledge - INFO - process ingested knowledge for /app/data/T0002/186205/b6634e0/SQLPage-186205/examples/multiple-choice-question/delete_option.sql
2025-12-12 12:51:43,840 - Knowledge - INFO - process ingested knowledge for /app/data/T0002/186205/b6634e0/SQLPage-186205/examples/charts, computations and custom components/sqlpage/migrations/000_init.sql
2025-12-12 12:51:43,851 - Knowledge - INFO - process ingested knowledge for /app/data/T0002/186205/b6634e0/SQLPage-186205/examples/corporate-conundrum/game.sql
2025-12-12 12:51:43,929 - Knowledge - INFO - done ingest for /app/data/T0002/186205/b6634e0/SQLPage-186205/examples/plots tables and forms/index.sql
2025-12-12 12:51:44,282 - Knowledge - INFO - [LLM_CALL] Completed: custom_components.sql:chunk1, Duration: 13238ms, PromptTokens: 4948, CompletionTokens: 289, Cost: $0.00061
2025-12-12 12:51:44,283 - Knowledge - INFO - done ingest for /app/data/T0002/186205/b6634e0/SQLPage-186205/examples/official-site/custom_components.sql
2025-12-12 12:51:44,482 - Knowledge - INFO - [kw6] Queue=128, InProgress=0, PendingWorkers=20/20, Completed=390/611 (63.8%)
2025-12-12 12:51:44,498 - Knowledge - INFO - process ingested knowledge for /app/data/T0002/186205/b6634e0/SQLPage-186205/tests/requests/webhook_hmac.rs
2025-12-12 12:51:44,523 - Knowledge - INFO - Batch sizing: calculated=12, max_allowed=25, queue=128, active_workers=20/20
2025-12-12 12:51:45,140 - Knowledge - INFO - process ingested knowledge for /app/data/T0002/186205/b6634e0/SQLPage-186205/examples/multiple-choice-question/process.sql
2025-12-12 12:51:45,223 - Knowledge - INFO - [LLM_CALL] Completed: functions.rs:chunk1, Duration: 120535ms, PromptTokens: 17730, CompletionTokens: 2020, Cost: $0.00258
2025-12-12 12:51:45,236 - Knowledge - INFO - done ingest for /app/data/T0002/186205/b6634e0/SQLPage-186205/src/webserver/database/sqlpage_functions/functions.rs
2025-12-12 12:51:46,138 - Knowledge - INFO - process ingested knowledge for /app/data/T0002/186205/b6634e0/SQLPage-186205/examples/simple-website-example/user.sql
2025-12-12 12:51:46,186 - Knowledge - INFO - process ingested knowledge for /app/data/T0002/186205/b6634e0/SQLPage-186205/examples/corporate-conundrum/New Game.sql
2025-12-12 12:51:46,246 - Knowledge - INFO - process ingested knowledge for /app/data/T0002/186205/b6634e0/SQLPage-186205/examples/forms-with-multiple-steps/cookies/finish.sql
2025-12-12 12:51:46,686 - Knowledge - INFO - Async storing batch of 20 embeddings
2025-12-12 12:51:46,796 - Knowledge - INFO - Worker kw6 processing /app/data/T0002/186205/b6634e0/SQLPage-186205/examples/official-site/your-first-sql-website/tutorial-install-windows.md
2025-12-12 12:51:46,898 - Knowledge - INFO - Fast-tracked /app/data/T0002/186205/b6634e0/SQLPage-186205/examples/official-site/your-first-sql-website/tutorial-install-windows.md (ext=.md, size=831)
2025-12-12 12:51:46,939 - Knowledge - INFO - Worker kw6 processing /app/data/T0002/186205/b6634e0/SQLPage-186205/examples/official-site/component.sql
2025-12-12 12:51:46,951 - Knowledge - INFO - Worker kw6 processing /app/data/T0002/186205/b6634e0/SQLPage-186205/examples/official-site/visual-identity.sql
2025-12-12 12:51:47,005 - Knowledge - INFO - Worker kw6 processing /app/data/T0002/186205/b6634e0/SQLPage-186205/examples/official-site/get started.sql
2025-12-12 12:51:47,059 - Knowledge - INFO - Fast-tracked /app/data/T0002/186205/b6634e0/SQLPage-186205/examples/official-site/get started.sql (ext=.sql, size=67)
2025-12-12 12:51:47,076 - Knowledge - INFO - Worker kw6 processing /app/data/T0002/186205/b6634e0/SQLPage-186205/examples/official-site/sso/index.sql
2025-12-12 12:51:47,110 - Knowledge - INFO - Fast-tracked /app/data/T0002/186205/b6634e0/SQLPage-186205/examples/official-site/sso/index.sql (ext=.sql, size=396)
2025-12-12 12:51:47,147 - Knowledge - INFO - Worker kw6 processing /app/data/T0002/186205/b6634e0/SQLPage-186205/examples/official-site/sso/single_sign_on.md
2025-12-12 12:51:47,237 - Knowledge - INFO - Fast-tracked /app/data/T0002/186205/b6634e0/SQLPage-186205/examples/official-site/sso/single_sign_on.md (ext=.md, size=7732)
2025-12-12 12:51:47,248 - Knowledge - INFO - Worker kw6 processing /app/data/T0002/186205/b6634e0/SQLPage-186205/examples/official-site/pgconf/script.js
2025-12-12 12:51:47,322 - Knowledge - INFO - Fast-tracked /app/data/T0002/186205/b6634e0/SQLPage-186205/examples/official-site/pgconf/script.js (ext=.js, size=1739370)
2025-12-12 12:51:47,336 - Knowledge - INFO - process ingested knowledge for /app/data/T0002/186205/b6634e0/SQLPage-186205/examples/multiple-choice-question/sqlpage/migrations/0001_create_users_table.sql
2025-12-12 12:51:47,374 - Knowledge - INFO - Worker kw6 processing /app/data/T0002/186205/b6634e0/SQLPage-186205/examples/official-site/pgconf/pgconf-2023.html
2025-12-12 12:51:47,473 - Knowledge - INFO - Fast-tracked /app/data/T0002/186205/b6634e0/SQLPage-186205/examples/official-site/pgconf/pgconf-2023.html (ext=.html, size=443218)
2025-12-12 12:51:47,491 - Knowledge - INFO - Worker kw6 processing /app/data/T0002/186205/b6634e0/SQLPage-186205/examples/official-site/sqlpage/sqlpage.yaml
2025-12-12 12:51:47,569 - Knowledge - INFO - Fast-tracked /app/data/T0002/186205/b6634e0/SQLPage-186205/examples/official-site/sqlpage/sqlpage.yaml (ext=.yaml, size=294)
2025-12-12 12:51:47,594 - Knowledge - INFO - Worker kw6 processing /app/data/T0002/186205/b6634e0/SQLPage-186205/examples/official-site/sqlpage/migrations/44_authentication_example.sql
2025-12-12 12:51:47,628 - Knowledge - INFO - Fast-tracked /app/data/T0002/186205/b6634e0/SQLPage-186205/examples/official-site/sqlpage/migrations/44_authentication_example.sql (ext=.sql, size=698)
2025-12-12 12:51:47,640 - Knowledge - INFO - Worker kw6 processing /app/data/T0002/186205/b6634e0/SQLPage-186205/examples/official-site/sqlpage/migrations/65_download.sql
2025-12-12 12:51:47,783 - Knowledge - INFO - Worker kw6 processing /app/data/T0002/186205/b6634e0/SQLPage-186205/examples/official-site/sqlpage/migrations/57_client_ip.sql
2025-12-12 12:51:47,883 - Knowledge - INFO - Fast-tracked /app/data/T0002/186205/b6634e0/SQLPage-186205/examples/official-site/sqlpage/migrations/57_client_ip.sql (ext=.sql, size=1434)
2025-12-12 12:51:47,898 - Knowledge - INFO - Async storage completed for 20 embeddings
2025-12-12 12:51:48,277 - Knowledge - INFO - process ingested knowledge for /app/data/T0002/186205/b6634e0/SQLPage-186205/examples/charts, computations and custom components/README.md
2025-12-12 12:51:48,291 - Knowledge - INFO - process ingested knowledge for /app/data/T0002/186205/b6634e0/SQLPage-186205/examples/simple-website-example/sqlpage/sqlpage.json
2025-12-12 12:51:48,322 - Knowledge - INFO - process ingested knowledge for /app/data/T0002/186205/b6634e0/SQLPage-186205/examples/corporate-conundrum/next-question.sql
2025-12-12 12:51:48,363 - Knowledge - INFO - process ingested knowledge for /app/data/T0002/186205/b6634e0/SQLPage-186205/examples/sending emails/index.sql
2025-12-12 12:51:48,996 - Knowledge - INFO - process ingested knowledge for /app/data/T0002/186205/b6634e0/SQLPage-186205/examples/multiple-choice-question/README.md
2025-12-12 12:51:49,853 - Knowledge - INFO - process ingested knowledge for /app/data/T0002/186205/b6634e0/SQLPage-186205/examples/web servers - apache/static/index.html
2025-12-12 12:51:49,894 - Knowledge - INFO - process ingested knowledge for /app/data/T0002/186205/b6634e0/SQLPage-186205/tests/requests/request_download_test.sql
2025-12-12 12:51:49,917 - Knowledge - INFO - process ingested knowledge for /app/data/T0002/186205/b6634e0/SQLPage-186205/examples/simple-website-example/sqlpage/migrations/0001_create_users_table.sql
2025-12-12 12:51:49,924 - Knowledge - INFO - process ingested knowledge for /app/data/T0002/186205/b6634e0/SQLPage-186205/examples/corporate-conundrum/index.sql
2025-12-12 12:51:50,229 - Knowledge - ERROR - Timeout processing /app/data/T0002/186205/b6634e0/SQLPage-186205/src/webserver/http.rs after 90s
2025-12-12 12:51:50,499 - Knowledge - INFO - Processing batch of 12 files
2025-12-12 12:51:50,522 - Knowledge - INFO - process ingested knowledge for /app/data/T0002/186205/b6634e0/SQLPage-186205/examples/official-site/components.sql
2025-12-12 12:51:50,822 - Knowledge - INFO - process ingested knowledge for /app/data/T0002/186205/b6634e0/SQLPage-186205/examples/multiple-choice-question/website_header.json
2025-12-12 12:51:51,187 - Knowledge - INFO - process ingested knowledge for /app/data/T0002/186205/b6634e0/SQLPage-186205/examples/web servers - apache/sqlpage_config/sqlpage.json
2025-12-12 12:51:51,659 - Knowledge - INFO - process ingested knowledge for /app/data/T0002/186205/b6634e0/SQLPage-186205/examples/simple-website-example/README.md
2025-12-12 12:51:51,660 - Knowledge - INFO - process ingested knowledge for /app/data/T0002/186205/b6634e0/SQLPage-186205/examples/corporate-conundrum/question.sql
2025-12-12 12:51:52,056 - Knowledge - INFO - process ingested knowledge for /app/data/T0002/186205/b6634e0/SQLPage-186205/examples/official-site/get_started.sql
2025-12-12 12:51:52,392 - Knowledge - INFO - process ingested knowledge for /app/data/T0002/186205/b6634e0/SQLPage-186205/examples/multiple-choice-question/admin.sql
2025-12-12 12:51:52,735 - Knowledge - INFO - process ingested knowledge for /app/data/T0002/186205/b6634e0/SQLPage-186205/tests/requests/mod.rs
2025-12-12 12:51:52,753 - Knowledge - INFO - process ingested knowledge for /app/data/T0002/186205/b6634e0/SQLPage-186205/examples/sending emails/email.sql
2025-12-12 12:51:52,765 - Knowledge - INFO - [WEBSOCKET] Sent: Type=progress_update, Size: 293, Duration: 0ms
2025-12-12 12:51:52,799 - Knowledge - INFO - [WEBSOCKET] Sent: Type=unknown, Size: ?, Duration: 33ms
2025-12-12 12:51:52,804 - Knowledge - INFO - Progress: 66.3% | Files: 405/611 | Rate: 3.11 files/sec | Queue: 116
2025-12-12 12:51:53,199 - Knowledge - INFO - Processing batch of 15 files
2025-12-12 12:51:53,200 - Knowledge - INFO - process ingested knowledge for /app/data/T0002/186205/b6634e0/SQLPage-186205/examples/CRUD - Authentication/www/logout.sql
2025-12-12 12:51:53,725 - Knowledge - ERROR - Timeout processing /app/data/T0002/186205/b6634e0/SQLPage-186205/src/filesystem.rs after 90s
2025-12-12 12:51:53,775 - Knowledge - ERROR - Timeout processing /app/data/T0002/186205/b6634e0/SQLPage-186205/src/template_helpers.rs after 90s
2025-12-12 12:51:53,959 - Knowledge - INFO - process ingested knowledge for /app/data/T0002/186205/b6634e0/SQLPage-186205/examples/mysql json handling/survey.sql
2025-12-12 12:51:54,375 - Knowledge - INFO - process ingested knowledge for /app/data/T0002/186205/b6634e0/SQLPage-186205/tests/requests/request_body_test.sql
2025-12-12 12:51:54,441 - Knowledge - INFO - process ingested knowledge for /app/data/T0002/186205/b6634e0/SQLPage-186205/examples/corporate-conundrum/game-over.sql
2025-12-12 12:51:54,493 - Knowledge - INFO - process ingested knowledge for /app/data/T0002/186205/b6634e0/SQLPage-186205/examples/sending emails/README.md
2025-12-12 12:51:54,507 - Knowledge - INFO - process ingested knowledge for /app/data/T0002/186205/b6634e0/SQLPage-186205/examples/official-site/manual_setup.sql
2025-12-12 12:51:55,618 - Knowledge - INFO - process ingested knowledge for /app/data/T0002/186205/b6634e0/SQLPage-186205/examples/web servers - apache/README.md
2025-12-12 12:51:55,828 - Knowledge - INFO - process ingested knowledge for /app/data/T0002/186205/b6634e0/SQLPage-186205/tests/requests/request_body_base64_test.sql
2025-12-12 12:51:55,864 - Knowledge - ERROR - Timeout processing /app/data/T0002/186205/b6634e0/SQLPage-186205/src/webserver/oidc.rs after 90s
2025-12-12 12:51:56,142 - Knowledge - INFO - [kw5] Queue=116, InProgress=0, PendingWorkers=20/20, Completed=411/611 (67.3%)
2025-12-12 12:51:56,144 - Knowledge - INFO - process ingested knowledge for /app/data/T0002/186205/b6634e0/SQLPage-186205/examples/corporate-conundrum/rules.sql
2025-12-12 12:51:56,144 - Knowledge - INFO - Batch sizing: calculated=12, max_allowed=25, queue=116, active_workers=20/20
2025-12-12 12:51:56,155 - Knowledge - INFO - process ingested knowledge for /app/data/T0002/186205/b6634e0/SQLPage-186205/examples/SQLPage developer user interface/sqlpage/sqlpage.json
2025-12-12 12:51:56,322 - Knowledge - INFO - [LLM_CALL] Completed: visual-identity.sql:chunk1, Duration: 8168ms, PromptTokens: 6082, CompletionTokens: 318, Cost: $0.00074
2025-12-12 12:51:56,325 - Knowledge - INFO - done ingest for /app/data/T0002/186205/b6634e0/SQLPage-186205/examples/official-site/visual-identity.sql
2025-12-12 12:51:56,535 - Knowledge - INFO - [LLM_CALL] Completed: 65_download.sql:chunk1, Duration: 8174ms, PromptTokens: 3324, CompletionTokens: 255, Cost: $0.00043
2025-12-12 12:51:56,538 - Knowledge - INFO - done ingest for /app/data/T0002/186205/b6634e0/SQLPage-186205/examples/official-site/sqlpage/migrations/65_download.sql
2025-12-12 12:51:56,729 - Knowledge - INFO - process ingested knowledge for /app/data/T0002/186205/b6634e0/SQLPage-186205/examples/mysql json handling/index.sql
2025-12-12 12:51:56,739 - Knowledge - INFO - process ingested knowledge for /app/data/T0002/186205/b6634e0/SQLPage-186205/examples/web servers - apache/website/index.sql
2025-12-12 12:51:56,764 - Knowledge - INFO - [LLM_CALL] Completed: component.sql:chunk1, Duration: 8804ms, PromptTokens: 3594, CompletionTokens: 276, Cost: $0.00047
2025-12-12 12:51:56,765 - Knowledge - INFO - done ingest for /app/data/T0002/186205/b6634e0/SQLPage-186205/examples/official-site/component.sql
2025-12-12 12:51:57,007 - Knowledge - INFO - process ingested knowledge for /app/data/T0002/186205/b6634e0/SQLPage-186205/examples/CRUD - Authentication/www/menu_test/dummy.sql
2025-12-12 12:51:57,008 - Knowledge - INFO - process ingested knowledge for /app/data/T0002/186205/b6634e0/SQLPage-186205/examples/official-site/extensions-to-sql.md
2025-12-12 12:51:57,008 - Knowledge - INFO - Async storing batch of 20 embeddings
2025-12-12 12:51:57,011 - Knowledge - INFO - Worker kw5 processing /app/data/T0002/186205/b6634e0/SQLPage-186205/examples/official-site/sqlpage/migrations/27_protocol.sql
2025-12-12 12:51:57,015 - Knowledge - INFO - Fast-tracked /app/data/T0002/186205/b6634e0/SQLPage-186205/examples/official-site/sqlpage/migrations/27_protocol.sql (ext=.sql, size=718)
2025-12-12 12:51:57,016 - Knowledge - INFO - Worker kw5 processing /app/data/T0002/186205/b6634e0/SQLPage-186205/examples/official-site/sqlpage/migrations/09_redirect.sql
2025-12-12 12:51:57,018 - Knowledge - INFO - Worker kw5 processing /app/data/T0002/186205/b6634e0/SQLPage-186205/examples/official-site/sqlpage/migrations/01_documentation.sql
2025-12-12 12:51:57,020 - Knowledge - INFO - Worker kw5 processing /app/data/T0002/186205/b6634e0/SQLPage-186205/examples/official-site/sqlpage/migrations/67_hmac_function.sql
2025-12-12 12:51:57,023 - Knowledge - INFO - Worker kw5 processing /app/data/T0002/186205/b6634e0/SQLPage-186205/examples/official-site/sqlpage/migrations/13_tab.sql
2025-12-12 12:51:57,026 - Knowledge - INFO - Worker kw5 processing /app/data/T0002/186205/b6634e0/SQLPage-186205/examples/official-site/sqlpage/migrations/12_blog.sql
2025-12-12 12:51:57,032 - Knowledge - INFO - Worker kw5 processing /app/data/T0002/186205/b6634e0/SQLPage-186205/examples/official-site/sqlpage/migrations/68_login.sql
2025-12-12 12:51:57,035 - Knowledge - INFO - Worker kw5 processing /app/data/T0002/186205/b6634e0/SQLPage-186205/examples/official-site/sqlpage/migrations/07_authentication.sql
2025-12-12 12:51:57,038 - Knowledge - INFO - Worker kw5 processing /app/data/T0002/186205/b6634e0/SQLPage-186205/examples/official-site/sqlpage/migrations/56_headers.sql
2025-12-12 12:51:57,041 - Knowledge - INFO - Fast-tracked /app/data/T0002/186205/b6634e0/SQLPage-186205/examples/official-site/sqlpage/migrations/56_headers.sql (ext=.sql, size=1049)
2025-12-12 12:51:57,041 - Knowledge - INFO - Worker kw5 processing /app/data/T0002/186205/b6634e0/SQLPage-186205/examples/official-site/sqlpage/migrations/49_big_number.sql
2025-12-12 12:51:57,045 - Knowledge - INFO - Worker kw5 processing /app/data/T0002/186205/b6634e0/SQLPage-186205/examples/official-site/sqlpage/migrations/05_cookie.sql
2025-12-12 12:51:57,047 - Knowledge - INFO - Worker kw5 processing /app/data/T0002/186205/b6634e0/SQLPage-186205/examples/official-site/sqlpage/migrations/38_run_sql.sql
2025-12-12 12:51:57,050 - Knowledge - INFO - Async storage completed for 20 embeddings
2025-12-12 12:51:57,053 - Knowledge - INFO - Fast-tracked /app/data/T0002/186205/b6634e0/SQLPage-186205/examples/official-site/sqlpage/migrations/09_redirect.sql (small file (2251 bytes))
2025-12-12 12:51:57,061 - Knowledge - INFO - Split /app/data/T0002/186205/b6634e0/SQLPage-186205/examples/official-site/sqlpage/migrations/01_documentation.sql (99321 bytes) into 4 chunks of ~32KB
2025-12-12 12:51:57,330 - Knowledge - INFO - [WEBSOCKET] Sent: Type=progress_update, Size: 291, Duration: 0ms
2025-12-12 12:51:57,340 - Knowledge - INFO - [WEBSOCKET] Sent: Type=unknown, Size: ?, Duration: 4ms
2025-12-12 12:51:57,340 - Knowledge - INFO - Progress: 69.2% | Files: 423/611 | Rate: 3.12 files/sec | Queue: 104
2025-12-12 12:51:57,427 - Knowledge - INFO - process ingested knowledge for /app/data/T0002/186205/b6634e0/SQLPage-186205/examples/corporate-conundrum/sqlpage/migrations/00_base_structure.sql
2025-12-12 12:51:57,428 - Knowledge - INFO - process ingested knowledge for /app/data/T0002/186205/b6634e0/SQLPage-186205/examples/SQLPage developer user interface/sqlpage/migrations/0000_create_sqlpage_files_table.sql
2025-12-12 12:51:57,428 - Knowledge - INFO - process ingested knowledge for /app/data/T0002/186205/b6634e0/SQLPage-186205/examples/official-site/component_not_found.sql
2025-12-12 12:51:57,526 - Knowledge - INFO - Processing batch of 12 files
2025-12-12 12:51:57,526 - Knowledge - INFO - process ingested knowledge for /app/data/T0002/186205/b6634e0/SQLPage-186205/examples/cards-with-remote-content/index.sql
2025-12-12 12:51:57,527 - Knowledge - INFO - process ingested knowledge for /app/data/T0002/186205/b6634e0/SQLPage-186205/examples/cards-with-remote-content/chart-example.sql
2025-12-12 12:51:57,552 - Knowledge - WARNING - File /app/data/T0002/186205/b6634e0/SQLPage-186205/src/webserver/oidc.rs not successfully processed
2025-12-12 12:51:57,661 - Knowledge - INFO - [kw13] Queue=104, InProgress=0, PendingWorkers=20/20, Completed=429/611 (70.2%)
2025-12-12 12:51:57,664 - Knowledge - INFO - Batch sizing: calculated=12, max_allowed=25, queue=104, active_workers=20/20
2025-12-12 12:51:57,763 - Knowledge - INFO - process ingested knowledge for /app/data/T0002/186205/b6634e0/SQLPage-186205/examples/corporate-conundrum/sqlpage/migrations/01_questions.sql
2025-12-12 12:51:57,852 - Knowledge - INFO - process ingested knowledge for /app/data/T0002/186205/b6634e0/SQLPage-186205/examples/official-site/blog.sql
2025-12-12 12:51:57,975 - Knowledge - INFO - process ingested knowledge for /app/data/T0002/186205/b6634e0/SQLPage-186205/examples/CRUD - Authentication/www/menu_test/dummy_menu.sql
2025-12-12 12:51:58,136 - Knowledge - INFO - process ingested knowledge for /app/data/T0002/186205/b6634e0/SQLPage-186205/examples/corporate-conundrum/README.md
2025-12-12 12:51:58,688 - Knowledge - INFO - process ingested knowledge for /app/data/T0002/186205/b6634e0/SQLPage-186205/examples/cards-with-remote-content/map-example.sql
2025-12-12 12:51:58,956 - Knowledge - INFO - [LLM_CALL] Completed: 49_big_number.sql:chunk1, Duration: 1821ms, PromptTokens: 2748, CompletionTokens: 59, Cost: $0.00030
2025-12-12 12:51:58,956 - Knowledge - INFO - done ingest for /app/data/T0002/186205/b6634e0/SQLPage-186205/examples/official-site/sqlpage/migrations/49_big_number.sql
2025-12-12 12:51:58,962 - Knowledge - INFO - process ingested knowledge for /app/data/T0002/186205/b6634e0/SQLPage-186205/examples/official-site/index-old.sql
2025-12-12 12:51:58,985 - Knowledge - INFO - [kw9] Queue=104, InProgress=0, PendingWorkers=20/20, Completed=437/611 (71.5%)
2025-12-12 12:51:58,986 - Knowledge - INFO - Batch sizing: calculated=12, max_allowed=25, queue=104, active_workers=20/20
2025-12-12 12:51:58,992 - Knowledge - INFO - Processing batch of 12 files
2025-12-12 12:51:58,993 - Knowledge - INFO - process ingested knowledge for /app/data/T0002/186205/b6634e0/SQLPage-186205/examples/CRUD - Authentication/www/menu_test/menu_code.sql
2025-12-12 12:51:58,993 - Knowledge - INFO - process ingested knowledge for /app/data/T0002/186205/b6634e0/SQLPage-186205/examples/official-site/custom_components.sql
2025-12-12 12:51:59,151 - Knowledge - INFO - [LLM_CALL] Completed: 01_documentation.sql:chunk1, Duration: 2086ms, PromptTokens: 16840, CompletionTokens: 59, Cost: $0.00171
2025-12-12 12:51:59,176 - Knowledge - INFO - process ingested knowledge for /app/data/T0002/186205/b6634e0/SQLPage-186205/examples/corporate-conundrum/wait.sql
2025-12-12 12:51:59,753 - Knowledge - INFO - process ingested knowledge for /app/data/T0002/186205/b6634e0/SQLPage-186205/examples/cards-with-remote-content/README.md
2025-12-12 12:51:59,840 - Knowledge - INFO - [LLM_CALL] Completed: 05_cookie.sql:chunk1, Duration: 2690ms, PromptTokens: 2528, CompletionTokens: 148, Cost: $0.00031
2025-12-12 12:51:59,841 - Knowledge - INFO - done ingest for /app/data/T0002/186205/b6634e0/SQLPage-186205/examples/official-site/sqlpage/migrations/05_cookie.sql
2025-12-12 12:52:00,148 - Knowledge - INFO - [LLM_CALL] Completed: 13_tab.sql:chunk1, Duration: 3057ms, PromptTokens: 2862, CompletionTokens: 141, Cost: $0.00034
2025-12-12 12:52:00,151 - Knowledge - INFO - done ingest for /app/data/T0002/186205/b6634e0/SQLPage-186205/examples/official-site/sqlpage/migrations/13_tab.sql
2025-12-12 12:52:00,194 - Knowledge - INFO - process ingested knowledge for /app/data/T0002/186205/b6634e0/SQLPage-186205/examples/official-site/safety.sql
2025-12-12 12:52:00,200 - Knowledge - INFO - Async storing batch of 15 embeddings
2025-12-12 12:52:00,201 - Knowledge - INFO - process ingested knowledge for /app/data/T0002/186205/b6634e0/SQLPage-186205/examples/SQLPage developer user interface/sqlpage/migrations/00001_table_contents.sql
2025-12-12 12:52:00,205 - Knowledge - INFO - process ingested knowledge for /app/data/T0002/186205/b6634e0/SQLPage-186205/examples/CRUD - Authentication/www/menu_test/menu_demo.sql
2025-12-12 12:52:00,262 - Knowledge - INFO - Worker kw13 processing /app/data/T0002/186205/b6634e0/SQLPage-186205/examples/official-site/sqlpage/migrations/10_map.sql
2025-12-12 12:52:00,322 - Knowledge - INFO - Worker kw13 processing /app/data/T0002/186205/b6634e0/SQLPage-186205/examples/official-site/sqlpage/migrations/46_html.sql
2025-12-12 12:52:00,337 - Knowledge - INFO - Worker kw13 processing /app/data/T0002/186205/b6634e0/SQLPage-186205/examples/official-site/sqlpage/migrations/24_read_file_as_data_url.sql
2025-12-12 12:52:00,375 - Knowledge - INFO - Worker kw13 processing /app/data/T0002/186205/b6634e0/SQLPage-186205/examples/official-site/sqlpage/migrations/28_tracking_component.sql
2025-12-12 12:52:00,413 - Knowledge - INFO - Worker kw13 processing /app/data/T0002/186205/b6634e0/SQLPage-186205/examples/official-site/sqlpage/migrations/34_carousel.sql
2025-12-12 12:52:00,428 - Knowledge - INFO - Worker kw13 processing /app/data/T0002/186205/b6634e0/SQLPage-186205/examples/official-site/sqlpage/migrations/18_button.sql
2025-12-12 12:52:00,447 - Knowledge - INFO - Worker kw13 processing /app/data/T0002/186205/b6634e0/SQLPage-186205/examples/official-site/sqlpage/migrations/71_blog_pagination.sql
2025-12-12 12:52:00,497 - Knowledge - INFO - Worker kw13 processing /app/data/T0002/186205/b6634e0/SQLPage-186205/examples/official-site/sqlpage/migrations/60_empty_state.sql
2025-12-12 12:52:00,522 - Knowledge - INFO - Worker kw13 processing /app/data/T0002/186205/b6634e0/SQLPage-186205/examples/official-site/sqlpage/migrations/64_blog_routing.sql
2025-12-12 12:52:00,538 - Knowledge - INFO - Worker kw13 processing /app/data/T0002/186205/b6634e0/SQLPage-186205/examples/official-site/sqlpage/migrations/06_debug.sql
2025-12-12 12:52:00,575 - Knowledge - INFO - Fast-tracked /app/data/T0002/186205/b6634e0/SQLPage-186205/examples/official-site/sqlpage/migrations/06_debug.sql (ext=.sql, size=1113)
2025-12-12 12:52:00,581 - Knowledge - INFO - Worker kw13 processing /app/data/T0002/186205/b6634e0/SQLPage-186205/examples/official-site/sqlpage/migrations/59_unsafe_contents_md.sql
2025-12-12 12:52:00,631 - Knowledge - INFO - Fast-tracked /app/data/T0002/186205/b6634e0/SQLPage-186205/examples/official-site/sqlpage/migrations/59_unsafe_contents_md.sql (ext=.sql, size=488)
2025-12-12 12:52:00,633 - Knowledge - INFO - Worker kw13 processing /app/data/T0002/186205/b6634e0/SQLPage-186205/examples/official-site/sqlpage/migrations/03_alert_component.sql
2025-12-12 12:52:00,931 - Knowledge - INFO - Fast-tracked /app/data/T0002/186205/b6634e0/SQLPage-186205/examples/official-site/sqlpage/migrations/24_read_file_as_data_url.sql (small file (2393 bytes))
2025-12-12 12:52:01,236 - Knowledge - INFO - process ingested knowledge for /app/data/T0002/186205/b6634e0/SQLPage-186205/examples/cards-with-remote-content/table-example.sql
2025-12-12 12:52:01,394 - Knowledge - INFO - [LLM_CALL] Completed: 38_run_sql.sql:chunk1, Duration: 4216ms, PromptTokens: 2312, CompletionTokens: 201, Cost: $0.00031
2025-12-12 12:52:01,394 - Knowledge - INFO - done ingest for /app/data/T0002/186205/b6634e0/SQLPage-186205/examples/official-site/sqlpage/migrations/38_run_sql.sql
2025-12-12 12:52:01,407 - Knowledge - INFO - Fast-tracked /app/data/T0002/186205/b6634e0/SQLPage-186205/examples/official-site/sqlpage/migrations/60_empty_state.sql (small file (2838 bytes))
2025-12-12 12:52:01,453 - Knowledge - INFO - Fast-tracked /app/data/T0002/186205/b6634e0/SQLPage-186205/examples/official-site/sqlpage/migrations/64_blog_routing.sql (small file (2636 bytes))
2025-12-12 12:52:01,545 - Knowledge - INFO - process ingested knowledge for /app/data/T0002/186205/b6634e0/SQLPage-186205/examples/official-site/pricing.sql
2025-12-12 12:52:01,564 - Knowledge - INFO - Async storage completed for 15 embeddings
2025-12-12 12:52:01,735 - Knowledge - INFO - [LLM_CALL] Completed: 12_blog.sql:chunk1, Duration: 4633ms, PromptTokens: 4374, CompletionTokens: 297, Cost: $0.00056
2025-12-12 12:52:01,735 - Knowledge - INFO - done ingest for /app/data/T0002/186205/b6634e0/SQLPage-186205/examples/official-site/sqlpage/migrations/12_blog.sql
2025-12-12 12:52:01,843 - Knowledge - INFO - process ingested knowledge for /app/data/T0002/186205/b6634e0/SQLPage-186205/examples/SQLPage developer user interface/README.md
2025-12-12 12:52:01,858 - Knowledge - INFO - process ingested knowledge for /app/data/T0002/186205/b6634e0/SQLPage-186205/examples/CRUD - Authentication/www/currencies_list.sql
2025-12-12 12:52:01,896 - Knowledge - WARNING - File /app/data/T0002/186205/b6634e0/SQLPage-186205/src/filesystem.rs not successfully processed
2025-12-12 12:52:02,267 - Knowledge - INFO - [LLM_CALL] Completed: 01_documentation.sql:chunk2, Duration: 3108ms, PromptTokens: 17772, CompletionTokens: 64, Cost: $0.00180
2025-12-12 12:52:02,536 - Knowledge - INFO - [LLM_CALL] Completed: 68_login.sql:chunk1, Duration: 5420ms, PromptTokens: 3112, CompletionTokens: 183, Cost: $0.00038
2025-12-12 12:52:02,537 - Knowledge - INFO - done ingest for /app/data/T0002/186205/b6634e0/SQLPage-186205/examples/official-site/sqlpage/migrations/68_login.sql
2025-12-12 12:52:02,878 - Knowledge - INFO - [LLM_CALL] Completed: 07_authentication.sql:chunk1, Duration: 5751ms, PromptTokens: 4388, CompletionTokens: 300, Cost: $0.00056
2025-12-12 12:52:02,884 - Knowledge - INFO - done ingest for /app/data/T0002/186205/b6634e0/SQLPage-186205/examples/official-site/sqlpage/migrations/07_authentication.sql
2025-12-12 12:52:02,930 - Knowledge - INFO - Async storing batch of 20 embeddings
2025-12-12 12:52:02,932 - Knowledge - INFO - process ingested knowledge for /app/data/T0002/186205/b6634e0/SQLPage-186205/examples/plots tables and forms/index.sql
2025-12-12 12:52:02,936 - Knowledge - INFO - Worker kw9 processing /app/data/T0002/186205/b6634e0/SQLPage-186205/examples/official-site/sqlpage/migrations/45_blog_archeology.sql
2025-12-12 12:52:02,941 - Knowledge - INFO - process ingested knowledge for /app/data/T0002/186205/b6634e0/SQLPage-186205/examples/official-site/your-first-sql-website/documentation.sql
2025-12-12 12:52:02,941 - Knowledge - INFO - process ingested knowledge for /app/data/T0002/186205/b6634e0/SQLPage-186205/examples/official-site/404.sql
2025-12-12 12:52:02,944 - Knowledge - INFO - Worker kw9 processing /app/data/T0002/186205/b6634e0/SQLPage-186205/examples/official-site/sqlpage/migrations/25_read_file_as_text.sql
2025-12-12 12:52:02,983 - Knowledge - INFO - Fast-tracked /app/data/T0002/186205/b6634e0/SQLPage-186205/examples/official-site/sqlpage/migrations/25_read_file_as_text.sql (ext=.sql, size=1578)
2025-12-12 12:52:02,989 - Knowledge - INFO - Worker kw9 processing /app/data/T0002/186205/b6634e0/SQLPage-186205/examples/official-site/sqlpage/migrations/47_link.sql
2025-12-12 12:52:03,071 - Knowledge - INFO - Worker kw9 processing /app/data/T0002/186205/b6634e0/SQLPage-186205/examples/official-site/sqlpage/migrations/54_blog_bompard.sql
2025-12-12 12:52:03,090 - Knowledge - INFO - Worker kw9 processing /app/data/T0002/186205/b6634e0/SQLPage-186205/examples/official-site/sqlpage/migrations/08_functions.sql
2025-12-12 12:52:03,127 - Knowledge - INFO - Worker kw9 processing /app/data/T0002/186205/b6634e0/SQLPage-186205/examples/official-site/sqlpage/migrations/69_blog_performance_guide.sql
2025-12-12 12:52:03,148 - Knowledge - INFO - Worker kw9 processing /app/data/T0002/186205/b6634e0/SQLPage-186205/examples/official-site/sqlpage/migrations/70_pagination.sql
2025-12-12 12:52:03,174 - Knowledge - INFO - Worker kw9 processing /app/data/T0002/186205/b6634e0/SQLPage-186205/examples/official-site/sqlpage/migrations/999_fts_search_index.sql
2025-12-12 12:52:03,187 - Knowledge - INFO - Fast-tracked /app/data/T0002/186205/b6634e0/SQLPage-186205/examples/official-site/sqlpage/migrations/999_fts_search_index.sql (ext=.sql, size=1163)
2025-12-12 12:52:03,196 - Knowledge - INFO - Worker kw9 processing /app/data/T0002/186205/b6634e0/SQLPage-186205/examples/official-site/sqlpage/migrations/29_divider_component.sql
2025-12-12 12:52:03,239 - Knowledge - INFO - Worker kw9 processing /app/data/T0002/186205/b6634e0/SQLPage-186205/examples/official-site/sqlpage/migrations/51_column.sql
2025-12-12 12:52:03,245 - Knowledge - INFO - Worker kw9 processing /app/data/T0002/186205/b6634e0/SQLPage-186205/examples/official-site/sqlpage/migrations/26_v0.17_release.sql
2025-12-12 12:52:03,256 - Knowledge - INFO - Worker kw9 processing /app/data/T0002/186205/b6634e0/SQLPage-186205/examples/official-site/sqlpage/migrations/35_code_title.sql
2025-12-12 12:52:03,271 - Knowledge - INFO - [LLM_CALL] Completed: 67_hmac_function.sql:chunk1, Duration: 6192ms, PromptTokens: 3488, CompletionTokens: 314, Cost: $0.00047
2025-12-12 12:52:03,271 - Knowledge - INFO - Async storage completed for 20 embeddings
2025-12-12 12:52:03,274 - Knowledge - INFO - process ingested knowledge for /app/data/T0002/186205/b6634e0/SQLPage-186205/examples/CRUD - Authentication/www/currencies_item_form.sql
2025-12-12 12:52:03,274 - Knowledge - INFO - done ingest for /app/data/T0002/186205/b6634e0/SQLPage-186205/examples/official-site/sqlpage/migrations/67_hmac_function.sql
2025-12-12 12:52:03,422 - Knowledge - INFO - Fast-tracked /app/data/T0002/186205/b6634e0/SQLPage-186205/examples/official-site/sqlpage/migrations/47_link.sql (small file (2459 bytes))
2025-12-12 12:52:03,790 - Knowledge - INFO - [LLM_CALL] Completed: 71_blog_pagination.sql:chunk1, Duration: 2463ms, PromptTokens: 4060, CompletionTokens: 59, Cost: $0.00043
2025-12-12 12:52:03,794 - Knowledge - INFO - done ingest for /app/data/T0002/186205/b6634e0/SQLPage-186205/examples/official-site/sqlpage/migrations/71_blog_pagination.sql
2025-12-12 12:52:03,952 - Knowledge - INFO - [LLM_CALL] Completed: 28_tracking_component.sql:chunk1, Duration: 2973ms, PromptTokens: 2082, CompletionTokens: 59, Cost: $0.00023
2025-12-12 12:52:03,955 - Knowledge - INFO - done ingest for /app/data/T0002/186205/b6634e0/SQLPage-186205/examples/official-site/sqlpage/migrations/28_tracking_component.sql
2025-12-12 12:52:04,531 - Knowledge - INFO - [LLM_CALL] Completed: 03_alert_component.sql:chunk1, Duration: 2999ms, PromptTokens: 2862, CompletionTokens: 120, Cost: $0.00033
2025-12-12 12:52:04,566 - Knowledge - INFO - done ingest for /app/data/T0002/186205/b6634e0/SQLPage-186205/examples/official-site/sqlpage/migrations/03_alert_component.sql
2025-12-12 12:52:04,642 - Knowledge - INFO - process ingested knowledge for /app/data/T0002/186205/b6634e0/SQLPage-186205/examples/plots tables and forms/README.md
2025-12-12 12:52:04,941 - Knowledge - INFO - process ingested knowledge for /app/data/T0002/186205/b6634e0/SQLPage-186205/examples/official-site/index.sql
2025-12-12 12:52:04,945 - Knowledge - INFO - Processing batch of 12 files
2025-12-12 12:52:04,945 - Knowledge - INFO - process ingested knowledge for /app/data/T0002/186205/b6634e0/SQLPage-186205/examples/official-site/your-first-sql-website/tutorial-install-windows.md
2025-12-12 12:52:04,946 - Knowledge - INFO - process ingested knowledge for /app/data/T0002/186205/b6634e0/SQLPage-186205/examples/CRUD - Authentication/www/intro.sql
2025-12-12 12:52:05,169 - Knowledge - INFO - [LLM_CALL] Completed: 18_button.sql:chunk1, Duration: 3928ms, PromptTokens: 4542, CompletionTokens: 140, Cost: $0.00051
2025-12-12 12:52:05,170 - Knowledge - INFO - done ingest for /app/data/T0002/186205/b6634e0/SQLPage-186205/examples/official-site/sqlpage/migrations/18_button.sql
2025-12-12 12:52:05,477 - Knowledge - INFO - [LLM_CALL] Completed: 34_carousel.sql:chunk1, Duration: 4387ms, PromptTokens: 2872, CompletionTokens: 130, Cost: $0.00034
2025-12-12 12:52:05,482 - Knowledge - INFO - done ingest for /app/data/T0002/186205/b6634e0/SQLPage-186205/examples/official-site/sqlpage/migrations/34_carousel.sql
2025-12-12 12:52:05,599 - Knowledge - INFO - [LLM_CALL] Completed: 01_documentation.sql:chunk3, Duration: 3329ms, PromptTokens: 16580, CompletionTokens: 64, Cost: $0.00168
2025-12-12 12:52:05,767 - Knowledge - INFO - [LLM_CALL] Completed: 10_map.sql:chunk1, Duration: 5007ms, PromptTokens: 5290, CompletionTokens: 179, Cost: $0.00060
2025-12-12 12:52:05,774 - Knowledge - INFO - done ingest for /app/data/T0002/186205/b6634e0/SQLPage-186205/examples/official-site/sqlpage/migrations/10_map.sql
2025-12-12 12:52:05,952 - Knowledge - INFO - process ingested knowledge for /app/data/T0002/186205/b6634e0/SQLPage-186205/examples/official-site/colors.sql
2025-12-12 12:52:05,957 - Knowledge - INFO - process ingested knowledge for /app/data/T0002/186205/b6634e0/SQLPage-186205/examples/official-site/your-first-sql-website/migrations.md
2025-12-12 12:52:05,959 - Knowledge - INFO - process ingested knowledge for /app/data/T0002/186205/b6634e0/SQLPage-186205/examples/official-site/rss.sql
2025-12-12 12:52:05,961 - Knowledge - INFO - process ingested knowledge for /app/data/T0002/186205/b6634e0/SQLPage-186205/examples/official-site/component.sql
2025-12-12 12:52:06,240 - Knowledge - INFO - [LLM_CALL] Completed: 46_html.sql:chunk1, Duration: 5387ms, PromptTokens: 2446, CompletionTokens: 172, Cost: $0.00031
2025-12-12 12:52:06,240 - Knowledge - INFO - done ingest for /app/data/T0002/186205/b6634e0/SQLPage-186205/examples/official-site/sqlpage/migrations/46_html.sql
2025-12-12 12:52:06,634 - Knowledge - WARNING - File /app/data/T0002/186205/b6634e0/SQLPage-186205/src/webserver/http.rs not successfully processed
2025-12-12 12:52:06,637 - Knowledge - INFO - [LLM_CALL] Completed: 35_code_title.sql:chunk1, Duration: 2224ms, PromptTokens: 2312, CompletionTokens: 59, Cost: $0.00025
2025-12-12 12:52:06,639 - Knowledge - INFO - done ingest for /app/data/T0002/186205/b6634e0/SQLPage-186205/examples/official-site/sqlpage/migrations/35_code_title.sql
2025-12-12 12:52:06,909 - Knowledge - INFO - [LLM_CALL] Completed: 69_blog_performance_guide.sql:chunk1, Duration: 3123ms, PromptTokens: 6646, CompletionTokens: 59, Cost: $0.00069
2025-12-12 12:52:06,909 - Knowledge - INFO - done ingest for /app/data/T0002/186205/b6634e0/SQLPage-186205/examples/official-site/sqlpage/migrations/69_blog_performance_guide.sql
2025-12-12 12:52:06,962 - Knowledge - INFO - [LLM_CALL] Completed: 01_documentation.sql:chunk4, Duration: 1359ms, PromptTokens: 2314, CompletionTokens: 64, Cost: $0.00026
2025-12-12 12:52:06,962 - Knowledge - INFO - done ingest for /app/data/T0002/186205/b6634e0/SQLPage-186205/examples/official-site/sqlpage/migrations/01_documentation.sql
2025-12-12 12:52:07,583 - Knowledge - INFO - [LLM_CALL] Completed: 45_blog_archeology.sql:chunk1, Duration: 4297ms, PromptTokens: 11066, CompletionTokens: 59, Cost: $0.00113
2025-12-12 12:52:07,586 - Knowledge - INFO - done ingest for /app/data/T0002/186205/b6634e0/SQLPage-186205/examples/official-site/sqlpage/migrations/45_blog_archeology.sql
2025-12-12 12:52:07,922 - Knowledge - INFO - process ingested knowledge for /app/data/T0002/186205/b6634e0/SQLPage-186205/examples/official-site/performance.sql
2025-12-12 12:52:07,923 - Knowledge - INFO - process ingested knowledge for /app/data/T0002/186205/b6634e0/SQLPage-186205/examples/official-site/documentation.sql
2025-12-12 12:52:07,923 - Knowledge - INFO - process ingested knowledge for /app/data/T0002/186205/b6634e0/SQLPage-186205/examples/official-site/llms.txt.sql
2025-12-12 12:52:07,924 - Knowledge - INFO - process ingested knowledge for /app/data/T0002/186205/b6634e0/SQLPage-186205/examples/official-site/visual-identity.sql
2025-12-12 12:52:07,935 - Knowledge - INFO - [LLM_CALL] Completed: 29_divider_component.sql:chunk1, Duration: 3888ms, PromptTokens: 2112, CompletionTokens: 135, Cost: $0.00027
2025-12-12 12:52:07,937 - Knowledge - INFO - done ingest for /app/data/T0002/186205/b6634e0/SQLPage-186205/examples/official-site/sqlpage/migrations/29_divider_component.sql
2025-12-12 12:52:08,683 - Knowledge - INFO - [LLM_CALL] Completed: 51_column.sql:chunk1, Duration: 4491ms, PromptTokens: 3118, CompletionTokens: 150, Cost: $0.00037
2025-12-12 12:52:08,693 - Knowledge - INFO - done ingest for /app/data/T0002/186205/b6634e0/SQLPage-186205/examples/official-site/sqlpage/migrations/51_column.sql
2025-12-12 12:52:08,827 - Knowledge - INFO - [LLM_CALL] Completed: 26_v0.17_release.sql:chunk1, Duration: 4543ms, PromptTokens: 5270, CompletionTokens: 59, Cost: $0.00055
2025-12-12 12:52:08,830 - Knowledge - INFO - done ingest for /app/data/T0002/186205/b6634e0/SQLPage-186205/examples/official-site/sqlpage/migrations/26_v0.17_release.sql
2025-12-12 12:52:08,927 - Knowledge - INFO - [LLM_CALL] Completed: 54_blog_bompard.sql:chunk1, Duration: 5448ms, PromptTokens: 5156, CompletionTokens: 111, Cost: $0.00056
2025-12-12 12:52:08,929 - Knowledge - INFO - done ingest for /app/data/T0002/186205/b6634e0/SQLPage-186205/examples/official-site/sqlpage/migrations/54_blog_bompard.sql
2025-12-12 12:52:09,005 - Knowledge - INFO - [LLM_CALL] Completed: 70_pagination.sql:chunk1, Duration: 5072ms, PromptTokens: 4732, CompletionTokens: 198, Cost: $0.00055
2025-12-12 12:52:09,010 - Knowledge - INFO - done ingest for /app/data/T0002/186205/b6634e0/SQLPage-186205/examples/official-site/sqlpage/migrations/70_pagination.sql
2025-12-12 12:52:09,248 - Knowledge - INFO - [WEBSOCKET] Sent: Type=progress_update, Size: 273, Duration: 0ms
2025-12-12 12:52:09,249 - Knowledge - INFO - process ingested knowledge for /app/data/T0002/186205/b6634e0/SQLPage-186205/examples/official-site/search.sql
2025-12-12 12:52:09,255 - Knowledge - INFO - process ingested knowledge for /app/data/T0002/186205/b6634e0/SQLPage-186205/examples/official-site/get started.sql
2025-12-12 12:52:09,256 - Knowledge - INFO - [WEBSOCKET] Sent: Type=unknown, Size: ?, Duration: 8ms
2025-12-12 12:52:09,270 - Knowledge - INFO - Progress: 75.8% | Files: 463/611 | Rate: 3.17 files/sec | Queue: 80
2025-12-12 12:52:09,961 - Knowledge - INFO - process ingested knowledge for /app/data/T0002/186205/b6634e0/SQLPage-186205/examples/official-site/your-first-sql-website/tutorial-install-any.md
2025-12-12 12:52:09,962 - Knowledge - INFO - process ingested knowledge for /app/data/T0002/186205/b6634e0/SQLPage-186205/examples/official-site/sso/index.sql
2025-12-12 12:52:10,148 - Knowledge - INFO - [LLM_CALL] Completed: 08_functions.sql:chunk1, Duration: 6518ms, PromptTokens: 6074, CompletionTokens: 427, Cost: $0.00078
2025-12-12 12:52:10,154 - Knowledge - INFO - done ingest for /app/data/T0002/186205/b6634e0/SQLPage-186205/examples/official-site/sqlpage/migrations/08_functions.sql
2025-12-12 12:52:10,182 - Knowledge - WARNING - File /app/data/T0002/186205/b6634e0/SQLPage-186205/src/template_helpers.rs not successfully processed
2025-12-12 12:52:10,685 - Knowledge - INFO - process ingested knowledge for /app/data/T0002/186205/b6634e0/SQLPage-186205/examples/CRUD - Authentication/www/index.sql
2025-12-12 12:52:10,686 - Knowledge - INFO - process ingested knowledge for /app/data/T0002/186205/b6634e0/SQLPage-186205/examples/official-site/your-first-sql-website/nginx.sql
2025-12-12 12:52:10,687 - Knowledge - INFO - [kw10] Queue=80, InProgress=0, PendingWorkers=20/20, Completed=474/611 (77.6%)
2025-12-12 12:52:10,697 - Knowledge - INFO - Batch sizing: calculated=10, max_allowed=25, queue=80, active_workers=20/20
2025-12-12 12:52:10,892 - Knowledge - INFO - [kw16] Queue=80, InProgress=0, PendingWorkers=20/20, Completed=478/611 (78.2%)
2025-12-12 12:52:10,892 - Knowledge - INFO - Batch sizing: calculated=10, max_allowed=25, queue=80, active_workers=20/20
2025-12-12 12:52:11,301 - Knowledge - INFO - process ingested knowledge for /app/data/T0002/186205/b6634e0/SQLPage-186205/examples/official-site/sso/single_sign_on.md
2025-12-12 12:52:11,440 - Knowledge - INFO - process ingested knowledge for /app/data/T0002/186205/b6634e0/SQLPage-186205/examples/CRUD - Authentication/www/footer_debug_post-get-set.sql
2025-12-12 12:52:11,442 - Knowledge - INFO - Async storing batch of 15 embeddings
2025-12-12 12:52:11,443 - Knowledge - INFO - Worker kw10 processing /app/data/T0002/186205/b6634e0/SQLPage-186205/examples/official-site/sqlpage/migrations/04_http_header.sql
2025-12-12 12:52:11,447 - Knowledge - INFO - Worker kw10 processing /app/data/T0002/186205/b6634e0/SQLPage-186205/examples/official-site/sqlpage/migrations/11_json.sql
2025-12-12 12:52:11,452 - Knowledge - INFO - Worker kw10 processing /app/data/T0002/186205/b6634e0/SQLPage-186205/examples/official-site/sqlpage/migrations/30_breadcrumb_component.sql
2025-12-12 12:52:11,454 - Knowledge - INFO - Worker kw10 processing /app/data/T0002/186205/b6634e0/SQLPage-186205/examples/official-site/sqlpage/migrations/33_blog_v018.sql
2025-12-12 12:52:11,457 - Knowledge - INFO - Worker kw10 processing /app/data/T0002/186205/b6634e0/SQLPage-186205/examples/official-site/sqlpage/migrations/31_card_docs_update.sql
2025-12-12 12:52:11,459 - Knowledge - INFO - Worker kw10 processing /app/data/T0002/186205/b6634e0/SQLPage-186205/examples/official-site/sqlpage/migrations/58_fetch_with_meta.sql
2025-12-12 12:52:11,465 - Knowledge - INFO - Worker kw10 processing /app/data/T0002/186205/b6634e0/SQLPage-186205/examples/official-site/sqlpage/migrations/66_log_component.sql
2025-12-12 12:52:11,468 - Knowledge - INFO - Fast-tracked /app/data/T0002/186205/b6634e0/SQLPage-186205/examples/official-site/sqlpage/migrations/66_log_component.sql (ext=.sql, size=1965)
2025-12-12 12:52:11,469 - Knowledge - INFO - Worker kw10 processing /app/data/T0002/186205/b6634e0/SQLPage-186205/examples/official-site/sqlpage/migrations/43_request_method.sql
2025-12-12 12:52:11,471 - Knowledge - INFO - Fast-tracked /app/data/T0002/186205/b6634e0/SQLPage-186205/examples/official-site/sqlpage/migrations/43_request_method.sql (ext=.sql, size=1236)
2025-12-12 12:52:11,472 - Knowledge - INFO - Worker kw10 processing /app/data/T0002/186205/b6634e0/SQLPage-186205/examples/official-site/sqlpage/migrations/62_example_cards.sql
2025-12-12 12:52:11,474 - Knowledge - INFO - Worker kw10 processing /app/data/T0002/186205/b6634e0/SQLPage-186205/examples/official-site/sqlpage/migrations/21_path.sql
2025-12-12 12:52:11,477 - Knowledge - INFO - Fast-tracked /app/data/T0002/186205/b6634e0/SQLPage-186205/examples/official-site/sqlpage/migrations/21_path.sql (ext=.sql, size=655)
2025-12-12 12:52:11,506 - Knowledge - INFO - Fast-tracked /app/data/T0002/186205/b6634e0/SQLPage-186205/examples/official-site/sqlpage/migrations/30_breadcrumb_component.sql (small file (2231 bytes))
2025-12-12 12:52:11,526 - Knowledge - INFO - Fast-tracked /app/data/T0002/186205/b6634e0/SQLPage-186205/examples/official-site/sqlpage/migrations/58_fetch_with_meta.sql (small file (2611 bytes))
2025-12-12 12:52:11,528 - Knowledge - INFO - Fast-tracked /app/data/T0002/186205/b6634e0/SQLPage-186205/examples/official-site/sqlpage/migrations/62_example_cards.sql (small file (2992 bytes))
2025-12-12 12:52:11,528 - Knowledge - INFO - Async storage completed for 15 embeddings
2025-12-12 12:52:11,923 - Knowledge - INFO - process ingested knowledge for /app/data/T0002/186205/b6634e0/SQLPage-186205/examples/official-site/pgconf/script.js
2025-12-12 12:52:12,014 - Knowledge - INFO - process ingested knowledge for /app/data/T0002/186205/b6634e0/SQLPage-186205/examples/CRUD - Authentication/www/header_shell_session.sql
2025-12-12 12:52:12,243 - Knowledge - INFO - Async storing batch of 15 embeddings
2025-12-12 12:52:12,246 - Knowledge - INFO - Worker kw16 processing /app/data/T0002/186205/b6634e0/SQLPage-186205/examples/official-site/sqlpage/migrations/42_blog_video.sql
2025-12-12 12:52:12,259 - Knowledge - INFO - Fast-tracked /app/data/T0002/186205/b6634e0/SQLPage-186205/examples/official-site/sqlpage/migrations/42_blog_video.sql (ext=.sql, size=1089)
2025-12-12 12:52:12,260 - Knowledge - INFO - Worker kw16 processing /app/data/T0002/186205/b6634e0/SQLPage-186205/examples/official-site/sqlpage/migrations/20_variables_function.sql
2025-12-12 12:52:12,267 - Knowledge - INFO - Worker kw16 processing /app/data/T0002/186205/b6634e0/SQLPage-186205/examples/official-site/sqlpage/migrations/52_foldable.sql
2025-12-12 12:52:12,275 - Knowledge - INFO - Worker kw16 processing /app/data/T0002/186205/b6634e0/SQLPage-186205/examples/official-site/sqlpage/migrations/55_request_body.sql
2025-12-12 12:52:12,290 - Knowledge - INFO - Worker kw16 processing /app/data/T0002/186205/b6634e0/SQLPage-186205/examples/official-site/sqlpage/migrations/99_shared_id_class_attributes.sql
2025-12-12 12:52:12,293 - Knowledge - INFO - Fast-tracked /app/data/T0002/186205/b6634e0/SQLPage-186205/examples/official-site/sqlpage/migrations/99_shared_id_class_attributes.sql (ext=.sql, size=1763)
2025-12-12 12:52:12,293 - Knowledge - INFO - Worker kw16 processing /app/data/T0002/186205/b6634e0/SQLPage-186205/examples/official-site/sqlpage/migrations/53_blog_pgconf2024.sql
2025-12-12 12:52:12,296 - Knowledge - INFO - Fast-tracked /app/data/T0002/186205/b6634e0/SQLPage-186205/examples/official-site/sqlpage/migrations/53_blog_pgconf2024.sql (ext=.sql, size=1278)
2025-12-12 12:52:12,297 - Knowledge - INFO - Worker kw16 processing /app/data/T0002/186205/b6634e0/SQLPage-186205/examples/official-site/sqlpage/migrations/63_modal.sql
2025-12-12 12:52:12,300 - Knowledge - INFO - Worker kw16 processing /app/data/T0002/186205/b6634e0/SQLPage-186205/examples/official-site/sqlpage/migrations/14_sorry_i_forked.sql
2025-12-12 12:52:12,305 - Knowledge - INFO - Worker kw16 processing /app/data/T0002/186205/b6634e0/SQLPage-186205/examples/official-site/sqlpage/migrations/61_oidc_functions.sql
2025-12-12 12:52:12,308 - Knowledge - INFO - Worker kw16 processing /app/data/T0002/186205/b6634e0/SQLPage-186205/examples/official-site/sqlpage/migrations/40_fetch.sql
2025-12-12 12:52:12,405 - Knowledge - INFO - Async storage completed for 15 embeddings
2025-12-12 12:52:12,760 - Knowledge - INFO - process ingested knowledge for /app/data/T0002/186205/b6634e0/SQLPage-186205/examples/official-site/your-first-sql-website/index.sql
2025-12-12 12:52:12,761 - Knowledge - INFO - process ingested knowledge for /app/data/T0002/186205/b6634e0/SQLPage-186205/examples/official-site/pgconf/pgconf-2023.html
2025-12-12 12:52:12,770 - Knowledge - INFO - process ingested knowledge for /app/data/T0002/186205/b6634e0/SQLPage-186205/examples/CRUD - Authentication/www/css/style.css
2025-12-12 12:52:13,087 - Knowledge - INFO - Processing batch of 12 files
2025-12-12 12:52:13,087 - Knowledge - INFO - process ingested knowledge for /app/data/T0002/186205/b6634e0/SQLPage-186205/examples/official-site/sqlpage/migrations/27_protocol.sql
2025-12-12 12:52:13,574 - Knowledge - INFO - process ingested knowledge for /app/data/T0002/186205/b6634e0/SQLPage-186205/examples/official-site/your-first-sql-website/custom_urls.sql
2025-12-12 12:52:13,835 - Knowledge - INFO - process ingested knowledge for /app/data/T0002/186205/b6634e0/SQLPage-186205/examples/CRUD - Authentication/www/css/prism-tabler-theme.css
2025-12-12 12:52:14,077 - Knowledge - INFO - [LLM_CALL] Completed: 33_blog_v018.sql:chunk1, Duration: 2567ms, PromptTokens: 2296, CompletionTokens: 59, Cost: $0.00025
2025-12-12 12:52:14,078 - Knowledge - INFO - done ingest for /app/data/T0002/186205/b6634e0/SQLPage-186205/examples/official-site/sqlpage/migrations/33_blog_v018.sql
2025-12-12 12:52:14,361 - Knowledge - INFO - [LLM_CALL] Completed: 31_card_docs_update.sql:chunk1, Duration: 2844ms, PromptTokens: 4856, CompletionTokens: 159, Cost: $0.00055
2025-12-12 12:52:14,362 - Knowledge - INFO - done ingest for /app/data/T0002/186205/b6634e0/SQLPage-186205/examples/official-site/sqlpage/migrations/31_card_docs_update.sql
2025-12-12 12:52:14,608 - Knowledge - INFO - Processing batch of 18 files
2025-12-12 12:52:14,609 - Knowledge - INFO - process ingested knowledge for /app/data/T0002/186205/b6634e0/SQLPage-186205/scripts/setup-cross-compilation.sh
2025-12-12 12:52:14,891 - Knowledge - INFO - process ingested knowledge for /app/data/T0002/186205/b6634e0/SQLPage-186205/examples/official-site/sqlpage/migrations/09_redirect.sql
2025-12-12 12:52:14,909 - Knowledge - INFO - [WEBSOCKET] Sent: Type=progress_update, Size: 273, Duration: 0ms
2025-12-12 12:52:14,923 - Knowledge - INFO - [WEBSOCKET] Sent: Type=unknown, Size: ?, Duration: 14ms
2025-12-12 12:52:14,928 - Knowledge - INFO - Progress: 83.0% | Files: 507/611 | Rate: 3.33 files/sec | Queue: 60
2025-12-12 12:52:14,935 - Knowledge - INFO - [LLM_CALL] Completed: 04_http_header.sql:chunk1, Duration: 3456ms, PromptTokens: 2852, CompletionTokens: 148, Cost: $0.00034
2025-12-12 12:52:14,938 - Knowledge - INFO - done ingest for /app/data/T0002/186205/b6634e0/SQLPage-186205/examples/official-site/sqlpage/migrations/04_http_header.sql
2025-12-12 12:52:15,160 - Knowledge - INFO - process ingested knowledge for /app/data/T0002/186205/b6634e0/SQLPage-186205/examples/official-site/sqlpage/sqlpage.yaml
2025-12-12 12:52:15,444 - Knowledge - INFO - [LLM_CALL] Completed: 11_json.sql:chunk1, Duration: 3948ms, PromptTokens: 4046, CompletionTokens: 261, Cost: $0.00051
2025-12-12 12:52:15,463 - Knowledge - INFO - done ingest for /app/data/T0002/186205/b6634e0/SQLPage-186205/examples/official-site/sqlpage/migrations/11_json.sql
2025-12-12 12:52:15,943 - Knowledge - INFO - process ingested knowledge for /app/data/T0002/186205/b6634e0/SQLPage-186205/examples/CRUD - Authentication/www/create_session.sql
2025-12-12 12:52:16,466 - Knowledge - INFO - [LLM_CALL] Completed: 52_foldable.sql:chunk1, Duration: 4118ms, PromptTokens: 2288, CompletionTokens: 142, Cost: $0.00029
2025-12-12 12:52:16,475 - Knowledge - INFO - done ingest for /app/data/T0002/186205/b6634e0/SQLPage-186205/examples/official-site/sqlpage/migrations/52_foldable.sql
2025-12-12 12:52:16,781 - Knowledge - INFO - process ingested knowledge for /app/data/T0002/186205/b6634e0/SQLPage-186205/scripts/README.md
2025-12-12 12:52:16,959 - Knowledge - INFO - [LLM_CALL] Completed: 14_sorry_i_forked.sql:chunk1, Duration: 4580ms, PromptTokens: 3272, CompletionTokens: 214, Cost: $0.00041
2025-12-12 12:52:16,961 - Knowledge - INFO - done ingest for /app/data/T0002/186205/b6634e0/SQLPage-186205/examples/official-site/sqlpage/migrations/14_sorry_i_forked.sql
2025-12-12 12:52:16,988 - Knowledge - INFO - [kw11] Queue=60, InProgress=0, PendingWorkers=20/20, Completed=509/611 (83.3%)
2025-12-12 12:52:16,988 - Knowledge - INFO - Batch sizing: calculated=10, max_allowed=25, queue=60, active_workers=20/20
2025-12-12 12:52:17,023 - Knowledge - INFO - Async storing batch of 15 embeddings
2025-12-12 12:52:17,023 - Knowledge - INFO - process ingested knowledge for /app/data/T0002/186205/b6634e0/SQLPage-186205/examples/official-site/your-first-sql-website/hosted.sql
2025-12-12 12:52:17,046 - Knowledge - INFO - [LLM_CALL] Completed: 63_modal.sql:chunk1, Duration: 4674ms, PromptTokens: 2898, CompletionTokens: 137, Cost: $0.00034
2025-12-12 12:52:17,049 - Knowledge - INFO - Worker kw11 processing /app/data/T0002/186205/b6634e0/SQLPage-186205/examples/official-site/sqlpage/migrations/16_timeline.sql
2025-12-12 12:52:17,051 - Knowledge - INFO - done ingest for /app/data/T0002/186205/b6634e0/SQLPage-186205/examples/official-site/sqlpage/migrations/63_modal.sql
2025-12-12 12:52:17,070 - Knowledge - INFO - Worker kw11 processing /app/data/T0002/186205/b6634e0/SQLPage-186205/examples/official-site/sqlpage/migrations/22_pgconf_eu.sql
2025-12-12 12:52:17,080 - Knowledge - INFO - Fast-tracked /app/data/T0002/186205/b6634e0/SQLPage-186205/examples/official-site/sqlpage/migrations/22_pgconf_eu.sql (ext=.sql, size=1224)
2025-12-12 12:52:17,081 - Knowledge - INFO - Worker kw11 processing /app/data/T0002/186205/b6634e0/SQLPage-186205/examples/official-site/sqlpage/migrations/72_set_variable.sql
2025-12-12 12:52:17,086 - Knowledge - INFO - Fast-tracked /app/data/T0002/186205/b6634e0/SQLPage-186205/examples/official-site/sqlpage/migrations/72_set_variable.sql (ext=.sql, size=1699)
2025-12-12 12:52:17,086 - Knowledge - INFO - Worker kw11 processing /app/data/T0002/186205/b6634e0/SQLPage-186205/examples/official-site/sqlpage/migrations/48_status_code.sql
2025-12-12 12:52:17,141 - Knowledge - INFO - Fast-tracked /app/data/T0002/186205/b6634e0/SQLPage-186205/examples/official-site/sqlpage/migrations/48_status_code.sql (ext=.sql, size=1965)
2025-12-12 12:52:17,142 - Knowledge - INFO - Worker kw11 processing /app/data/T0002/186205/b6634e0/SQLPage-186205/examples/official-site/sqlpage/migrations/41_blog_performance.sql
2025-12-12 12:52:17,169 - Knowledge - INFO - Fast-tracked /app/data/T0002/186205/b6634e0/SQLPage-186205/examples/official-site/sqlpage/migrations/41_blog_performance.sql (ext=.sql, size=1653)
2025-12-12 12:52:17,187 - Knowledge - INFO - Worker kw11 processing /app/data/T0002/186205/b6634e0/SQLPage-186205/examples/official-site/sqlpage/migrations/23_uploaded_file_functions.sql
2025-12-12 12:52:17,229 - Knowledge - INFO - Worker kw11 processing /app/data/T0002/186205/b6634e0/SQLPage-186205/examples/official-site/sqlpage/migrations/50_blog_json.sql
2025-12-12 12:52:17,248 - Knowledge - INFO - Worker kw11 processing /app/data/T0002/186205/b6634e0/SQLPage-186205/examples/official-site/sqlpage/migrations/02_hero_component.sql
2025-12-12 12:52:17,276 - Knowledge - INFO - Worker kw11 processing /app/data/T0002/186205/b6634e0/SQLPage-186205/examples/official-site/sqlpage/migrations/39_persist_uploaded_file.sql
2025-12-12 12:52:17,299 - Knowledge - INFO - Worker kw11 processing /app/data/T0002/186205/b6634e0/SQLPage-186205/examples/official-site/sqlpage/migrations/37_rss.sql
2025-12-12 12:52:17,393 - Knowledge - INFO - Fast-tracked /app/data/T0002/186205/b6634e0/SQLPage-186205/examples/official-site/sqlpage/migrations/16_timeline.sql (small file (2830 bytes))
2025-12-12 12:52:17,533 - Knowledge - INFO - [LLM_CALL] Completed: 40_fetch.sql:chunk1, Duration: 5135ms, PromptTokens: 3192, CompletionTokens: 288, Cost: $0.00043
2025-12-12 12:52:17,535 - Knowledge - INFO - done ingest for /app/data/T0002/186205/b6634e0/SQLPage-186205/examples/official-site/sqlpage/migrations/40_fetch.sql
2025-12-12 12:52:17,651 - Knowledge - INFO - Processing batch of 19 files
2025-12-12 12:52:17,656 - Knowledge - INFO - process ingested knowledge for /app/data/T0002/186205/b6634e0/SQLPage-186205/src/webserver/database/execute_queries.rs
2025-12-12 12:52:17,657 - Knowledge - INFO - process ingested knowledge for /app/data/T0002/186205/b6634e0/SQLPage-186205/examples/CRUD - Authentication/www/README.md
2025-12-12 12:52:17,752 - Knowledge - INFO - Fast-tracked /app/data/T0002/186205/b6634e0/SQLPage-186205/examples/official-site/sqlpage/migrations/39_persist_uploaded_file.sql (small file (2036 bytes))
2025-12-12 12:52:17,901 - Knowledge - INFO - Async storage completed for 15 embeddings
2025-12-12 12:52:18,065 - Knowledge - INFO - process ingested knowledge for /app/data/T0002/186205/b6634e0/SQLPage-186205/examples/official-site/sqlpage/migrations/01_documentation.sql
2025-12-12 12:52:18,069 - Knowledge - INFO - [LLM_CALL] Completed: 20_variables_function.sql:chunk1, Duration: 5747ms, PromptTokens: 2496, CompletionTokens: 292, Cost: $0.00037
2025-12-12 12:52:18,070 - Knowledge - INFO - process ingested knowledge for /app/data/T0002/186205/b6634e0/SQLPage-186205/scripts/build-dependencies.sh
2025-12-12 12:52:18,077 - Knowledge - INFO - process ingested knowledge for /app/data/T0002/186205/b6634e0/SQLPage-186205/examples/official-site/sqlpage/migrations/44_authentication_example.sql
2025-12-12 12:52:18,079 - Knowledge - INFO - done ingest for /app/data/T0002/186205/b6634e0/SQLPage-186205/examples/official-site/sqlpage/migrations/20_variables_function.sql
2025-12-12 12:52:19,058 - Knowledge - INFO - [kw15] Queue=50, InProgress=0, PendingWorkers=20/20, Completed=518/611 (84.8%)
2025-12-12 12:52:19,065 - Knowledge - INFO - Batch sizing: calculated=10, max_allowed=25, queue=50, active_workers=20/20
2025-12-12 12:52:19,245 - Knowledge - INFO - [LLM_CALL] Completed: 55_request_body.sql:chunk1, Duration: 6887ms, PromptTokens: 2718, CompletionTokens: 210, Cost: $0.00036
2025-12-12 12:52:19,245 - Knowledge - INFO - done ingest for /app/data/T0002/186205/b6634e0/SQLPage-186205/examples/official-site/sqlpage/migrations/55_request_body.sql
2025-12-12 12:52:19,646 - Knowledge - INFO - [LLM_CALL] Completed: 61_oidc_functions.sql:chunk1, Duration: 7259ms, PromptTokens: 5358, CompletionTokens: 365, Cost: $0.00068
2025-12-12 12:52:19,647 - Knowledge - INFO - done ingest for /app/data/T0002/186205/b6634e0/SQLPage-186205/examples/official-site/sqlpage/migrations/61_oidc_functions.sql
2025-12-12 12:52:19,653 - Knowledge - INFO - process ingested knowledge for /app/data/T0002/186205/b6634e0/SQLPage-186205/examples/official-site/sqlpage/migrations/67_hmac_function.sql
2025-12-12 12:52:19,877 - Knowledge - INFO - Processing batch of 12 files
2025-12-12 12:52:19,878 - Knowledge - INFO - process ingested knowledge for /app/data/T0002/186205/b6634e0/SQLPage-186205/examples/official-site/sqlpage/migrations/10_map.sql
2025-12-12 12:52:19,924 - Knowledge - INFO - process ingested knowledge for /app/data/T0002/186205/b6634e0/SQLPage-186205/examples/official-site/sqlpage/migrations/65_download.sql
2025-12-12 12:52:20,045 - Knowledge - INFO - [LLM_CALL] Completed: 37_rss.sql:chunk1, Duration: 2222ms, PromptTokens: 4314, CompletionTokens: 59, Cost: $0.00045
2025-12-12 12:52:20,048 - Knowledge - INFO - done ingest for /app/data/T0002/186205/b6634e0/SQLPage-186205/examples/official-site/sqlpage/migrations/37_rss.sql
2025-12-12 12:52:20,231 - Knowledge - INFO - [LLM_CALL] Completed: 50_blog_json.sql:chunk1, Duration: 2709ms, PromptTokens: 9290, CompletionTokens: 59, Cost: $0.00095
2025-12-12 12:52:20,231 - Knowledge - INFO - done ingest for /app/data/T0002/186205/b6634e0/SQLPage-186205/examples/official-site/sqlpage/migrations/50_blog_json.sql
2025-12-12 12:52:20,440 - Knowledge - INFO - process ingested knowledge for /app/data/T0002/186205/b6634e0/SQLPage-186205/src/webserver/database/sql.rs
2025-12-12 12:52:20,732 - Knowledge - INFO - [LLM_CALL] Completed: 02_hero_component.sql:chunk1, Duration: 3089ms, PromptTokens: 3070, CompletionTokens: 152, Cost: $0.00037
2025-12-12 12:52:20,733 - Knowledge - INFO - done ingest for /app/data/T0002/186205/b6634e0/SQLPage-186205/examples/official-site/sqlpage/migrations/02_hero_component.sql
2025-12-12 12:52:20,886 - Knowledge - INFO - process ingested knowledge for /app/data/T0002/186205/b6634e0/SQLPage-186205/examples/official-site/sqlpage/migrations/13_tab.sql
2025-12-12 12:52:21,003 - Knowledge - INFO - process ingested knowledge for /app/data/T0002/186205/b6634e0/SQLPage-186205/examples/official-site/sqlpage/migrations/46_html.sql
2025-12-12 12:52:21,004 - Knowledge - INFO - process ingested knowledge for /app/data/T0002/186205/b6634e0/SQLPage-186205/scripts/build-project.sh
2025-12-12 12:52:21,005 - Knowledge - INFO - process ingested knowledge for /app/data/T0002/186205/b6634e0/SQLPage-186205/examples/official-site/sqlpage/migrations/57_client_ip.sql
2025-12-12 12:52:21,118 - Knowledge - INFO - Async storing batch of 15 embeddings
2025-12-12 12:52:21,119 - Knowledge - INFO - Worker kw15 processing /app/data/T0002/186205/b6634e0/SQLPage-186205/examples/official-site/README.md
2025-12-12 12:52:21,120 - Knowledge - INFO - process ingested knowledge for /app/data/T0002/186205/b6634e0/SQLPage-186205/src/webserver/database/blob_to_data_url.rs
2025-12-12 12:52:21,122 - Knowledge - INFO - Fast-tracked /app/data/T0002/186205/b6634e0/SQLPage-186205/examples/official-site/README.md (ext=.md, size=615)
2025-12-12 12:52:21,122 - Knowledge - INFO - Worker kw15 processing /app/data/T0002/186205/b6634e0/SQLPage-186205/examples/official-site/style_pricing.css
2025-12-12 12:52:21,125 - Knowledge - INFO - Fast-tracked /app/data/T0002/186205/b6634e0/SQLPage-186205/examples/official-site/style_pricing.css (ext=.css, size=519)
2025-12-12 12:52:21,125 - Knowledge - INFO - Worker kw15 processing /app/data/T0002/186205/b6634e0/SQLPage-186205/examples/official-site/assets/highlightjs-launch.js
2025-12-12 12:52:21,134 - Knowledge - INFO - Fast-tracked /app/data/T0002/186205/b6634e0/SQLPage-186205/examples/official-site/assets/highlightjs-launch.js (ext=.js, size=21)
2025-12-12 12:52:21,134 - Knowledge - INFO - Worker kw15 processing /app/data/T0002/186205/b6634e0/SQLPage-186205/examples/official-site/assets/highlightjs-and-tabler-theme.css
2025-12-12 12:52:21,136 - Knowledge - INFO - Fast-tracked /app/data/T0002/186205/b6634e0/SQLPage-186205/examples/official-site/assets/highlightjs-and-tabler-theme.css (ext=.css, size=4575)
2025-12-12 12:52:21,137 - Knowledge - INFO - Worker kw15 processing /app/data/T0002/186205/b6634e0/SQLPage-186205/examples/official-site/extensions-to-sql.sql
2025-12-12 12:52:21,139 - Knowledge - INFO - Fast-tracked /app/data/T0002/186205/b6634e0/SQLPage-186205/examples/official-site/extensions-to-sql.sql (ext=.sql, size=476)
2025-12-12 12:52:21,139 - Knowledge - INFO - Worker kw15 processing /app/data/T0002/186205/b6634e0/SQLPage-186205/examples/official-site/robots.txt
2025-12-12 12:52:21,142 - Knowledge - INFO - Fast-tracked /app/data/T0002/186205/b6634e0/SQLPage-186205/examples/official-site/robots.txt (ext=.txt, size=137)
2025-12-12 12:52:21,142 - Knowledge - INFO - Worker kw15 processing /app/data/T0002/186205/b6634e0/SQLPage-186205/examples/official-site/functions.sql
2025-12-12 12:52:21,145 - Knowledge - INFO - Worker kw15 processing /app/data/T0002/186205/b6634e0/SQLPage-186205/examples/official-site/examples/authentication/logout.sql
2025-12-12 12:52:21,154 - Knowledge - INFO - Fast-tracked /app/data/T0002/186205/b6634e0/SQLPage-186205/examples/official-site/examples/authentication/logout.sql (ext=.sql, size=134)
2025-12-12 12:52:21,155 - Knowledge - INFO - Worker kw15 processing /app/data/T0002/186205/b6634e0/SQLPage-186205/examples/official-site/examples/authentication/index.sql
2025-12-12 12:52:21,162 - Knowledge - INFO - Fast-tracked /app/data/T0002/186205/b6634e0/SQLPage-186205/examples/official-site/examples/authentication/index.sql (ext=.sql, size=822)
2025-12-12 12:52:21,162 - Knowledge - INFO - Worker kw15 processing /app/data/T0002/186205/b6634e0/SQLPage-186205/examples/official-site/examples/authentication/basic_auth.sql
2025-12-12 12:52:21,165 - Knowledge - INFO - Fast-tracked /app/data/T0002/186205/b6634e0/SQLPage-186205/examples/official-site/examples/authentication/basic_auth.sql (ext=.sql, size=986)
2025-12-12 12:52:21,167 - Knowledge - INFO - Fast-tracked /app/data/T0002/186205/b6634e0/SQLPage-186205/examples/official-site/functions.sql (small file (3062 bytes))
2025-12-12 12:52:21,167 - Knowledge - INFO - Async storage completed for 15 embeddings
2025-12-12 12:52:21,427 - Knowledge - INFO - Processing batch of 12 files
2025-12-12 12:52:21,428 - Knowledge - INFO - process ingested knowledge for /app/data/T0002/186205/b6634e0/SQLPage-186205/examples/official-site/your-first-sql-website/nginx.md
2025-12-12 12:52:21,429 - Knowledge - INFO - process ingested knowledge for /app/data/T0002/186205/b6634e0/SQLPage-186205/examples/official-site/sqlpage/migrations/12_blog.sql
2025-12-12 12:52:21,429 - Knowledge - INFO - process ingested knowledge for /app/data/T0002/186205/b6634e0/SQLPage-186205/examples/official-site/sqlpage/migrations/45_blog_archeology.sql
2025-12-12 12:52:21,429 - Knowledge - INFO - process ingested knowledge for /app/data/T0002/186205/b6634e0/SQLPage-186205/examples/official-site/sqlpage/migrations/24_read_file_as_data_url.sql
2025-12-12 12:52:21,580 - Knowledge - INFO - process ingested knowledge for /app/data/T0002/186205/b6634e0/SQLPage-186205/src/webserver/static_content.rs
2025-12-12 12:52:21,816 - Knowledge - INFO - process ingested knowledge for /app/data/T0002/186205/b6634e0/SQLPage-186205/src/main.rs
2025-12-12 12:52:21,817 - Knowledge - INFO - process ingested knowledge for /app/data/T0002/186205/b6634e0/SQLPage-186205/examples/official-site/sqlpage/migrations/68_login.sql
2025-12-12 12:52:21,817 - Knowledge - INFO - process ingested knowledge for /app/data/T0002/186205/b6634e0/SQLPage-186205/examples/official-site/sqlpage/migrations/28_tracking_component.sql
2025-12-12 12:52:21,818 - Knowledge - INFO - [WEBSOCKET] Sent: Type=progress_update, Size: 273, Duration: 0ms
2025-12-12 12:52:21,818 - Knowledge - INFO - [kw14] Queue=40, InProgress=0, PendingWorkers=20/20, Completed=532/611 (87.1%)
2025-12-12 12:52:21,820 - Knowledge - INFO - Batch sizing: calculated=10, max_allowed=25, queue=40, active_workers=20/20
2025-12-12 12:52:21,820 - Knowledge - INFO - [WEBSOCKET] Sent: Type=unknown, Size: ?, Duration: 3ms
2025-12-12 12:52:21,821 - Knowledge - INFO - Progress: 87.1% | Files: 533/611 | Rate: 3.34 files/sec | Queue: 40
2025-12-12 12:52:21,984 - Knowledge - INFO - process ingested knowledge for /app/data/T0002/186205/b6634e0/SQLPage-186205/examples/official-site/your-first-sql-website/tutorial.md
2025-12-12 12:52:22,181 - Knowledge - INFO - [LLM_CALL] Completed: 23_uploaded_file_functions.sql:chunk1, Duration: 4712ms, PromptTokens: 3646, CompletionTokens: 314, Cost: $0.00049
2025-12-12 12:52:22,182 - Knowledge - INFO - done ingest for /app/data/T0002/186205/b6634e0/SQLPage-186205/examples/official-site/sqlpage/migrations/23_uploaded_file_functions.sql
2025-12-12 12:52:22,183 - Knowledge - INFO - process ingested knowledge for /app/data/T0002/186205/b6634e0/SQLPage-186205/src/cli/arguments.rs
2025-12-12 12:52:22,264 - Knowledge - INFO - process ingested knowledge for /app/data/T0002/186205/b6634e0/SQLPage-186205/examples/official-site/sqlpage/migrations/07_authentication.sql
2025-12-12 12:52:22,265 - Knowledge - INFO - [kw18] Queue=30, InProgress=0, PendingWorkers=20/20, Completed=538/611 (88.1%)
2025-12-12 12:52:22,265 - Knowledge - INFO - Async storing batch of 12 embeddings
2025-12-12 12:52:22,268 - Knowledge - INFO - Batch sizing: calculated=10, max_allowed=25, queue=30, active_workers=20/20
2025-12-12 12:52:22,269 - Knowledge - INFO - Worker kw14 processing /app/data/T0002/186205/b6634e0/SQLPage-186205/examples/official-site/examples/authentication/create_session_token.sql
2025-12-12 12:52:22,272 - Knowledge - INFO - Fast-tracked /app/data/T0002/186205/b6634e0/SQLPage-186205/examples/official-site/examples/authentication/create_session_token.sql (ext=.sql, size=843)
2025-12-12 12:52:22,272 - Knowledge - INFO - Worker kw14 processing /app/data/T0002/186205/b6634e0/SQLPage-186205/examples/official-site/examples/authentication/login.sql
2025-12-12 12:52:22,275 - Knowledge - INFO - Fast-tracked /app/data/T0002/186205/b6634e0/SQLPage-186205/examples/official-site/examples/authentication/login.sql (ext=.sql, size=1331)
2025-12-12 12:52:22,275 - Knowledge - INFO - Worker kw14 processing /app/data/T0002/186205/b6634e0/SQLPage-186205/examples/official-site/examples/chart.sql
2025-12-12 12:52:22,278 - Knowledge - INFO - Fast-tracked /app/data/T0002/186205/b6634e0/SQLPage-186205/examples/official-site/examples/chart.sql (ext=.sql, size=493)
2025-12-12 12:52:22,279 - Knowledge - INFO - Worker kw14 processing /app/data/T0002/186205/b6634e0/SQLPage-186205/examples/official-site/examples/multistep-form/index.sql
2025-12-12 12:52:22,285 - Knowledge - INFO - Worker kw14 processing /app/data/T0002/186205/b6634e0/SQLPage-186205/examples/official-site/examples/multistep-form/result.sql
2025-12-12 12:52:22,288 - Knowledge - INFO - Fast-tracked /app/data/T0002/186205/b6634e0/SQLPage-186205/examples/official-site/examples/multistep-form/result.sql (ext=.sql, size=1966)
2025-12-12 12:52:22,288 - Knowledge - INFO - Worker kw14 processing /app/data/T0002/186205/b6634e0/SQLPage-186205/examples/official-site/examples/tabs.sql
2025-12-12 12:52:22,294 - Knowledge - INFO - Fast-tracked /app/data/T0002/186205/b6634e0/SQLPage-186205/examples/official-site/examples/tabs.sql (ext=.sql, size=48)
2025-12-12 12:52:22,295 - Knowledge - INFO - Worker kw14 processing /app/data/T0002/186205/b6634e0/SQLPage-186205/examples/official-site/examples/hash_password.sql
2025-12-12 12:52:22,298 - Knowledge - INFO - Worker kw14 processing /app/data/T0002/186205/b6634e0/SQLPage-186205/examples/official-site/examples/form.sql
2025-12-12 12:52:22,300 - Knowledge - INFO - Worker kw14 processing /app/data/T0002/186205/b6634e0/SQLPage-186205/examples/official-site/examples/dynamic_shell.sql
2025-12-12 12:52:22,303 - Knowledge - INFO - Worker kw14 processing /app/data/T0002/186205/b6634e0/SQLPage-186205/examples/official-site/examples/tabs/index.sql
2025-12-12 12:52:22,308 - Knowledge - INFO - Fast-tracked /app/data/T0002/186205/b6634e0/SQLPage-186205/examples/official-site/examples/tabs/index.sql (ext=.sql, size=1263)
2025-12-12 12:52:22,321 - Knowledge - INFO - Fast-tracked /app/data/T0002/186205/b6634e0/SQLPage-186205/examples/official-site/examples/hash_password.sql (small file (2197 bytes))
2025-12-12 12:52:22,339 - Knowledge - INFO - Async storage completed for 12 embeddings
2025-12-12 12:52:22,396 - Knowledge - INFO - process ingested knowledge for /app/data/T0002/186205/b6634e0/SQLPage-186205/examples/official-site/sqlpage/migrations/25_read_file_as_text.sql
2025-12-12 12:52:22,397 - Knowledge - INFO - process ingested knowledge for /app/data/T0002/186205/b6634e0/SQLPage-186205/examples/official-site/your-first-sql-website/migrations.sql
2025-12-12 12:52:22,398 - Knowledge - INFO - [kw12] Queue=30, InProgress=0, PendingWorkers=20/20, Completed=540/611 (88.4%)
2025-12-12 12:52:22,398 - Knowledge - INFO - process ingested knowledge for /app/data/T0002/186205/b6634e0/SQLPage-186205/src/webserver/error.rs
2025-12-12 12:52:22,399 - Knowledge - INFO - Batch sizing: calculated=10, max_allowed=25, queue=30, active_workers=20/20
2025-12-12 12:52:22,399 - Knowledge - INFO - process ingested knowledge for /app/data/T0002/186205/b6634e0/SQLPage-186205/src/cli/commands.rs
2025-12-12 12:52:22,473 - Knowledge - INFO - process ingested knowledge for /app/data/T0002/186205/b6634e0/SQLPage-186205/examples/official-site/sqlpage/migrations/56_headers.sql
2025-12-12 12:52:22,682 - Knowledge - INFO - process ingested knowledge for /app/data/T0002/186205/b6634e0/SQLPage-186205/examples/official-site/sqlpage/migrations/47_link.sql
2025-12-12 12:52:22,775 - Knowledge - INFO - process ingested knowledge for /app/data/T0002/186205/b6634e0/SQLPage-186205/examples/official-site/sqlpage/migrations/34_carousel.sql
2025-12-12 12:52:22,776 - Knowledge - INFO - process ingested knowledge for /app/data/T0002/186205/b6634e0/SQLPage-186205/src/cli/mod.rs
2025-12-12 12:52:22,850 - Knowledge - INFO - process ingested knowledge for /app/data/T0002/186205/b6634e0/SQLPage-186205/examples/official-site/sqlpage/migrations/49_big_number.sql
2025-12-12 12:52:23,022 - Knowledge - INFO - process ingested knowledge for /app/data/T0002/186205/b6634e0/SQLPage-186205/examples/official-site/your-first-sql-website/tutorial-install-macos.md
2025-12-12 12:52:23,023 - Knowledge - INFO - Processing batch of 10 files
2025-12-12 12:52:23,024 - Knowledge - INFO - process ingested knowledge for /app/data/T0002/186205/b6634e0/SQLPage-186205/examples/official-site/sqlpage/migrations/04_http_header.sql
2025-12-12 12:52:23,109 - Knowledge - INFO - process ingested knowledge for /app/data/T0002/186205/b6634e0/SQLPage-186205/src/webserver/mod.rs
2025-12-12 12:52:23,110 - Knowledge - INFO - process ingested knowledge for /app/data/T0002/186205/b6634e0/SQLPage-186205/examples/official-site/sqlpage/migrations/18_button.sql
2025-12-12 12:52:23,111 - Knowledge - INFO - process ingested knowledge for /app/data/T0002/186205/b6634e0/SQLPage-186205/src/utils.rs
2025-12-12 12:52:23,266 - Knowledge - INFO - process ingested knowledge for /app/data/T0002/186205/b6634e0/SQLPage-186205/examples/official-site/sqlpage/migrations/54_blog_bompard.sql
2025-12-12 12:52:23,268 - Knowledge - INFO - Async storing batch of 15 embeddings
2025-12-12 12:52:23,269 - Knowledge - INFO - Async storing batch of 15 embeddings
2025-12-12 12:52:23,269 - Knowledge - INFO - Worker kw12 processing /app/data/T0002/186205/b6634e0/SQLPage-186205/examples/official-site/examples/index.sql
2025-12-12 12:52:23,270 - Knowledge - INFO - Worker kw18 processing /app/data/T0002/186205/b6634e0/SQLPage-186205/examples/todo application (PostgreSQL)/batch.sql
2025-12-12 12:52:23,277 - Knowledge - INFO - Fast-tracked /app/data/T0002/186205/b6634e0/SQLPage-186205/examples/official-site/examples/index.sql (ext=.sql, size=57)
2025-12-12 12:52:23,281 - Knowledge - INFO - Worker kw12 processing /app/data/T0002/186205/b6634e0/SQLPage-186205/examples/official-site/examples/handle_enctype.sql
2025-12-12 12:52:23,290 - Knowledge - INFO - Worker kw18 processing /app/data/T0002/186205/b6634e0/SQLPage-186205/examples/todo application (PostgreSQL)/shell.sql
2025-12-12 12:52:23,291 - Knowledge - INFO - Fast-tracked /app/data/T0002/186205/b6634e0/SQLPage-186205/examples/official-site/examples/handle_enctype.sql (ext=.sql, size=335)
2025-12-12 12:52:23,291 - Knowledge - INFO - Worker kw12 processing /app/data/T0002/186205/b6634e0/SQLPage-186205/examples/official-site/examples/csv_download.sql
2025-12-12 12:52:23,296 - Knowledge - INFO - Fast-tracked /app/data/T0002/186205/b6634e0/SQLPage-186205/examples/todo application (PostgreSQL)/shell.sql (ext=.sql, size=152)
2025-12-12 12:52:23,324 - Knowledge - INFO - Worker kw18 processing /app/data/T0002/186205/b6634e0/SQLPage-186205/examples/todo application (PostgreSQL)/index.sql
2025-12-12 12:52:23,330 - Knowledge - INFO - Fast-tracked /app/data/T0002/186205/b6634e0/SQLPage-186205/examples/official-site/examples/csv_download.sql (ext=.sql, size=79)
2025-12-12 12:52:23,332 - Knowledge - INFO - Fast-tracked /app/data/T0002/186205/b6634e0/SQLPage-186205/examples/todo application (PostgreSQL)/index.sql (ext=.sql, size=471)
2025-12-12 12:52:23,333 - Knowledge - INFO - Worker kw12 processing /app/data/T0002/186205/b6634e0/SQLPage-186205/examples/official-site/examples/big_chart.sql
2025-12-12 12:52:23,334 - Knowledge - INFO - Worker kw18 processing /app/data/T0002/186205/b6634e0/SQLPage-186205/examples/todo application (PostgreSQL)/delete.sql
2025-12-12 12:52:23,352 - Knowledge - INFO - Fast-tracked /app/data/T0002/186205/b6634e0/SQLPage-186205/examples/official-site/examples/big_chart.sql (ext=.sql, size=370)
2025-12-12 12:52:23,371 - Knowledge - INFO - Fast-tracked /app/data/T0002/186205/b6634e0/SQLPage-186205/examples/todo application (PostgreSQL)/delete.sql (ext=.sql, size=1854)
2025-12-12 12:52:23,371 - Knowledge - INFO - Worker kw12 processing /app/data/T0002/186205/b6634e0/SQLPage-186205/examples/official-site/examples/handle_picture_upload.sql
2025-12-12 12:52:23,376 - Knowledge - INFO - Worker kw18 processing /app/data/T0002/186205/b6634e0/SQLPage-186205/examples/todo application (PostgreSQL)/timeline.sql
2025-12-12 12:52:23,422 - Knowledge - INFO - Fast-tracked /app/data/T0002/186205/b6634e0/SQLPage-186205/examples/official-site/examples/handle_picture_upload.sql (ext=.sql, size=1472)
2025-12-12 12:52:23,424 - Knowledge - INFO - Worker kw12 processing /app/data/T0002/186205/b6634e0/SQLPage-186205/examples/official-site/examples/handle_csv_upload.sql
2025-12-12 12:52:23,430 - Knowledge - INFO - Fast-tracked /app/data/T0002/186205/b6634e0/SQLPage-186205/examples/todo application (PostgreSQL)/timeline.sql (ext=.sql, size=495)
2025-12-12 12:52:23,431 - Knowledge - INFO - Worker kw18 processing /app/data/T0002/186205/b6634e0/SQLPage-186205/examples/todo application (PostgreSQL)/sqlpage/migrations/0000_init.sql
2025-12-12 12:52:23,457 - Knowledge - INFO - Fast-tracked /app/data/T0002/186205/b6634e0/SQLPage-186205/examples/official-site/examples/handle_csv_upload.sql (ext=.sql, size=361)
2025-12-12 12:52:23,457 - Knowledge - INFO - Worker kw12 processing /app/data/T0002/186205/b6634e0/SQLPage-186205/examples/official-site/examples/menu_icon.sql
2025-12-12 12:52:23,458 - Knowledge - INFO - Fast-tracked /app/data/T0002/186205/b6634e0/SQLPage-186205/examples/todo application (PostgreSQL)/sqlpage/migrations/0000_init.sql (ext=.sql, size=146)
2025-12-12 12:52:23,460 - Knowledge - INFO - process ingested knowledge for /app/data/T0002/186205/b6634e0/SQLPage-186205/examples/official-site/sqlpage/migrations/05_cookie.sql
2025-12-12 12:52:23,467 - Knowledge - INFO - process ingested knowledge for /app/data/T0002/186205/b6634e0/SQLPage-186205/src/webserver/routing.rs
2025-12-12 12:52:23,471 - Knowledge - INFO - Fast-tracked /app/data/T0002/186205/b6634e0/SQLPage-186205/examples/official-site/examples/menu_icon.sql (ext=.sql, size=1063)
2025-12-12 12:52:23,471 - Knowledge - INFO - process ingested knowledge for /app/data/T0002/186205/b6634e0/SQLPage-186205/src/templates.rs
2025-12-12 12:52:23,471 - Knowledge - INFO - Worker kw18 processing /app/data/T0002/186205/b6634e0/SQLPage-186205/examples/todo application (PostgreSQL)/sqlpage/migrations/README.md
2025-12-12 12:52:23,472 - Knowledge - INFO - Worker kw12 processing /app/data/T0002/186205/b6634e0/SQLPage-186205/examples/official-site/examples/show_variables.sql
2025-12-12 12:52:23,477 - Knowledge - INFO - Fast-tracked /app/data/T0002/186205/b6634e0/SQLPage-186205/examples/official-site/examples/show_variables.sql (ext=.sql, size=823)
2025-12-12 12:52:23,477 - Knowledge - INFO - Fast-tracked /app/data/T0002/186205/b6634e0/SQLPage-186205/examples/todo application (PostgreSQL)/sqlpage/migrations/README.md (ext=.md, size=2074)
2025-12-12 12:52:23,478 - Knowledge - INFO - Worker kw12 processing /app/data/T0002/186205/b6634e0/SQLPage-186205/examples/official-site/examples/layouts.sql
2025-12-12 12:52:23,478 - Knowledge - INFO - Worker kw18 processing /app/data/T0002/186205/b6634e0/SQLPage-186205/examples/todo application (PostgreSQL)/sqlpage/templates/README.md
2025-12-12 12:52:23,481 - Knowledge - INFO - Worker kw12 processing /app/data/T0002/186205/b6634e0/SQLPage-186205/examples/official-site/examples/from_component_options_source.sql
2025-12-12 12:52:23,484 - Knowledge - INFO - Fast-tracked /app/data/T0002/186205/b6634e0/SQLPage-186205/examples/official-site/examples/from_component_options_source.sql (ext=.sql, size=118)
2025-12-12 12:52:23,484 - Knowledge - INFO - Fast-tracked /app/data/T0002/186205/b6634e0/SQLPage-186205/examples/todo application (PostgreSQL)/sqlpage/templates/README.md (ext=.md, size=857)
2025-12-12 12:52:23,485 - Knowledge - INFO - Worker kw18 processing /app/data/T0002/186205/b6634e0/SQLPage-186205/examples/todo application (PostgreSQL)/README.md
2025-12-12 12:52:23,486 - Knowledge - INFO - Fast-tracked /app/data/T0002/186205/b6634e0/SQLPage-186205/examples/official-site/examples/layouts.sql (small file (2575 bytes))
2025-12-12 12:52:23,487 - Knowledge - INFO - Async storage completed for 15 embeddings
2025-12-12 12:52:23,487 - Knowledge - INFO - Fast-tracked /app/data/T0002/186205/b6634e0/SQLPage-186205/examples/todo application (PostgreSQL)/README.md (ext=.md, size=1214)
2025-12-12 12:52:23,488 - Knowledge - INFO - Worker kw18 processing /app/data/T0002/186205/b6634e0/SQLPage-186205/examples/todo application (PostgreSQL)/docker-compose.yml
2025-12-12 12:52:23,524 - Knowledge - INFO - Fast-tracked /app/data/T0002/186205/b6634e0/SQLPage-186205/examples/todo application (PostgreSQL)/docker-compose.yml (ext=.yml, size=611)
2025-12-12 12:52:23,649 - Knowledge - INFO - Async storage completed for 15 embeddings
2025-12-12 12:52:23,864 - Knowledge - INFO - process ingested knowledge for /app/data/T0002/186205/b6634e0/SQLPage-186205/examples/official-site/sqlpage/migrations/11_json.sql
2025-12-12 12:52:24,007 - Knowledge - INFO - process ingested knowledge for /app/data/T0002/186205/b6634e0/SQLPage-186205/examples/official-site/sqlpage/migrations/08_functions.sql
2025-12-12 12:52:24,022 - Knowledge - INFO - process ingested knowledge for /app/data/T0002/186205/b6634e0/SQLPage-186205/examples/official-site/sqlpage/migrations/71_blog_pagination.sql
2025-12-12 12:52:24,057 - Knowledge - INFO - Processing batch of 19 files
2025-12-12 12:52:24,058 - Knowledge - INFO - process ingested knowledge for /app/data/T0002/186205/b6634e0/SQLPage-186205/src/webserver/single_or_vec.rs
2025-12-12 12:52:24,140 - Knowledge - INFO - process ingested knowledge for /app/data/T0002/186205/b6634e0/SQLPage-186205/examples/official-site/sqlpage/migrations/38_run_sql.sql
2025-12-12 12:52:24,261 - Knowledge - INFO - [WEBSOCKET] Sent: Type=progress_update, Size: 273, Duration: 0ms
2025-12-12 12:52:24,262 - Knowledge - INFO - [WEBSOCKET] Sent: Type=unknown, Size: ?, Duration: 1ms
2025-12-12 12:52:24,262 - Knowledge - INFO - Progress: 92.0% | Files: 562/611 | Rate: 3.46 files/sec | Queue: 10
2025-12-12 12:52:24,445 - Knowledge - INFO - process ingested knowledge for /app/data/T0002/186205/b6634e0/SQLPage-186205/examples/official-site/sqlpage/migrations/30_breadcrumb_component.sql
2025-12-12 12:52:24,547 - Knowledge - INFO - process ingested knowledge for /app/data/T0002/186205/b6634e0/SQLPage-186205/examples/official-site/sqlpage/migrations/69_blog_performance_guide.sql
2025-12-12 12:52:24,548 - Knowledge - INFO - Processing batch of 10 files
2025-12-12 12:52:24,548 - Knowledge - INFO - process ingested knowledge for /app/data/T0002/186205/b6634e0/SQLPage-186205/src/webserver/http_request_info.rs
2025-12-12 12:52:24,549 - Knowledge - INFO - process ingested knowledge for /app/data/T0002/186205/b6634e0/SQLPage-186205/examples/official-site/sqlpage/migrations/42_blog_video.sql
2025-12-12 12:52:24,671 - Knowledge - INFO - process ingested knowledge for /app/data/T0002/186205/b6634e0/SQLPage-186205/src/webserver/error_with_status.rs
2025-12-12 12:52:24,751 - Knowledge - INFO - Processing batch of 10 files
2025-12-12 12:52:24,751 - Knowledge - INFO - process ingested knowledge for /app/data/T0002/186205/b6634e0/SQLPage-186205/examples/official-site/README.md
2025-12-12 12:52:24,752 - Knowledge - INFO - [kw19] Queue=10, InProgress=0, PendingWorkers=20/20, Completed=565/611 (92.5%)
2025-12-12 12:52:24,753 - Knowledge - INFO - Batch sizing: calculated=10, max_allowed=25, queue=10, active_workers=20/20
2025-12-12 12:52:24,848 - Knowledge - INFO - process ingested knowledge for /app/data/T0002/186205/b6634e0/SQLPage-186205/examples/official-site/sqlpage/migrations/33_blog_v018.sql
2025-12-12 12:52:24,941 - Knowledge - INFO - process ingested knowledge for /app/data/T0002/186205/b6634e0/SQLPage-186205/examples/official-site/sqlpage/migrations/60_empty_state.sql
2025-12-12 12:52:24,942 - Knowledge - INFO - process ingested knowledge for /app/data/T0002/186205/b6634e0/SQLPage-186205/examples/official-site/sqlpage/migrations/70_pagination.sql
2025-12-12 12:52:24,942 - Knowledge - INFO - process ingested knowledge for /app/data/T0002/186205/b6634e0/SQLPage-186205/src/webserver/https.rs
2025-12-12 12:52:25,039 - Knowledge - INFO - [LLM_CALL] Completed: form.sql:chunk1, Duration: 2716ms, PromptTokens: 4156, CompletionTokens: 182, Cost: $0.00049
2025-12-12 12:52:25,046 - Knowledge - INFO - done ingest for /app/data/T0002/186205/b6634e0/SQLPage-186205/examples/official-site/examples/form.sql
2025-12-12 12:52:25,236 - Knowledge - INFO - process ingested knowledge for /app/data/T0002/186205/b6634e0/SQLPage-186205/src/render.rs
2025-12-12 12:52:25,370 - Knowledge - INFO - process ingested knowledge for /app/data/T0002/186205/b6634e0/SQLPage-186205/examples/official-site/style_pricing.css
2025-12-12 12:52:25,429 - Knowledge - INFO - [LLM_CALL] Completed: dynamic_shell.sql:chunk1, Duration: 3097ms, PromptTokens: 2484, CompletionTokens: 207, Cost: $0.00033
2025-12-12 12:52:25,431 - Knowledge - INFO - done ingest for /app/data/T0002/186205/b6634e0/SQLPage-186205/examples/official-site/examples/dynamic_shell.sql
2025-12-12 12:52:25,507 - Knowledge - INFO - process ingested knowledge for /app/data/T0002/186205/b6634e0/SQLPage-186205/examples/official-site/sqlpage/migrations/31_card_docs_update.sql
2025-12-12 12:52:25,602 - Knowledge - INFO - process ingested knowledge for /app/data/T0002/186205/b6634e0/SQLPage-186205/examples/official-site/sqlpage/migrations/20_variables_function.sql
2025-12-12 12:52:25,603 - Knowledge - INFO - process ingested knowledge for /app/data/T0002/186205/b6634e0/SQLPage-186205/examples/official-site/sqlpage/migrations/999_fts_search_index.sql
2025-12-12 12:52:25,603 - Knowledge - INFO - process ingested knowledge for /app/data/T0002/186205/b6634e0/SQLPage-186205/src/webserver/response_writer.rs
2025-12-12 12:52:25,736 - Knowledge - INFO - process ingested knowledge for /app/data/T0002/186205/b6634e0/SQLPage-186205/biome.json
2025-12-12 12:52:25,829 - Knowledge - INFO - process ingested knowledge for /app/data/T0002/186205/b6634e0/SQLPage-186205/examples/official-site/assets/highlightjs-launch.js
2025-12-12 12:52:25,969 - Knowledge - INFO - process ingested knowledge for /app/data/T0002/186205/b6634e0/SQLPage-186205/src/lib.rs
2025-12-12 12:52:25,974 - Knowledge - INFO - process ingested knowledge for /app/data/T0002/186205/b6634e0/SQLPage-186205/examples/official-site/sqlpage/migrations/58_fetch_with_meta.sql
2025-12-12 12:52:25,985 - Knowledge - INFO - process ingested knowledge for /app/data/T0002/186205/b6634e0/SQLPage-186205/examples/official-site/sqlpage/migrations/64_blog_routing.sql
2025-12-12 12:52:26,160 - Knowledge - INFO - [LLM_CALL] Completed: batch.sql:chunk1, Duration: 2576ms, PromptTokens: 2924, CompletionTokens: 141, Cost: $0.00035
2025-12-12 12:52:26,175 - Knowledge - INFO - done ingest for /app/data/T0002/186205/b6634e0/SQLPage-186205/examples/todo application (PostgreSQL)/batch.sql
2025-12-12 12:52:26,260 - Knowledge - INFO - process ingested knowledge for /app/data/T0002/186205/b6634e0/SQLPage-186205/examples/official-site/sqlpage/migrations/29_divider_component.sql
2025-12-12 12:52:26,262 - Knowledge - INFO - process ingested knowledge for /app/data/T0002/186205/b6634e0/SQLPage-186205/src/webserver/server_timing.rs
2025-12-12 12:52:26,263 - Knowledge - INFO - Async storing batch of 12 embeddings
2025-12-12 12:52:26,264 - Knowledge - INFO - Worker kw19 processing /app/data/T0002/186205/b6634e0/SQLPage-186205/examples/todo application (PostgreSQL)/todo_form.sql
2025-12-12 12:52:26,267 - Knowledge - INFO - Fast-tracked /app/data/T0002/186205/b6634e0/SQLPage-186205/examples/todo application (PostgreSQL)/todo_form.sql (ext=.sql, size=1342)
2025-12-12 12:52:26,267 - Knowledge - INFO - Worker kw19 processing /app/data/T0002/186205/b6634e0/SQLPage-186205/examples/forms with a variable number of fields/new_product_insert.sql
2025-12-12 12:52:26,274 - Knowledge - INFO - Fast-tracked /app/data/T0002/186205/b6634e0/SQLPage-186205/examples/forms with a variable number of fields/new_product_insert.sql (ext=.sql, size=122)
2025-12-12 12:52:26,274 - Knowledge - INFO - Worker kw19 processing /app/data/T0002/186205/b6634e0/SQLPage-186205/examples/forms with a variable number of fields/index.sql
2025-12-12 12:52:26,280 - Knowledge - INFO - Fast-tracked /app/data/T0002/186205/b6634e0/SQLPage-186205/examples/forms with a variable number of fields/index.sql (ext=.sql, size=392)
2025-12-12 12:52:26,281 - Knowledge - INFO - Worker kw19 processing /app/data/T0002/186205/b6634e0/SQLPage-186205/examples/forms with a variable number of fields/order_insert.sql
2025-12-12 12:52:26,286 - Knowledge - INFO - Fast-tracked /app/data/T0002/186205/b6634e0/SQLPage-186205/examples/forms with a variable number of fields/order_insert.sql (ext=.sql, size=703)
2025-12-12 12:52:26,287 - Knowledge - INFO - Worker kw19 processing /app/data/T0002/186205/b6634e0/SQLPage-186205/examples/forms with a variable number of fields/order_form.sql
2025-12-12 12:52:26,289 - Knowledge - INFO - Fast-tracked /app/data/T0002/186205/b6634e0/SQLPage-186205/examples/forms with a variable number of fields/order_form.sql (ext=.sql, size=534)
2025-12-12 12:52:26,290 - Knowledge - INFO - Worker kw19 processing /app/data/T0002/186205/b6634e0/SQLPage-186205/examples/forms with a variable number of fields/orders.sql
2025-12-12 12:52:26,292 - Knowledge - INFO - Fast-tracked /app/data/T0002/186205/b6634e0/SQLPage-186205/examples/forms with a variable number of fields/orders.sql (ext=.sql, size=875)
2025-12-12 12:52:26,293 - Knowledge - INFO - Worker kw19 processing /app/data/T0002/186205/b6634e0/SQLPage-186205/examples/forms with a variable number of fields/sqlpage/migrations/0000_schema.sql
2025-12-12 12:52:26,299 - Knowledge - INFO - Fast-tracked /app/data/T0002/186205/b6634e0/SQLPage-186205/examples/forms with a variable number of fields/sqlpage/migrations/0000_schema.sql (ext=.sql, size=618)
2025-12-12 12:52:26,300 - Knowledge - INFO - Worker kw19 processing /app/data/T0002/186205/b6634e0/SQLPage-186205/examples/forms with a variable number of fields/sqlpage/migrations/0001_initial_products.sql
2025-12-12 12:52:26,302 - Knowledge - INFO - Fast-tracked /app/data/T0002/186205/b6634e0/SQLPage-186205/examples/forms with a variable number of fields/sqlpage/migrations/0001_initial_products.sql (ext=.sql, size=445)
2025-12-12 12:52:26,303 - Knowledge - INFO - Worker kw19 processing /app/data/T0002/186205/b6634e0/SQLPage-186205/examples/forms with a variable number of fields/README.md
2025-12-12 12:52:26,305 - Knowledge - INFO - Fast-tracked /app/data/T0002/186205/b6634e0/SQLPage-186205/examples/forms with a variable number of fields/README.md (ext=.md, size=1119)
2025-12-12 12:52:26,306 - Knowledge - INFO - Worker kw19 processing /app/data/T0002/186205/b6634e0/SQLPage-186205/examples/forms with a variable number of fields/new_product_form.sql
2025-12-12 12:52:26,308 - Knowledge - INFO - Fast-tracked /app/data/T0002/186205/b6634e0/SQLPage-186205/examples/forms with a variable number of fields/new_product_form.sql (ext=.sql, size=248)
2025-12-12 12:52:26,309 - Knowledge - INFO - Async storage completed for 12 embeddings
2025-12-12 12:52:26,389 - Knowledge - INFO - Processing batch of 10 files
2025-12-12 12:52:26,390 - Knowledge - INFO - process ingested knowledge for /app/data/T0002/186205/b6634e0/SQLPage-186205/examples/official-site/assets/highlightjs-and-tabler-theme.css
2025-12-12 12:52:26,391 - Knowledge - INFO - process ingested knowledge for /app/data/T0002/186205/b6634e0/SQLPage-186205/examples/official-site/sqlpage/migrations/16_timeline.sql
2025-12-12 12:52:26,392 - Knowledge - INFO - process ingested knowledge for /app/data/T0002/186205/b6634e0/SQLPage-186205/examples/official-site/sqlpage/migrations/06_debug.sql
2025-12-12 12:52:26,599 - Knowledge - INFO - process ingested knowledge for /app/data/T0002/186205/b6634e0/SQLPage-186205/examples/official-site/sqlpage/migrations/51_column.sql
2025-12-12 12:52:26,599 - Knowledge - INFO - process ingested knowledge for /app/data/T0002/186205/b6634e0/SQLPage-186205/package.json
2025-12-12 12:52:26,672 - Knowledge - INFO - process ingested knowledge for /app/data/T0002/186205/b6634e0/SQLPage-186205/examples/official-site/extensions-to-sql.sql
2025-12-12 12:52:26,674 - Knowledge - INFO - process ingested knowledge for /app/data/T0002/186205/b6634e0/SQLPage-186205/examples/official-site/sqlpage/migrations/22_pgconf_eu.sql
2025-12-12 12:52:26,882 - Knowledge - INFO - [LLM_CALL] Completed: index.sql:chunk1, Duration: 4571ms, PromptTokens: 3136, CompletionTokens: 304, Cost: $0.00044
2025-12-12 12:52:26,888 - Knowledge - INFO - done ingest for /app/data/T0002/186205/b6634e0/SQLPage-186205/examples/official-site/examples/multistep-form/index.sql
2025-12-12 12:52:26,974 - Knowledge - INFO - process ingested knowledge for /app/data/T0002/186205/b6634e0/SQLPage-186205/src/webserver/http_client.rs
2025-12-12 12:52:26,975 - Knowledge - INFO - process ingested knowledge for /app/data/T0002/186205/b6634e0/SQLPage-186205/src/dynamic_component.rs
2025-12-12 12:52:26,976 - Knowledge - INFO - process ingested knowledge for /app/data/T0002/186205/b6634e0/SQLPage-186205/Cargo.toml
2025-12-12 12:52:26,976 - Knowledge - INFO - process ingested knowledge for /app/data/T0002/186205/b6634e0/SQLPage-186205/examples/official-site/sqlpage/migrations/52_foldable.sql
2025-12-12 12:52:26,977 - Knowledge - INFO - process ingested knowledge for /app/data/T0002/186205/b6634e0/SQLPage-186205/examples/official-site/sqlpage/migrations/72_set_variable.sql
2025-12-12 12:52:26,977 - Knowledge - INFO - [WEBSOCKET] Sent: Type=progress_update, Size: 273, Duration: 0ms
2025-12-12 12:52:26,979 - Knowledge - INFO - [WEBSOCKET] Sent: Type=unknown, Size: ?, Duration: 1ms
2025-12-12 12:52:26,979 - Knowledge - INFO - Progress: 94.3% | Files: 578/611 | Rate: 3.49 files/sec | Queue: 0
2025-12-12 12:52:27,083 - Knowledge - INFO - process ingested knowledge for /app/data/T0002/186205/b6634e0/SQLPage-186205/src/webserver/database/migrations.rs
2025-12-12 12:52:27,085 - Knowledge - INFO - process ingested knowledge for /app/data/T0002/186205/b6634e0/SQLPage-186205/src/default_404.sql
2025-12-12 12:52:27,085 - Knowledge - INFO - process ingested knowledge for /app/data/T0002/186205/b6634e0/SQLPage-186205/LICENSE.txt
2025-12-12 12:52:27,087 - Knowledge - INFO - process ingested knowledge for /app/data/T0002/186205/b6634e0/SQLPage-186205/examples/official-site/sqlpage/migrations/26_v0.17_release.sql
2025-12-12 12:52:27,088 - Knowledge - INFO - process ingested knowledge for /app/data/T0002/186205/b6634e0/SQLPage-186205/examples/official-site/sqlpage/migrations/48_status_code.sql
2025-12-12 12:52:27,280 - Knowledge - INFO - process ingested knowledge for /app/data/T0002/186205/b6634e0/SQLPage-186205/examples/official-site/robots.txt
2025-12-12 12:52:27,280 - Knowledge - INFO - process ingested knowledge for /app/data/T0002/186205/b6634e0/SQLPage-186205/examples/official-site/sqlpage/migrations/66_log_component.sql
2025-12-12 12:52:27,281 - Knowledge - INFO - process ingested knowledge for /app/data/T0002/186205/b6634e0/SQLPage-186205/examples/official-site/sqlpage/migrations/59_unsafe_contents_md.sql
2025-12-12 12:52:27,282 - Knowledge - INFO - process ingested knowledge for /app/data/T0002/186205/b6634e0/SQLPage-186205/src/webserver/database/error_highlighting.rs
2025-12-12 12:52:27,369 - Knowledge - INFO - process ingested knowledge for /app/data/T0002/186205/b6634e0/SQLPage-186205/examples/official-site/sqlpage/migrations/55_request_body.sql
2025-12-12 12:52:27,371 - Knowledge - INFO - process ingested knowledge for /app/data/T0002/186205/b6634e0/SQLPage-186205/examples/official-site/sqlpage/migrations/41_blog_performance.sql
2025-12-12 12:52:27,460 - Knowledge - INFO - process ingested knowledge for /app/data/T0002/186205/b6634e0/SQLPage-186205/src/index.sql
2025-12-12 12:52:27,545 - Knowledge - INFO - process ingested knowledge for /app/data/T0002/186205/b6634e0/SQLPage-186205/AGENTS.md
2025-12-12 12:52:27,546 - Knowledge - INFO - process ingested knowledge for /app/data/T0002/186205/b6634e0/SQLPage-186205/examples/official-site/sqlpage/migrations/35_code_title.sql
2025-12-12 12:52:27,714 - Knowledge - INFO - process ingested knowledge for /app/data/T0002/186205/b6634e0/SQLPage-186205/examples/official-site/functions.sql
2025-12-12 12:52:27,715 - Knowledge - INFO - Processing batch of 10 files
2025-12-12 12:52:27,715 - Knowledge - INFO - process ingested knowledge for /app/data/T0002/186205/b6634e0/SQLPage-186205/examples/official-site/sqlpage/migrations/03_alert_component.sql
2025-12-12 12:52:27,717 - Knowledge - INFO - process ingested knowledge for /app/data/T0002/186205/b6634e0/SQLPage-186205/examples/official-site/sqlpage/migrations/99_shared_id_class_attributes.sql
2025-12-12 12:52:27,718 - Knowledge - INFO - process ingested knowledge for /app/data/T0002/186205/b6634e0/SQLPage-186205/examples/official-site/sqlpage/migrations/23_uploaded_file_functions.sql
2025-12-12 12:52:27,719 - Knowledge - INFO - process ingested knowledge for /app/data/T0002/186205/b6634e0/SQLPage-186205/examples/official-site/examples/index.sql
2025-12-12 12:52:27,798 - Knowledge - INFO - process ingested knowledge for /app/data/T0002/186205/b6634e0/SQLPage-186205/examples/official-site/sqlpage/migrations/43_request_method.sql
2025-12-12 12:52:27,799 - Knowledge - INFO - process ingested knowledge for /app/data/T0002/186205/b6634e0/SQLPage-186205/src/file_cache.rs
2025-12-12 12:52:27,801 - Knowledge - INFO - process ingested knowledge for /app/data/T0002/186205/b6634e0/SQLPage-186205/examples/official-site/examples/authentication/logout.sql
2025-12-12 12:52:27,802 - Knowledge - INFO - process ingested knowledge for /app/data/T0002/186205/b6634e0/SQLPage-186205/db-test-setup/mssql/entrypoint.sh
2025-12-12 12:52:27,880 - Knowledge - INFO - process ingested knowledge for /app/data/T0002/186205/b6634e0/SQLPage-186205/examples/official-site/sqlpage/migrations/53_blog_pgconf2024.sql
2025-12-12 12:52:27,882 - Knowledge - INFO - process ingested knowledge for /app/data/T0002/186205/b6634e0/SQLPage-186205/examples/official-site/sqlpage/migrations/50_blog_json.sql
2025-12-12 12:52:27,974 - Knowledge - INFO - process ingested knowledge for /app/data/T0002/186205/b6634e0/SQLPage-186205/src/webserver/database/sql_to_json.rs
2025-12-12 12:52:28,055 - Knowledge - INFO - process ingested knowledge for /app/data/T0002/186205/b6634e0/SQLPage-186205/examples/official-site/sqlpage/migrations/62_example_cards.sql
2025-12-12 12:52:28,057 - Knowledge - INFO - process ingested knowledge for /app/data/T0002/186205/b6634e0/SQLPage-186205/src/app_config.rs
2025-12-12 12:52:28,204 - Knowledge - INFO - process ingested knowledge for /app/data/T0002/186205/b6634e0/SQLPage-186205/examples/official-site/examples/handle_enctype.sql
2025-12-12 12:52:28,205 - Knowledge - INFO - process ingested knowledge for /app/data/T0002/186205/b6634e0/SQLPage-186205/examples/official-site/sqlpage/migrations/63_modal.sql
2025-12-12 12:52:28,206 - Knowledge - INFO - process ingested knowledge for /app/data/T0002/186205/b6634e0/SQLPage-186205/examples/official-site/sqlpage/migrations/02_hero_component.sql
2025-12-12 12:52:28,296 - Knowledge - INFO - process ingested knowledge for /app/data/T0002/186205/b6634e0/SQLPage-186205/db-test-setup/mssql/setup.sql
2025-12-12 12:52:28,298 - Knowledge - INFO - process ingested knowledge for /app/data/T0002/186205/b6634e0/SQLPage-186205/src/webserver/request_variables.rs
2025-12-12 12:52:28,423 - Knowledge - INFO - process ingested knowledge for /app/data/T0002/186205/b6634e0/SQLPage-186205/examples/official-site/examples/csv_download.sql
2025-12-12 12:52:28,516 - Knowledge - INFO - process ingested knowledge for /app/data/T0002/186205/b6634e0/SQLPage-186205/src/webserver/database/syntax_tree.rs
2025-12-12 12:52:28,609 - Knowledge - INFO - process ingested knowledge for /app/data/T0002/186205/b6634e0/SQLPage-186205/examples/official-site/sqlpage/migrations/39_persist_uploaded_file.sql
2025-12-12 12:52:28,712 - Knowledge - INFO - process ingested knowledge for /app/data/T0002/186205/b6634e0/SQLPage-186205/db-test-setup/postgres/ssl/README.md
2025-12-12 12:52:28,809 - Knowledge - INFO - process ingested knowledge for /app/data/T0002/186205/b6634e0/SQLPage-186205/examples/official-site/examples/big_chart.sql
2025-12-12 12:52:28,885 - Knowledge - INFO - process ingested knowledge for /app/data/T0002/186205/b6634e0/SQLPage-186205/src/webserver/database/csv_import.rs
2025-12-12 12:52:28,974 - Knowledge - INFO - process ingested knowledge for /app/data/T0002/186205/b6634e0/SQLPage-186205/examples/official-site/sqlpage/migrations/37_rss.sql
2025-12-12 12:52:28,974 - Knowledge - INFO - process ingested knowledge for /app/data/T0002/186205/b6634e0/SQLPage-186205/src/webserver/content_security_policy.rs
2025-12-12 12:52:28,975 - Knowledge - INFO - process ingested knowledge for /app/data/T0002/186205/b6634e0/SQLPage-186205/docs/sqlpage for sqlite.md
2025-12-12 12:52:29,054 - Knowledge - INFO - process ingested knowledge for /app/data/T0002/186205/b6634e0/SQLPage-186205/examples/official-site/examples/handle_picture_upload.sql
2025-12-12 12:52:29,151 - Knowledge - INFO - process ingested knowledge for /app/data/T0002/186205/b6634e0/SQLPage-186205/src/webserver/database/sqlpage_functions/http_fetch_request.rs
2025-12-12 12:52:29,254 - Knowledge - INFO - process ingested knowledge for /app/data/T0002/186205/b6634e0/SQLPage-186205/examples/official-site/examples/authentication/index.sql
2025-12-12 12:52:29,366 - Knowledge - INFO - process ingested knowledge for /app/data/T0002/186205/b6634e0/SQLPage-186205/examples/official-site/sqlpage/migrations/14_sorry_i_forked.sql
2025-12-12 12:52:29,369 - Knowledge - INFO - process ingested knowledge for /app/data/T0002/186205/b6634e0/SQLPage-186205/docs/introducing-sqlpage-to-the-postgres-community.md
2025-12-12 12:52:29,370 - Knowledge - INFO - Processing batch of 10 files
2025-12-12 12:52:29,371 - Knowledge - INFO - process ingested knowledge for /app/data/T0002/186205/b6634e0/SQLPage-186205/src/webserver/database/sqlpage_functions/functions.rs
2025-12-12 12:52:29,371 - Knowledge - INFO - Processing batch of 10 files
2025-12-12 12:52:29,372 - Knowledge - INFO - process ingested knowledge for /app/data/T0002/186205/b6634e0/SQLPage-186205/examples/todo application (PostgreSQL)/todo_form.sql
2025-12-12 12:52:29,373 - Knowledge - INFO - process ingested knowledge for /app/data/T0002/186205/b6634e0/SQLPage-186205/examples/official-site/examples/authentication/create_session_token.sql
2025-12-12 12:52:29,458 - Knowledge - INFO - process ingested knowledge for /app/data/T0002/186205/b6634e0/SQLPage-186205/examples/official-site/sqlpage/migrations/21_path.sql
2025-12-12 12:52:29,459 - Knowledge - INFO - process ingested knowledge for /app/data/T0002/186205/b6634e0/SQLPage-186205/examples/official-site/sqlpage/migrations/61_oidc_functions.sql
2025-12-12 12:52:29,531 - Knowledge - INFO - Processing batch of 10 files
2025-12-12 12:52:29,532 - Knowledge - INFO - process ingested knowledge for /app/data/T0002/186205/b6634e0/SQLPage-186205/examples/todo application (PostgreSQL)/batch.sql
2025-12-12 12:52:29,617 - Knowledge - INFO - process ingested knowledge for /app/data/T0002/186205/b6634e0/SQLPage-186205/src/webserver/database/sqlpage_functions/function_definition_macro.rs
2025-12-12 12:52:29,618 - Knowledge - INFO - process ingested knowledge for /app/data/T0002/186205/b6634e0/SQLPage-186205/examples/forms with a variable number of fields/new_product_insert.sql
2025-12-12 12:52:29,775 - Knowledge - INFO - process ingested knowledge for /app/data/T0002/186205/b6634e0/SQLPage-186205/examples/official-site/examples/handle_csv_upload.sql
2025-12-12 12:52:29,924 - Knowledge - INFO - process ingested knowledge for /app/data/T0002/186205/b6634e0/SQLPage-186205/examples/forms with a variable number of fields/index.sql
2025-12-12 12:52:30,073 - Knowledge - INFO - process ingested knowledge for /app/data/T0002/186205/b6634e0/SQLPage-186205/examples/official-site/sqlpage/migrations/40_fetch.sql
2025-12-12 12:52:30,075 - Knowledge - INFO - process ingested knowledge for /app/data/T0002/186205/b6634e0/SQLPage-186205/examples/official-site/examples/menu_icon.sql
2025-12-12 12:52:30,076 - Knowledge - INFO - process ingested knowledge for /app/data/T0002/186205/b6634e0/SQLPage-186205/examples/official-site/examples/authentication/login.sql
2025-12-12 12:52:30,076 - Knowledge - INFO - process ingested knowledge for /app/data/T0002/186205/b6634e0/SQLPage-186205/src/webserver/database/sqlpage_functions/url_parameters.rs
2025-12-12 12:52:30,154 - Knowledge - INFO - process ingested knowledge for /app/data/T0002/186205/b6634e0/SQLPage-186205/examples/forms with a variable number of fields/order_insert.sql
2025-12-12 12:52:30,434 - Knowledge - INFO - process ingested knowledge for /app/data/T0002/186205/b6634e0/SQLPage-186205/examples/official-site/examples/authentication/basic_auth.sql
2025-12-12 12:52:30,435 - Knowledge - INFO - process ingested knowledge for /app/data/T0002/186205/b6634e0/SQLPage-186205/examples/todo application (PostgreSQL)/shell.sql
2025-12-12 12:52:30,435 - Knowledge - INFO - process ingested knowledge for /app/data/T0002/186205/b6634e0/SQLPage-186205/examples/official-site/examples/show_variables.sql
2025-12-12 12:52:30,575 - Knowledge - INFO - process ingested knowledge for /app/data/T0002/186205/b6634e0/SQLPage-186205/examples/forms with a variable number of fields/order_form.sql
2025-12-12 12:52:30,829 - Knowledge - INFO - process ingested knowledge for /app/data/T0002/186205/b6634e0/SQLPage-186205/examples/official-site/examples/layouts.sql
2025-12-12 12:52:30,831 - Knowledge - INFO - process ingested knowledge for /app/data/T0002/186205/b6634e0/SQLPage-186205/src/webserver/database/sqlpage_functions/mod.rs
2025-12-12 12:52:31,235 - Knowledge - INFO - [WEBSOCKET] Sent: Type=progress_update, Size: 274, Duration: 0ms
2025-12-12 12:52:31,236 - Knowledge - INFO - [WEBSOCKET] Sent: Type=unknown, Size: ?, Duration: 1ms
2025-12-12 12:52:31,236 - Knowledge - INFO - Progress: 99.3% | Files: 607/611 | Rate: 3.60 files/sec | Queue: 0
2025-12-12 12:52:31,237 - Knowledge - INFO - process ingested knowledge for /app/data/T0002/186205/b6634e0/SQLPage-186205/examples/official-site/examples/chart.sql
2025-12-12 12:52:31,322 - Knowledge - INFO - process ingested knowledge for /app/data/T0002/186205/b6634e0/SQLPage-186205/examples/official-site/examples/from_component_options_source.sql
2025-12-12 12:52:31,322 - Knowledge - INFO - process ingested knowledge for /app/data/T0002/186205/b6634e0/SQLPage-186205/src/webserver/database/sqlpage_functions/function_traits.rs
2025-12-12 12:52:31,649 - Knowledge - INFO - process ingested knowledge for /app/data/T0002/186205/b6634e0/SQLPage-186205/examples/official-site/examples/multistep-form/index.sql
2025-12-12 12:52:31,650 - Knowledge - INFO - process ingested knowledge for /app/data/T0002/186205/b6634e0/SQLPage-186205/examples/forms with a variable number of fields/orders.sql
2025-12-12 12:52:31,755 - Knowledge - INFO - process ingested knowledge for /app/data/T0002/186205/b6634e0/SQLPage-186205/src/webserver/database/connect.rs
2025-12-12 12:52:31,843 - Knowledge - INFO - process ingested knowledge for /app/data/T0002/186205/b6634e0/SQLPage-186205/examples/todo application (PostgreSQL)/index.sql
2025-12-12 12:52:32,036 - Knowledge - INFO - process ingested knowledge for /app/data/T0002/186205/b6634e0/SQLPage-186205/examples/forms with a variable number of fields/sqlpage/migrations/0000_schema.sql
2025-12-12 12:52:32,191 - Knowledge - INFO - process ingested knowledge for /app/data/T0002/186205/b6634e0/SQLPage-186205/examples/todo application (PostgreSQL)/delete.sql
2025-12-12 12:52:32,646 - Knowledge - INFO - process ingested knowledge for /app/data/T0002/186205/b6634e0/SQLPage-186205/examples/todo application (PostgreSQL)/timeline.sql
2025-12-12 12:52:32,744 - Knowledge - INFO - process ingested knowledge for /app/data/T0002/186205/b6634e0/SQLPage-186205/examples/official-site/examples/multistep-form/result.sql
2025-12-12 12:52:33,097 - Knowledge - INFO - process ingested knowledge for /app/data/T0002/186205/b6634e0/SQLPage-186205/src/webserver/database/mod.rs
2025-12-12 12:52:33,394 - Knowledge - INFO - process ingested knowledge for /app/data/T0002/186205/b6634e0/SQLPage-186205/examples/forms with a variable number of fields/sqlpage/migrations/0001_initial_products.sql
2025-12-12 12:52:33,478 - Knowledge - INFO - process ingested knowledge for /app/data/T0002/186205/b6634e0/SQLPage-186205/examples/official-site/examples/tabs.sql
2025-12-12 12:52:33,785 - Knowledge - INFO - process ingested knowledge for /app/data/T0002/186205/b6634e0/SQLPage-186205/examples/official-site/examples/hash_password.sql
2025-12-12 12:52:34,096 - Knowledge - INFO - process ingested knowledge for /app/data/T0002/186205/b6634e0/SQLPage-186205/examples/official-site/examples/form.sql
2025-12-12 12:52:34,530 - Knowledge - INFO - process ingested knowledge for /app/data/T0002/186205/b6634e0/SQLPage-186205/examples/todo application (PostgreSQL)/sqlpage/migrations/0000_init.sql
2025-12-12 12:52:34,915 - Knowledge - INFO - process ingested knowledge for /app/data/T0002/186205/b6634e0/SQLPage-186205/examples/forms with a variable number of fields/README.md
2025-12-12 12:52:35,463 - Knowledge - INFO - process ingested knowledge for /app/data/T0002/186205/b6634e0/SQLPage-186205/examples/todo application (PostgreSQL)/sqlpage/migrations/README.md
2025-12-12 12:52:35,637 - Knowledge - INFO - process ingested knowledge for /app/data/T0002/186205/b6634e0/SQLPage-186205/examples/official-site/examples/dynamic_shell.sql
2025-12-12 12:52:36,197 - Knowledge - INFO - process ingested knowledge for /app/data/T0002/186205/b6634e0/SQLPage-186205/examples/official-site/examples/tabs/index.sql
2025-12-12 12:52:36,322 - Knowledge - INFO - process ingested knowledge for /app/data/T0002/186205/b6634e0/SQLPage-186205/examples/forms with a variable number of fields/new_product_form.sql
2025-12-12 12:52:36,322 - Knowledge - INFO - process ingested knowledge for /app/data/T0002/186205/b6634e0/SQLPage-186205/examples/todo application (PostgreSQL)/sqlpage/templates/README.md
2025-12-12 12:52:36,678 - Knowledge - INFO - process ingested knowledge for /app/data/T0002/186205/b6634e0/SQLPage-186205/examples/todo application (PostgreSQL)/README.md
2025-12-12 12:52:37,070 - Knowledge - INFO - process ingested knowledge for /app/data/T0002/186205/b6634e0/SQLPage-186205/examples/todo application (PostgreSQL)/docker-compose.yml
2025-12-12 12:52:41,713 - Knowledge - INFO - Knowledge creation complete
2025-12-12 12:52:41,714 - Knowledge - INFO - ==================================================
2025-12-12 12:52:41,714 - Knowledge - INFO - KNOWLEDGE GRAPH GENERATION PERFORMANCE SUMMARY
2025-12-12 12:52:41,714 - Knowledge - INFO - ==================================================
2025-12-12 12:52:41,715 - Knowledge - INFO - Total processing time: 180.44 seconds (3.01 minutes)
2025-12-12 12:52:41,715 - Knowledge - INFO - Files processed: 0
2025-12-12 12:52:41,716 - Knowledge - INFO - Processing rate: 0.00 files/second
2025-12-12 12:52:41,716 - Knowledge - INFO - 
[TIME_BREAKDOWN]
2025-12-12 12:52:41,716 - Knowledge - INFO - File Reading: 0.00s (0.0%)
2025-12-12 12:52:41,716 - Knowledge - INFO - LLM Processing: 2350.21s (1302.5%)
2025-12-12 12:52:41,717 - Knowledge - INFO - MongoDB Operations: 0.00s (0.0%)
2025-12-12 12:52:41,717 - Knowledge - INFO - Redis Operations: 0.00s (0.0%)
2025-12-12 12:52:41,718 - Knowledge - INFO - WebSocket Communication: 0.57s (0.3%)
2025-12-12 12:52:41,718 - Knowledge - INFO - 
[LLM_STATS]
2025-12-12 12:52:41,718 - Knowledge - INFO - Total LLM calls: 100
2025-12-12 12:52:41,718 - Knowledge - INFO - Average LLM response time: 23502ms
2025-12-12 12:52:41,718 - Knowledge - INFO - Average prompt tokens: 5374.1
2025-12-12 12:52:41,718 - Knowledge - INFO - Average completion tokens: 376.3
2025-12-12 12:52:41,719 - Knowledge - INFO - Total prompt tokens: 537414
2025-12-12 12:52:41,720 - Knowledge - INFO - Total completion tokens: 37627
2025-12-12 12:52:41,720 - Knowledge - INFO - Total LLM cost: $0.0688
2025-12-12 12:52:41,720 - Knowledge - INFO - 
[DATABASE_STATS]
2025-12-12 12:52:41,721 - Knowledge - INFO - MongoDB operations: 0
2025-12-12 12:52:41,721 - Knowledge - INFO - Redis operations: 0
2025-12-12 12:52:41,721 - Knowledge - INFO - 
[COMMUNICATION_STATS]
2025-12-12 12:52:41,721 - Knowledge - INFO - WebSocket messages sent: 29
2025-12-12 12:52:41,722 - Knowledge - INFO - Average message size: 142.8 bytes
2025-12-12 12:52:41,722 - Knowledge - INFO - 
[WORKER_STATS]
2025-12-12 12:52:41,722 - Knowledge - INFO - 
[FILE_TYPE_STATS]
2025-12-12 12:52:41,723 - Knowledge - INFO - 
[SLOWEST_FILES]
2025-12-12 12:52:41,723 - Knowledge - INFO - ==================================================
2025-12-12 12:52:41,723 - Knowledge - INFO - ==================================================
2025-12-12 12:52:41,724 - Knowledge - INFO - KNOWLEDGE GRAPH GENERATION PERFORMANCE SUMMARY
2025-12-12 12:52:41,724 - Knowledge - INFO - ==================================================
2025-12-12 12:52:41,724 - Knowledge - INFO - Total processing time: 180.53 seconds (3.01 minutes)
2025-12-12 12:52:41,725 - Knowledge - INFO - Files processed: 607 of 611
2025-12-12 12:52:41,725 - Knowledge - INFO - Processing rate: 3.36 files/second
2025-12-12 12:52:41,725 - Knowledge - INFO - WebSocket messages sent: 14
2025-12-12 12:52:41,726 - Knowledge - INFO - MongoDB operations: 607
2025-12-12 12:52:41,726 - Knowledge - INFO - Average MongoDB ops per file: 1.00
2025-12-12 12:52:41,726 - Knowledge - INFO - LLM costs: $0.0693
2025-12-12 12:52:41,727 - Knowledge - INFO - Prompt tokens: 541924
2025-12-12 12:52:41,727 - Knowledge - INFO - Completion tokens: 37893
2025-12-12 12:52:41,728 - Knowledge - INFO - Updating org costs, total cost: 0.06934959999999998
2025-12-12 12:52:42,830 - Knowledge - INFO - [WEBSOCKET] Sent: Type=progress_update, Size: 268, Duration: 0ms
2025-12-12 12:52:42,832 - Knowledge - INFO - Saving knowledge to Redis...
2025-12-12 12:52:43,085 - Knowledge - INFO - Knowledge saved to Redis successfully
